solid 
facet normal -0.948576 0.18868348 -0.25416973
 outer loop
  vertex -0.65 0 2.1179689e-07
  vertex -0.6005217 0.24874417 1.9567482e-07
  vertex -0.58195525 0.2410537 -0.07499982
 endloop
endfacet
facet normal -0.94857585 0.18868336 -0.25417006
 outer loop
  vertex -0.65 0 2.1179689e-07
  vertex -0.58195525 0.2410537 -0.07499982
  vertex -0.6299038 0 -0.074999794
 endloop
endfacet
facet normal -0.7002151 0.1392813 -0.700214
 outer loop
  vertex -0.6299038 0 -0.074999794
  vertex -0.58195525 0.2410537 -0.07499982
  vertex -0.5312308 0.22004293 -0.12990364
 endloop
endfacet
facet normal -0.70021504 0.13928133 -0.70021385
 outer loop
  vertex -0.6299038 0 -0.074999794
  vertex -0.5312308 0.22004293 -0.12990364
  vertex -0.57500005 0 -0.12990363
 endloop
endfacet
facet normal -0.25847706 0.051414195 -0.9646482
 outer loop
  vertex -0.57500005 0 -0.12990363
  vertex -0.5312308 0.22004293 -0.12990364
  vertex -0.46193984 0.19134168 -0.14999986
 endloop
endfacet
facet normal -0.25847706 0.0514142 -0.9646482
 outer loop
  vertex -0.57500005 0 -0.12990363
  vertex -0.46193984 0.19134168 -0.14999986
  vertex -0.50000006 0 -0.14999984
 endloop
endfacet
facet normal 0.25847638 -0.05141421 -0.9646485
 outer loop
  vertex -0.50000006 0 -0.14999984
  vertex -0.46193984 0.19134168 -0.14999986
  vertex -0.39264885 0.16264044 -0.12990369
 endloop
endfacet
facet normal 0.25847626 -0.051414125 -0.9646484
 outer loop
  vertex -0.50000006 0 -0.14999984
  vertex -0.39264885 0.16264044 -0.12990369
  vertex -0.42500004 0 -0.12990369
 endloop
endfacet
facet normal 0.70021427 -0.13928127 -0.7002148
 outer loop
  vertex -0.42500004 0 -0.12990369
  vertex -0.39264885 0.16264044 -0.12990369
  vertex -0.3419243 0.14162965 -0.07499989
 endloop
endfacet
facet normal 0.7002143 -0.13928136 -0.7002147
 outer loop
  vertex -0.42500004 0 -0.12990369
  vertex -0.3419243 0.14162965 -0.07499989
  vertex -0.3700962 0 -0.074999884
 endloop
endfacet
facet normal 0.94857585 -0.18868355 -0.25417015
 outer loop
  vertex -0.3700962 0 -0.074999884
  vertex -0.3419243 0.14162965 -0.07499989
  vertex -0.32335785 0.13393918 1.0536336e-07
 endloop
endfacet
facet normal 0.9485758 -0.18868339 -0.25417045
 outer loop
  vertex -0.3700962 0 -0.074999884
  vertex -0.32335785 0.13393918 1.0536336e-07
  vertex -0.35 0 1.14044475e-07
 endloop
endfacet
facet normal 0.94857603 -0.18868336 0.2541694
 outer loop
  vertex -0.35 0 1.14044475e-07
  vertex -0.32335785 0.13393918 1.0536336e-07
  vertex -0.34192425 0.14162965 0.075000115
 endloop
endfacet
facet normal 0.9485759 -0.18868354 0.25416967
 outer loop
  vertex -0.35 0 1.14044475e-07
  vertex -0.34192425 0.14162965 0.075000115
  vertex -0.37009615 0 0.07500012
 endloop
endfacet
facet normal 0.7002147 -0.13928138 0.70021427
 outer loop
  vertex -0.37009615 0 0.07500012
  vertex -0.34192425 0.14162965 0.075000115
  vertex -0.39264876 0.16264042 0.12990396
 endloop
endfacet
facet normal 0.7002147 -0.13928138 0.7002143
 outer loop
  vertex -0.37009615 0 0.07500012
  vertex -0.39264876 0.16264042 0.12990396
  vertex -0.42499995 0 0.12990396
 endloop
endfacet
facet normal 0.25847682 -0.051414244 0.96464825
 outer loop
  vertex -0.42499995 0 0.12990396
  vertex -0.39264876 0.16264042 0.12990396
  vertex -0.46193972 0.19134168 0.15000015
 endloop
endfacet
facet normal 0.25847703 -0.051414195 0.9646482
 outer loop
  vertex -0.42499995 0 0.12990396
  vertex -0.46193972 0.19134168 0.15000015
  vertex -0.49999994 0 0.15000017
 endloop
endfacet
facet normal -0.2584763 0.05141419 0.9646484
 outer loop
  vertex -0.49999994 0 0.15000017
  vertex -0.46193972 0.19134168 0.15000015
  vertex -0.5312307 0.22004293 0.129904
 endloop
endfacet
facet normal -0.25847632 0.051414177 0.9646484
 outer loop
  vertex -0.49999994 0 0.15000017
  vertex -0.5312307 0.22004293 0.129904
  vertex -0.5749999 0 0.12990402
 endloop
endfacet
facet normal -0.70021415 0.13928124 0.7002148
 outer loop
  vertex -0.5749999 0 0.12990402
  vertex -0.5312307 0.22004293 0.129904
  vertex -0.58195525 0.2410537 0.07500019
 endloop
endfacet
facet normal -0.70021415 0.13928126 0.7002149
 outer loop
  vertex -0.5749999 0 0.12990402
  vertex -0.58195525 0.2410537 0.07500019
  vertex -0.6299038 0 0.07500021
 endloop
endfacet
facet normal -0.9485759 0.18868344 0.2541698
 outer loop
  vertex -0.6299038 0 0.07500021
  vertex -0.58195525 0.2410537 0.07500019
  vertex -0.6005217 0.24874417 1.9567482e-07
 endloop
endfacet
facet normal -0.94857585 0.18868348 0.25417006
 outer loop
  vertex -0.6299038 0 0.07500021
  vertex -0.6005217 0.24874417 1.9567482e-07
  vertex -0.65 0 2.1179689e-07
 endloop
endfacet
facet normal -0.8041639 0.537325 -0.2541697
 outer loop
  vertex -0.6005217 0.24874417 1.9567482e-07
  vertex -0.45961934 0.45961943 1.49763e-07
  vertex -0.44540924 0.44540927 -0.07499986
 endloop
endfacet
facet normal -0.8041639 0.537325 -0.25416982
 outer loop
  vertex -0.6005217 0.24874417 1.9567482e-07
  vertex -0.44540924 0.44540927 -0.07499986
  vertex -0.58195525 0.2410537 -0.07499982
 endloop
endfacet
facet normal -0.5936134 0.3966396 -0.7002144
 outer loop
  vertex -0.58195525 0.2410537 -0.07499982
  vertex -0.44540924 0.44540927 -0.07499986
  vertex -0.40658638 0.4065864 -0.12990369
 endloop
endfacet
facet normal -0.59361356 0.3966399 -0.700214
 outer loop
  vertex -0.58195525 0.2410537 -0.07499982
  vertex -0.40658638 0.4065864 -0.12990369
  vertex -0.5312308 0.22004293 -0.12990364
 endloop
endfacet
facet normal -0.2191263 0.14641535 -0.9646482
 outer loop
  vertex -0.5312308 0.22004293 -0.12990364
  vertex -0.40658638 0.4065864 -0.12990369
  vertex -0.3535534 0.3535534 -0.14999989
 endloop
endfacet
facet normal -0.21912631 0.14641537 -0.96464825
 outer loop
  vertex -0.5312308 0.22004293 -0.12990364
  vertex -0.3535534 0.3535534 -0.14999989
  vertex -0.46193984 0.19134168 -0.14999986
 endloop
endfacet
facet normal 0.21912566 -0.14641528 -0.9646484
 outer loop
  vertex -0.46193984 0.19134168 -0.14999986
  vertex -0.3535534 0.3535534 -0.14999989
  vertex -0.3005204 0.30052042 -0.12990372
 endloop
endfacet
facet normal 0.21912566 -0.1464153 -0.96464837
 outer loop
  vertex -0.46193984 0.19134168 -0.14999986
  vertex -0.3005204 0.30052042 -0.12990372
  vertex -0.39264885 0.16264044 -0.12990369
 endloop
endfacet
facet normal 0.59361297 -0.39663962 -0.70021474
 outer loop
  vertex -0.39264885 0.16264044 -0.12990369
  vertex -0.3005204 0.30052042 -0.12990372
  vertex -0.26169753 0.26169753 -0.07499992
 endloop
endfacet
facet normal 0.5936129 -0.39663956 -0.7002147
 outer loop
  vertex -0.39264885 0.16264044 -0.12990369
  vertex -0.26169753 0.26169753 -0.07499992
  vertex -0.3419243 0.14162965 -0.07499989
 endloop
endfacet
facet normal 0.8041637 -0.53732497 -0.25417036
 outer loop
  vertex -0.3419243 0.14162965 -0.07499989
  vertex -0.26169753 0.26169753 -0.07499992
  vertex -0.24748735 0.24748738 8.064162e-08
 endloop
endfacet
facet normal 0.8041637 -0.53732514 -0.25417003
 outer loop
  vertex -0.3419243 0.14162965 -0.07499989
  vertex -0.24748735 0.24748738 8.064162e-08
  vertex -0.32335785 0.13393918 1.0536336e-07
 endloop
endfacet
facet normal 0.80416375 -0.5373251 0.25416976
 outer loop
  vertex -0.32335785 0.13393918 1.0536336e-07
  vertex -0.24748735 0.24748738 8.064162e-08
  vertex -0.26169747 0.26169753 0.075000085
 endloop
endfacet
facet normal 0.804164 -0.5373251 0.25416946
 outer loop
  vertex -0.32335785 0.13393918 1.0536336e-07
  vertex -0.26169747 0.26169753 0.075000085
  vertex -0.34192425 0.14162965 0.075000115
 endloop
endfacet
facet normal 0.59361356 -0.39663967 0.7002141
 outer loop
  vertex -0.34192425 0.14162965 0.075000115
  vertex -0.26169747 0.26169753 0.075000085
  vertex -0.3005203 0.3005204 0.12990393
 endloop
endfacet
facet normal 0.59361345 -0.3966397 0.7002143
 outer loop
  vertex -0.34192425 0.14162965 0.075000115
  vertex -0.3005203 0.3005204 0.12990393
  vertex -0.39264876 0.16264042 0.12990396
 endloop
endfacet
facet normal 0.21912621 -0.14641525 0.9646483
 outer loop
  vertex -0.39264876 0.16264042 0.12990396
  vertex -0.3005203 0.3005204 0.12990393
  vertex -0.3535533 0.3535534 0.15000013
 endloop
endfacet
facet normal 0.21912612 -0.14641525 0.9646483
 outer loop
  vertex -0.39264876 0.16264042 0.12990396
  vertex -0.3535533 0.3535534 0.15000013
  vertex -0.46193972 0.19134168 0.15000015
 endloop
endfacet
facet normal -0.21912566 0.14641528 0.9646484
 outer loop
  vertex -0.46193972 0.19134168 0.15000015
  vertex -0.3535533 0.3535534 0.15000013
  vertex -0.40658632 0.4065864 0.12990396
 endloop
endfacet
facet normal -0.21912558 0.14641526 0.9646484
 outer loop
  vertex -0.46193972 0.19134168 0.15000015
  vertex -0.40658632 0.4065864 0.12990396
  vertex -0.5312307 0.22004293 0.129904
 endloop
endfacet
facet normal -0.5936131 0.39663976 0.70021456
 outer loop
  vertex -0.5312307 0.22004293 0.129904
  vertex -0.40658632 0.4065864 0.12990396
  vertex -0.44540918 0.44540927 0.075000145
 endloop
endfacet
facet normal -0.59361285 0.3966397 0.7002148
 outer loop
  vertex -0.5312307 0.22004293 0.129904
  vertex -0.44540918 0.44540927 0.075000145
  vertex -0.58195525 0.2410537 0.07500019
 endloop
endfacet
facet normal -0.80416363 0.53732526 0.2541704
 outer loop
  vertex -0.58195525 0.2410537 0.07500019
  vertex -0.44540918 0.44540927 0.075000145
  vertex -0.45961934 0.45961943 1.49763e-07
 endloop
endfacet
facet normal -0.8041638 0.5373251 0.25416985
 outer loop
  vertex -0.58195525 0.2410537 0.07500019
  vertex -0.45961934 0.45961943 1.49763e-07
  vertex -0.6005217 0.24874417 1.9567482e-07
 endloop
endfacet
facet normal -0.53732526 0.80416375 -0.25416958
 outer loop
  vertex -0.45961934 0.45961943 1.49763e-07
  vertex -0.24874437 0.6005216 8.1051205e-08
  vertex -0.24105392 0.5819552 -0.07499992
 endloop
endfacet
facet normal -0.5373253 0.80416363 -0.25416988
 outer loop
  vertex -0.45961934 0.45961943 1.49763e-07
  vertex -0.24105392 0.5819552 -0.07499992
  vertex -0.44540924 0.44540927 -0.07499986
 endloop
endfacet
facet normal -0.39664003 0.59361315 -0.7002143
 outer loop
  vertex -0.44540924 0.44540927 -0.07499986
  vertex -0.24105392 0.5819552 -0.07499992
  vertex -0.22004315 0.5312307 -0.12990375
 endloop
endfacet
facet normal -0.39664 0.593613 -0.7002144
 outer loop
  vertex -0.44540924 0.44540927 -0.07499986
  vertex -0.22004315 0.5312307 -0.12990375
  vertex -0.40658638 0.4065864 -0.12990369
 endloop
endfacet
facet normal -0.14641568 0.21912593 -0.9646483
 outer loop
  vertex -0.40658638 0.4065864 -0.12990369
  vertex -0.22004315 0.5312307 -0.12990375
  vertex -0.19134188 0.46193972 -0.14999995
 endloop
endfacet
facet normal -0.14641568 0.21912597 -0.9646483
 outer loop
  vertex -0.40658638 0.4065864 -0.12990369
  vertex -0.19134188 0.46193972 -0.14999995
  vertex -0.3535534 0.3535534 -0.14999989
 endloop
endfacet
facet normal 0.14641505 -0.21912608 -0.96464837
 outer loop
  vertex -0.3535534 0.3535534 -0.14999989
  vertex -0.19134188 0.46193972 -0.14999995
  vertex -0.1626406 0.3926488 -0.12990376
 endloop
endfacet
facet normal 0.14641502 -0.21912596 -0.96464837
 outer loop
  vertex -0.3535534 0.3535534 -0.14999989
  vertex -0.1626406 0.3926488 -0.12990376
  vertex -0.3005204 0.30052042 -0.12990372
 endloop
endfacet
facet normal 0.3966394 -0.59361297 -0.7002148
 outer loop
  vertex -0.3005204 0.30052042 -0.12990372
  vertex -0.1626406 0.3926488 -0.12990376
  vertex -0.14162979 0.34192425 -0.07499996
 endloop
endfacet
facet normal 0.3966394 -0.593613 -0.70021474
 outer loop
  vertex -0.3005204 0.30052042 -0.12990372
  vertex -0.14162979 0.34192425 -0.07499996
  vertex -0.26169753 0.26169753 -0.07499992
 endloop
endfacet
facet normal 0.5373251 -0.80416363 -0.25417033
 outer loop
  vertex -0.26169753 0.26169753 -0.07499992
  vertex -0.14162979 0.34192425 -0.07499996
  vertex -0.13393928 0.3233578 4.364296e-08
 endloop
endfacet
facet normal 0.537325 -0.8041637 -0.25417024
 outer loop
  vertex -0.26169753 0.26169753 -0.07499992
  vertex -0.13393928 0.3233578 4.364296e-08
  vertex -0.24748735 0.24748738 8.064162e-08
 endloop
endfacet
facet normal 0.53732514 -0.8041637 0.25416988
 outer loop
  vertex -0.24748735 0.24748738 8.064162e-08
  vertex -0.13393928 0.3233578 4.364296e-08
  vertex -0.14162973 0.34192425 0.07500005
 endloop
endfacet
facet normal 0.53732526 -0.80416375 0.25416982
 outer loop
  vertex -0.24748735 0.24748738 8.064162e-08
  vertex -0.14162973 0.34192425 0.07500005
  vertex -0.26169747 0.26169753 0.075000085
 endloop
endfacet
facet normal 0.39663997 -0.5936132 0.7002144
 outer loop
  vertex -0.26169747 0.26169753 0.075000085
  vertex -0.14162973 0.34192425 0.07500005
  vertex -0.16264051 0.39264876 0.12990388
 endloop
endfacet
facet normal 0.3966401 -0.59361327 0.7002142
 outer loop
  vertex -0.26169747 0.26169753 0.075000085
  vertex -0.16264051 0.39264876 0.12990388
  vertex -0.3005203 0.3005204 0.12990393
 endloop
endfacet
facet normal 0.14641555 -0.21912576 0.9646483
 outer loop
  vertex -0.3005203 0.3005204 0.12990393
  vertex -0.16264051 0.39264876 0.12990388
  vertex -0.19134179 0.46193972 0.15000007
 endloop
endfacet
facet normal 0.14641562 -0.21912584 0.9646483
 outer loop
  vertex -0.3005203 0.3005204 0.12990393
  vertex -0.19134179 0.46193972 0.15000007
  vertex -0.3535533 0.3535534 0.15000013
 endloop
endfacet
facet normal -0.14641492 0.21912585 0.9646484
 outer loop
  vertex -0.3535533 0.3535534 0.15000013
  vertex -0.19134179 0.46193972 0.15000007
  vertex -0.22004306 0.5312307 0.1299039
 endloop
endfacet
facet normal -0.14641505 0.21912596 0.9646484
 outer loop
  vertex -0.3535533 0.3535534 0.15000013
  vertex -0.22004306 0.5312307 0.1299039
  vertex -0.40658632 0.4065864 0.12990396
 endloop
endfacet
facet normal -0.39663962 0.59361315 0.70021456
 outer loop
  vertex -0.40658632 0.4065864 0.12990396
  vertex -0.22004306 0.5312307 0.1299039
  vertex -0.24105386 0.5819552 0.075000085
 endloop
endfacet
facet normal -0.39663965 0.59361315 0.7002145
 outer loop
  vertex -0.40658632 0.4065864 0.12990396
  vertex -0.24105386 0.5819552 0.075000085
  vertex -0.44540918 0.44540927 0.075000145
 endloop
endfacet
facet normal -0.53732526 0.8041637 0.25417
 outer loop
  vertex -0.44540918 0.44540927 0.075000145
  vertex -0.24105386 0.5819552 0.075000085
  vertex -0.24874437 0.6005216 8.1051205e-08
 endloop
endfacet
facet normal -0.537325 0.80416363 0.2541704
 outer loop
  vertex -0.44540918 0.44540927 0.075000145
  vertex -0.24874437 0.6005216 8.1051205e-08
  vertex -0.45961934 0.45961943 1.49763e-07
 endloop
endfacet
facet normal -0.18868364 0.9485758 -0.25416997
 outer loop
  vertex -0.24874437 0.6005216 8.1051205e-08
  vertex -4.9073634e-08 0.65 1.599022e-14
  vertex -7.199452e-08 0.6299038 -0.075
 endloop
endfacet
facet normal -0.18868358 0.94857585 -0.2541697
 outer loop
  vertex -0.24874437 0.6005216 8.1051205e-08
  vertex -7.199452e-08 0.6299038 -0.075
  vertex -0.24105392 0.5819552 -0.07499992
 endloop
endfacet
facet normal -0.1392816 0.7002146 -0.7002144
 outer loop
  vertex -0.24105392 0.5819552 -0.07499992
  vertex -7.199452e-08 0.6299038 -0.075
  vertex -8.573933e-08 0.575 -0.12990382
 endloop
endfacet
facet normal -0.13928162 0.70021456 -0.70021445
 outer loop
  vertex -0.24105392 0.5819552 -0.07499992
  vertex -8.573933e-08 0.575 -0.12990382
  vertex -0.22004315 0.5312307 -0.12990375
 endloop
endfacet
facet normal -0.051414553 0.2584767 -0.9646483
 outer loop
  vertex -0.22004315 0.5312307 -0.12990375
  vertex -8.573933e-08 0.575 -0.12990382
  vertex -8.662516e-08 0.5 -0.15
 endloop
endfacet
facet normal -0.051414553 0.25847667 -0.9646483
 outer loop
  vertex -0.22004315 0.5312307 -0.12990375
  vertex -8.662516e-08 0.5 -0.15
  vertex -0.19134188 0.46193972 -0.14999995
 endloop
endfacet
facet normal 0.05141395 -0.2584767 -0.96464837
 outer loop
  vertex -0.19134188 0.46193972 -0.14999995
  vertex -8.662516e-08 0.5 -0.15
  vertex -7.441465e-08 0.425 -0.12990382
 endloop
endfacet
facet normal 0.051413912 -0.25847685 -0.9646483
 outer loop
  vertex -0.19134188 0.46193972 -0.14999995
  vertex -7.441465e-08 0.425 -0.12990382
  vertex -0.1626406 0.3926488 -0.12990376
 endloop
endfacet
facet normal 0.13928111 -0.7002144 -0.7002147
 outer loop
  vertex -0.1626406 0.3926488 -0.12990376
  vertex -7.441465e-08 0.425 -0.12990382
  vertex -5.2379587e-08 0.37009618 -0.075
 endloop
endfacet
facet normal 0.13928117 -0.7002143 -0.70021474
 outer loop
  vertex -0.1626406 0.3926488 -0.12990376
  vertex -5.2379587e-08 0.37009618 -0.075
  vertex -0.14162979 0.34192425 -0.07499996
 endloop
endfacet
facet normal 0.18868354 -0.94857585 -0.25417012
 outer loop
  vertex -0.14162979 0.34192425 -0.07499996
  vertex -5.2379587e-08 0.37009618 -0.075
  vertex -2.6424265e-08 0.35 8.591749e-15
 endloop
endfacet
facet normal 0.18868361 -0.94857585 -0.25417024
 outer loop
  vertex -0.14162979 0.34192425 -0.07499996
  vertex -2.6424265e-08 0.35 8.591749e-15
  vertex -0.13393928 0.3233578 4.364296e-08
 endloop
endfacet
facet normal 0.18868376 -0.94857585 0.25416997
 outer loop
  vertex -0.13393928 0.3233578 4.364296e-08
  vertex -2.6424265e-08 0.35 8.591749e-15
  vertex -3.5033807e-09 0.37009618 0.075
 endloop
endfacet
facet normal 0.18868369 -0.9485758 0.25417006
 outer loop
  vertex -0.13393928 0.3233578 4.364296e-08
  vertex -3.5033807e-09 0.37009618 0.075
  vertex -0.14162973 0.34192425 0.07500005
 endloop
endfacet
facet normal 0.13928166 -0.70021456 0.7002143
 outer loop
  vertex -0.14162973 0.34192425 0.07500005
  vertex -3.5033807e-09 0.37009618 0.075
  vertex 1.0241433e-08 0.42499998 0.12990382
 endloop
endfacet
facet normal 0.13928166 -0.70021456 0.70021445
 outer loop
  vertex -0.14162973 0.34192425 0.07500005
  vertex 1.0241433e-08 0.42499998 0.12990382
  vertex -0.16264051 0.39264876 0.12990388
 endloop
endfacet
facet normal 0.05141457 -0.25847661 0.96464837
 outer loop
  vertex -0.16264051 0.39264876 0.12990388
  vertex 1.0241433e-08 0.42499998 0.12990382
  vertex 1.1127256e-08 0.5 0.15
 endloop
endfacet
facet normal 0.05141451 -0.2584765 0.96464837
 outer loop
  vertex -0.16264051 0.39264876 0.12990388
  vertex 1.1127256e-08 0.5 0.15
  vertex -0.19134179 0.46193972 0.15000007
 endloop
endfacet
facet normal -0.051413946 0.2584767 0.96464837
 outer loop
  vertex -0.19134179 0.46193972 0.15000007
  vertex 1.1127256e-08 0.5 0.15
  vertex -1.0832508e-09 0.575 0.12990382
 endloop
endfacet
facet normal -0.051413875 0.25847656 0.96464837
 outer loop
  vertex -0.19134179 0.46193972 0.15000007
  vertex -1.0832508e-09 0.575 0.12990382
  vertex -0.22004306 0.5312307 0.1299039
 endloop
endfacet
facet normal -0.13928114 0.70021456 0.7002144
 outer loop
  vertex -0.22004306 0.5312307 0.1299039
  vertex -1.0832508e-09 0.575 0.12990382
  vertex -2.3118313e-08 0.6299038 0.075
 endloop
endfacet
facet normal -0.13928112 0.70021456 0.7002145
 outer loop
  vertex -0.22004306 0.5312307 0.1299039
  vertex -2.3118313e-08 0.6299038 0.075
  vertex -0.24105386 0.5819552 0.075000085
 endloop
endfacet
facet normal -0.18868342 0.94857585 0.2541701
 outer loop
  vertex -0.24105386 0.5819552 0.075000085
  vertex -2.3118313e-08 0.6299038 0.075
  vertex -4.9073634e-08 0.65 1.599022e-14
 endloop
endfacet
facet normal -0.1886835 0.9485759 0.25416988
 outer loop
  vertex -0.24105386 0.5819552 0.075000085
  vertex -4.9073634e-08 0.65 1.599022e-14
  vertex -0.24874437 0.6005216 8.1051205e-08
 endloop
endfacet
facet normal 0.18868324 0.94857574 -0.25417054
 outer loop
  vertex -4.9073634e-08 0.65 1.599022e-14
  vertex 0.24874428 0.6005217 -8.1051176e-08
  vertex 0.24105377 0.5819552 -0.075000085
 endloop
endfacet
facet normal 0.18868342 0.94857585 -0.25417015
 outer loop
  vertex -4.9073634e-08 0.65 1.599022e-14
  vertex 0.24105377 0.5819552 -0.075000085
  vertex -7.199452e-08 0.6299038 -0.075
 endloop
endfacet
facet normal 0.13928111 0.70021456 -0.7002145
 outer loop
  vertex -7.199452e-08 0.6299038 -0.075
  vertex 0.24105377 0.5819552 -0.075000085
  vertex 0.22004297 0.5312307 -0.1299039
 endloop
endfacet
facet normal 0.13928114 0.7002145 -0.70021445
 outer loop
  vertex -7.199452e-08 0.6299038 -0.075
  vertex 0.22004297 0.5312307 -0.1299039
  vertex -8.573933e-08 0.575 -0.12990382
 endloop
endfacet
facet normal 0.051413897 0.2584767 -0.9646483
 outer loop
  vertex -8.573933e-08 0.575 -0.12990382
  vertex 0.22004297 0.5312307 -0.1299039
  vertex 0.19134171 0.46193975 -0.15000007
 endloop
endfacet
facet normal 0.051413905 0.25847667 -0.96464837
 outer loop
  vertex -8.573933e-08 0.575 -0.12990382
  vertex 0.19134171 0.46193975 -0.15000007
  vertex -8.662516e-08 0.5 -0.15
 endloop
endfacet
facet normal -0.05141448 -0.25847656 -0.96464837
 outer loop
  vertex -8.662516e-08 0.5 -0.15
  vertex 0.19134171 0.46193975 -0.15000007
  vertex 0.16264045 0.3926488 -0.12990388
 endloop
endfacet
facet normal -0.05141459 -0.2584767 -0.9646483
 outer loop
  vertex -8.662516e-08 0.5 -0.15
  vertex 0.16264045 0.3926488 -0.12990388
  vertex -7.441465e-08 0.425 -0.12990382
 endloop
endfacet
facet normal -0.13928166 -0.7002146 -0.7002143
 outer loop
  vertex -7.441465e-08 0.425 -0.12990382
  vertex 0.16264045 0.3926488 -0.12990388
  vertex 0.14162968 0.34192428 -0.07500005
 endloop
endfacet
facet normal -0.13928148 -0.7002144 -0.7002145
 outer loop
  vertex -7.441465e-08 0.425 -0.12990382
  vertex 0.14162968 0.34192428 -0.07500005
  vertex -5.2379587e-08 0.37009618 -0.075
 endloop
endfacet
facet normal -0.1886835 -0.94857585 -0.25417006
 outer loop
  vertex -5.2379587e-08 0.37009618 -0.075
  vertex 0.14162968 0.34192428 -0.07500005
  vertex 0.13393922 0.32335782 -4.3642938e-08
 endloop
endfacet
facet normal -0.18868355 -0.9485758 -0.25416997
 outer loop
  vertex -5.2379587e-08 0.37009618 -0.075
  vertex 0.13393922 0.32335782 -4.3642938e-08
  vertex -2.6424265e-08 0.35 8.591749e-15
 endloop
endfacet
facet normal -0.18868339 -0.94857585 0.25417024
 outer loop
  vertex -2.6424265e-08 0.35 8.591749e-15
  vertex 0.13393922 0.32335782 -4.3642938e-08
  vertex 0.14162974 0.34192428 0.07499996
 endloop
endfacet
facet normal -0.18868333 -0.94857585 0.2541701
 outer loop
  vertex -2.6424265e-08 0.35 8.591749e-15
  vertex 0.14162974 0.34192428 0.07499996
  vertex -3.5033807e-09 0.37009618 0.075
 endloop
endfacet
facet normal -0.13928106 -0.7002145 0.70021445
 outer loop
  vertex -3.5033807e-09 0.37009618 0.075
  vertex 0.14162974 0.34192428 0.07499996
  vertex 0.16264053 0.3926488 0.12990376
 endloop
endfacet
facet normal -0.13928103 -0.70021456 0.70021445
 outer loop
  vertex -3.5033807e-09 0.37009618 0.075
  vertex 0.16264053 0.3926488 0.12990376
  vertex 1.0241433e-08 0.42499998 0.12990382
 endloop
endfacet
facet normal -0.051413856 -0.2584768 0.9646483
 outer loop
  vertex 1.0241433e-08 0.42499998 0.12990382
  vertex 0.16264053 0.3926488 0.12990376
  vertex 0.1913418 0.46193975 0.14999995
 endloop
endfacet
facet normal -0.05141389 -0.2584766 0.96464837
 outer loop
  vertex 1.0241433e-08 0.42499998 0.12990382
  vertex 0.1913418 0.46193975 0.14999995
  vertex 1.1127256e-08 0.5 0.15
 endloop
endfacet
facet normal 0.051414534 0.25847682 0.96464825
 outer loop
  vertex 1.1127256e-08 0.5 0.15
  vertex 0.1913418 0.46193975 0.14999995
  vertex 0.22004306 0.5312307 0.12990375
 endloop
endfacet
facet normal 0.051414557 0.25847673 0.9646483
 outer loop
  vertex 1.1127256e-08 0.5 0.15
  vertex 0.22004306 0.5312307 0.12990375
  vertex -1.0832508e-09 0.575 0.12990382
 endloop
endfacet
facet normal 0.13928162 0.70021456 0.70021445
 outer loop
  vertex -1.0832508e-09 0.575 0.12990382
  vertex 0.22004306 0.5312307 0.12990375
  vertex 0.24105383 0.5819552 0.07499992
 endloop
endfacet
facet normal 0.13928159 0.7002146 0.7002143
 outer loop
  vertex -1.0832508e-09 0.575 0.12990382
  vertex 0.24105383 0.5819552 0.07499992
  vertex -2.3118313e-08 0.6299038 0.075
 endloop
endfacet
facet normal 0.18868355 0.9485758 0.25417042
 outer loop
  vertex -2.3118313e-08 0.6299038 0.075
  vertex 0.24105383 0.5819552 0.07499992
  vertex 0.24874428 0.6005217 -8.1051176e-08
 endloop
endfacet
facet normal 0.18868345 0.9485759 0.25417
 outer loop
  vertex -2.3118313e-08 0.6299038 0.075
  vertex 0.24874428 0.6005217 -8.1051176e-08
  vertex -4.9073634e-08 0.65 1.599022e-14
 endloop
endfacet
facet normal 0.5373253 0.80416363 -0.25417006
 outer loop
  vertex 0.24874428 0.6005217 -8.1051176e-08
  vertex 0.4596195 0.45961925 -1.4976304e-07
  vertex 0.44540933 0.44540912 -0.075000145
 endloop
endfacet
facet normal 0.5373251 0.8041636 -0.25417066
 outer loop
  vertex 0.24874428 0.6005217 -8.1051176e-08
  vertex 0.44540933 0.44540912 -0.075000145
  vertex 0.24105377 0.5819552 -0.075000085
 endloop
endfacet
facet normal 0.3966397 0.5936133 -0.7002144
 outer loop
  vertex 0.24105377 0.5819552 -0.075000085
  vertex 0.44540933 0.44540912 -0.075000145
  vertex 0.40658647 0.4065863 -0.12990396
 endloop
endfacet
facet normal 0.39663953 0.59361315 -0.7002145
 outer loop
  vertex 0.24105377 0.5819552 -0.075000085
  vertex 0.40658647 0.4065863 -0.12990396
  vertex 0.22004297 0.5312307 -0.1299039
 endloop
endfacet
facet normal 0.14641497 0.21912593 -0.9646484
 outer loop
  vertex 0.22004297 0.5312307 -0.1299039
  vertex 0.40658647 0.4065863 -0.12990396
  vertex 0.3535534 0.3535533 -0.15000013
 endloop
endfacet
facet normal 0.146415 0.21912593 -0.9646484
 outer loop
  vertex 0.22004297 0.5312307 -0.1299039
  vertex 0.3535534 0.3535533 -0.15000013
  vertex 0.19134171 0.46193975 -0.15000007
 endloop
endfacet
facet normal -0.14641567 -0.21912587 -0.9646483
 outer loop
  vertex 0.19134171 0.46193975 -0.15000007
  vertex 0.3535534 0.3535533 -0.15000013
  vertex 0.30052042 0.3005203 -0.12990393
 endloop
endfacet
facet normal -0.14641555 -0.2191258 -0.9646483
 outer loop
  vertex 0.19134171 0.46193975 -0.15000007
  vertex 0.30052042 0.3005203 -0.12990393
  vertex 0.16264045 0.3926488 -0.12990388
 endloop
endfacet
facet normal -0.39664 -0.5936131 -0.7002143
 outer loop
  vertex 0.16264045 0.3926488 -0.12990388
  vertex 0.30052042 0.3005203 -0.12990393
  vertex 0.26169756 0.26169744 -0.075000085
 endloop
endfacet
facet normal -0.3966401 -0.5936132 -0.7002142
 outer loop
  vertex 0.16264045 0.3926488 -0.12990388
  vertex 0.26169756 0.26169744 -0.075000085
  vertex 0.14162968 0.34192428 -0.07500005
 endloop
endfacet
facet normal -0.5373254 -0.80416363 -0.25416985
 outer loop
  vertex 0.14162968 0.34192428 -0.07500005
  vertex 0.26169756 0.26169744 -0.075000085
  vertex 0.24748743 0.2474873 -8.064164e-08
 endloop
endfacet
facet normal -0.5373253 -0.8041637 -0.25416994
 outer loop
  vertex 0.14162968 0.34192428 -0.07500005
  vertex 0.24748743 0.2474873 -8.064164e-08
  vertex 0.13393922 0.32335782 -4.3642938e-08
 endloop
endfacet
facet normal -0.5373251 -0.8041637 0.25417024
 outer loop
  vertex 0.13393922 0.32335782 -4.3642938e-08
  vertex 0.24748743 0.2474873 -8.064164e-08
  vertex 0.26169762 0.26169744 0.07499992
 endloop
endfacet
facet normal -0.5373252 -0.8041636 0.25417036
 outer loop
  vertex 0.13393922 0.32335782 -4.3642938e-08
  vertex 0.26169762 0.26169744 0.07499992
  vertex 0.14162974 0.34192428 0.07499996
 endloop
endfacet
facet normal -0.39663962 -0.5936131 0.7002146
 outer loop
  vertex 0.14162974 0.34192428 0.07499996
  vertex 0.26169762 0.26169744 0.07499992
  vertex 0.30052048 0.3005203 0.12990372
 endloop
endfacet
facet normal -0.3966396 -0.59361315 0.70021456
 outer loop
  vertex 0.14162974 0.34192428 0.07499996
  vertex 0.30052048 0.3005203 0.12990372
  vertex 0.16264053 0.3926488 0.12990376
 endloop
endfacet
facet normal -0.14641498 -0.21912587 0.96464837
 outer loop
  vertex 0.16264053 0.3926488 0.12990376
  vertex 0.30052048 0.3005203 0.12990372
  vertex 0.35355353 0.3535533 0.14999989
 endloop
endfacet
facet normal -0.14641502 -0.21912602 0.96464837
 outer loop
  vertex 0.16264053 0.3926488 0.12990376
  vertex 0.35355353 0.3535533 0.14999989
  vertex 0.1913418 0.46193975 0.14999995
 endloop
endfacet
facet normal 0.14641565 0.21912588 0.9646483
 outer loop
  vertex 0.1913418 0.46193975 0.14999995
  vertex 0.35355353 0.3535533 0.14999989
  vertex 0.40658653 0.4065863 0.12990369
 endloop
endfacet
facet normal 0.14641568 0.21912603 0.96464825
 outer loop
  vertex 0.1913418 0.46193975 0.14999995
  vertex 0.40658653 0.4065863 0.12990369
  vertex 0.22004306 0.5312307 0.12990375
 endloop
endfacet
facet normal 0.39664 0.5936132 0.7002142
 outer loop
  vertex 0.22004306 0.5312307 0.12990375
  vertex 0.40658653 0.4065863 0.12990369
  vertex 0.4454094 0.44540912 0.07499986
 endloop
endfacet
facet normal 0.39664 0.59361315 0.7002144
 outer loop
  vertex 0.22004306 0.5312307 0.12990375
  vertex 0.4454094 0.44540912 0.07499986
  vertex 0.24105383 0.5819552 0.07499992
 endloop
endfacet
facet normal 0.5373253 0.8041637 0.2541696
 outer loop
  vertex 0.24105383 0.5819552 0.07499992
  vertex 0.4454094 0.44540912 0.07499986
  vertex 0.4596195 0.45961925 -1.4976304e-07
 endloop
endfacet
facet normal 0.5373254 0.8041635 0.25417024
 outer loop
  vertex 0.24105383 0.5819552 0.07499992
  vertex 0.4596195 0.45961925 -1.4976304e-07
  vertex 0.24874428 0.6005217 -8.1051176e-08
 endloop
endfacet
facet normal 0.80416363 0.5373251 -0.2541704
 outer loop
  vertex 0.4596195 0.45961925 -1.4976304e-07
  vertex 0.6005217 0.24874425 -1.9567482e-07
  vertex 0.5819552 0.24105377 -0.07500019
 endloop
endfacet
facet normal 0.80416375 0.537325 -0.2541702
 outer loop
  vertex 0.4596195 0.45961925 -1.4976304e-07
  vertex 0.5819552 0.24105377 -0.07500019
  vertex 0.44540933 0.44540912 -0.075000145
 endloop
endfacet
facet normal 0.59361297 0.39663962 -0.7002148
 outer loop
  vertex 0.44540933 0.44540912 -0.075000145
  vertex 0.5819552 0.24105377 -0.07500019
  vertex 0.5312306 0.220043 -0.129904
 endloop
endfacet
facet normal 0.59361327 0.39663965 -0.7002144
 outer loop
  vertex 0.44540933 0.44540912 -0.075000145
  vertex 0.5312306 0.220043 -0.129904
  vertex 0.40658647 0.4065863 -0.12990396
 endloop
endfacet
facet normal 0.21912563 0.1464152 -0.96464837
 outer loop
  vertex 0.40658647 0.4065863 -0.12990396
  vertex 0.5312306 0.220043 -0.129904
  vertex 0.4619397 0.19134174 -0.15000015
 endloop
endfacet
facet normal 0.21912558 0.14641519 -0.96464837
 outer loop
  vertex 0.40658647 0.4065863 -0.12990396
  vertex 0.4619397 0.19134174 -0.15000015
  vertex 0.3535534 0.3535533 -0.15000013
 endloop
endfacet
facet normal -0.21912621 -0.14641525 -0.96464825
 outer loop
  vertex 0.3535534 0.3535533 -0.15000013
  vertex 0.4619397 0.19134174 -0.15000015
  vertex 0.39264876 0.16264048 -0.12990396
 endloop
endfacet
facet normal -0.21912628 -0.14641528 -0.9646483
 outer loop
  vertex 0.3535534 0.3535533 -0.15000013
  vertex 0.39264876 0.16264048 -0.12990396
  vertex 0.30052042 0.3005203 -0.12990393
 endloop
endfacet
facet normal -0.5936134 -0.3966396 -0.7002143
 outer loop
  vertex 0.30052042 0.3005203 -0.12990393
  vertex 0.39264876 0.16264048 -0.12990396
  vertex 0.34192425 0.1416297 -0.075000115
 endloop
endfacet
facet normal -0.59361345 -0.39663962 -0.7002143
 outer loop
  vertex 0.30052042 0.3005203 -0.12990393
  vertex 0.34192425 0.1416297 -0.075000115
  vertex 0.26169756 0.26169744 -0.075000085
 endloop
endfacet
facet normal -0.8041639 -0.537325 -0.2541698
 outer loop
  vertex 0.26169756 0.26169744 -0.075000085
  vertex 0.34192425 0.1416297 -0.075000115
  vertex 0.32335782 0.13393922 -1.05363355e-07
 endloop
endfacet
facet normal -0.8041639 -0.537325 -0.25416982
 outer loop
  vertex 0.26169756 0.26169744 -0.075000085
  vertex 0.32335782 0.13393922 -1.05363355e-07
  vertex 0.24748743 0.2474873 -8.064164e-08
 endloop
endfacet
facet normal -0.8041637 -0.537325 0.25417045
 outer loop
  vertex 0.24748743 0.2474873 -8.064164e-08
  vertex 0.32335782 0.13393922 -1.05363355e-07
  vertex 0.3419243 0.1416297 0.07499989
 endloop
endfacet
facet normal -0.80416375 -0.53732497 0.25417042
 outer loop
  vertex 0.24748743 0.2474873 -8.064164e-08
  vertex 0.3419243 0.1416297 0.07499989
  vertex 0.26169762 0.26169744 0.07499992
 endloop
endfacet
facet normal -0.5936131 -0.39663967 0.7002145
 outer loop
  vertex 0.26169762 0.26169744 0.07499992
  vertex 0.3419243 0.1416297 0.07499989
  vertex 0.39264882 0.16264047 0.12990369
 endloop
endfacet
facet normal -0.5936131 -0.39663962 0.70021456
 outer loop
  vertex 0.26169762 0.26169744 0.07499992
  vertex 0.39264882 0.16264047 0.12990369
  vertex 0.30052048 0.3005203 0.12990372
 endloop
endfacet
facet normal -0.21912561 -0.14641523 0.9646484
 outer loop
  vertex 0.30052048 0.3005203 0.12990372
  vertex 0.39264882 0.16264047 0.12990369
  vertex 0.4619398 0.19134174 0.14999986
 endloop
endfacet
facet normal -0.2191256 -0.1464152 0.96464837
 outer loop
  vertex 0.30052048 0.3005203 0.12990372
  vertex 0.4619398 0.19134174 0.14999986
  vertex 0.35355353 0.3535533 0.14999989
 endloop
endfacet
facet normal 0.21912634 0.14641534 0.9646482
 outer loop
  vertex 0.35355353 0.3535533 0.14999989
  vertex 0.4619398 0.19134174 0.14999986
  vertex 0.53123075 0.220043 0.12990364
 endloop
endfacet
facet normal 0.21912625 0.14641525 0.9646483
 outer loop
  vertex 0.35355353 0.3535533 0.14999989
  vertex 0.53123075 0.220043 0.12990364
  vertex 0.40658653 0.4065863 0.12990369
 endloop
endfacet
facet normal 0.59361374 0.39663976 0.7002141
 outer loop
  vertex 0.40658653 0.4065863 0.12990369
  vertex 0.53123075 0.220043 0.12990364
  vertex 0.5819552 0.24105377 0.07499982
 endloop
endfacet
facet normal 0.59361356 0.3966395 0.70021427
 outer loop
  vertex 0.40658653 0.4065863 0.12990369
  vertex 0.5819552 0.24105377 0.07499982
  vertex 0.4454094 0.44540912 0.07499986
 endloop
endfacet
facet normal 0.8041638 0.5373247 0.2541704
 outer loop
  vertex 0.4454094 0.44540912 0.07499986
  vertex 0.5819552 0.24105377 0.07499982
  vertex 0.6005217 0.24874425 -1.9567482e-07
 endloop
endfacet
facet normal 0.8041638 0.53732514 0.25416964
 outer loop
  vertex 0.4454094 0.44540912 0.07499986
  vertex 0.6005217 0.24874425 -1.9567482e-07
  vertex 0.4596195 0.45961925 -1.4976304e-07
 endloop
endfacet
facet normal 0.94857585 0.18868348 -0.25417006
 outer loop
  vertex 0.6005217 0.24874425 -1.9567482e-07
  vertex 0.65 5.6824803e-08 -2.1179689e-07
  vertex 0.6299038 5.506794e-08 -0.07500021
 endloop
endfacet
facet normal 0.9485757 0.18868357 -0.25417048
 outer loop
  vertex 0.6005217 0.24874425 -1.9567482e-07
  vertex 0.6299038 5.506794e-08 -0.07500021
  vertex 0.5819552 0.24105377 -0.07500019
 endloop
endfacet
facet normal 0.7002141 0.1392814 -0.70021486
 outer loop
  vertex 0.5819552 0.24105377 -0.07500019
  vertex 0.6299038 5.506794e-08 -0.07500021
  vertex 0.5749999 5.0268095e-08 -0.12990402
 endloop
endfacet
facet normal 0.7002141 0.13928139 -0.70021486
 outer loop
  vertex 0.5819552 0.24105377 -0.07500019
  vertex 0.5749999 5.0268095e-08 -0.12990402
  vertex 0.5312306 0.220043 -0.129904
 endloop
endfacet
facet normal 0.25847635 0.051414248 -0.9646484
 outer loop
  vertex 0.5312306 0.220043 -0.129904
  vertex 0.5749999 5.0268095e-08 -0.12990402
  vertex 0.49999994 4.371139e-08 -0.15000017
 endloop
endfacet
facet normal 0.25847635 0.05141424 -0.96464837
 outer loop
  vertex 0.5312306 0.220043 -0.129904
  vertex 0.49999994 4.371139e-08 -0.15000017
  vertex 0.4619397 0.19134174 -0.15000015
 endloop
endfacet
facet normal -0.25847715 -0.05141425 -0.9646482
 outer loop
  vertex 0.4619397 0.19134174 -0.15000015
  vertex 0.49999994 4.371139e-08 -0.15000017
  vertex 0.42499998 3.715468e-08 -0.12990396
 endloop
endfacet
facet normal -0.2584769 -0.0514143 -0.96464825
 outer loop
  vertex 0.4619397 0.19134174 -0.15000015
  vertex 0.42499998 3.715468e-08 -0.12990396
  vertex 0.39264876 0.16264048 -0.12990396
 endloop
endfacet
facet normal -0.7002145 -0.13928145 -0.7002145
 outer loop
  vertex 0.39264876 0.16264048 -0.12990396
  vertex 0.42499998 3.715468e-08 -0.12990396
  vertex 0.37009615 3.2354837e-08 -0.07500012
 endloop
endfacet
facet normal -0.7002147 -0.13928135 -0.7002143
 outer loop
  vertex 0.39264876 0.16264048 -0.12990396
  vertex 0.37009615 3.2354837e-08 -0.07500012
  vertex 0.34192425 0.1416297 -0.075000115
 endloop
endfacet
facet normal -0.9485759 -0.18868348 -0.25416964
 outer loop
  vertex 0.34192425 0.1416297 -0.075000115
  vertex 0.37009615 3.2354837e-08 -0.07500012
  vertex 0.35 3.059797e-08 -1.14044475e-07
 endloop
endfacet
facet normal -0.948576 -0.18868355 -0.25416976
 outer loop
  vertex 0.34192425 0.1416297 -0.075000115
  vertex 0.35 3.059797e-08 -1.14044475e-07
  vertex 0.32335782 0.13393922 -1.05363355e-07
 endloop
endfacet
facet normal -0.94857574 -0.18868354 0.25417042
 outer loop
  vertex 0.32335782 0.13393922 -1.05363355e-07
  vertex 0.35 3.059797e-08 -1.14044475e-07
  vertex 0.3700962 3.2354837e-08 0.074999884
 endloop
endfacet
facet normal -0.94857574 -0.1886835 0.2541705
 outer loop
  vertex 0.32335782 0.13393922 -1.05363355e-07
  vertex 0.3700962 3.2354837e-08 0.074999884
  vertex 0.3419243 0.1416297 0.07499989
 endloop
endfacet
facet normal -0.7002145 -0.13928139 0.7002145
 outer loop
  vertex 0.3419243 0.1416297 0.07499989
  vertex 0.3700962 3.2354837e-08 0.074999884
  vertex 0.425 3.7154678e-08 0.12990369
 endloop
endfacet
facet normal -0.70021445 -0.13928132 0.7002146
 outer loop
  vertex 0.3419243 0.1416297 0.07499989
  vertex 0.425 3.7154678e-08 0.12990369
  vertex 0.39264882 0.16264047 0.12990369
 endloop
endfacet
facet normal -0.25847614 -0.051414102 0.9646484
 outer loop
  vertex 0.39264882 0.16264047 0.12990369
  vertex 0.425 3.7154678e-08 0.12990369
  vertex 0.50000006 4.371139e-08 0.14999984
 endloop
endfacet
facet normal -0.2584763 -0.05141423 0.9646484
 outer loop
  vertex 0.39264882 0.16264047 0.12990369
  vertex 0.50000006 4.371139e-08 0.14999984
  vertex 0.4619398 0.19134174 0.14999986
 endloop
endfacet
facet normal 0.25847706 0.051414233 0.9646482
 outer loop
  vertex 0.4619398 0.19134174 0.14999986
  vertex 0.50000006 4.371139e-08 0.14999984
  vertex 0.57500005 5.0268095e-08 0.12990363
 endloop
endfacet
facet normal 0.25847712 0.051414266 0.9646482
 outer loop
  vertex 0.4619398 0.19134174 0.14999986
  vertex 0.57500005 5.0268095e-08 0.12990363
  vertex 0.53123075 0.220043 0.12990364
 endloop
endfacet
facet normal 0.7002151 0.1392815 0.7002139
 outer loop
  vertex 0.53123075 0.220043 0.12990364
  vertex 0.57500005 5.0268095e-08 0.12990363
  vertex 0.6299038 5.506794e-08 0.074999794
 endloop
endfacet
facet normal 0.700215 0.13928147 0.70021397
 outer loop
  vertex 0.53123075 0.220043 0.12990364
  vertex 0.6299038 5.506794e-08 0.074999794
  vertex 0.5819552 0.24105377 0.07499982
 endloop
endfacet
facet normal 0.94857585 0.18868357 0.25417003
 outer loop
  vertex 0.5819552 0.24105377 0.07499982
  vertex 0.6299038 5.506794e-08 0.074999794
  vertex 0.65 5.6824803e-08 -2.1179689e-07
 endloop
endfacet
facet normal 0.9485758 0.18868342 0.25417048
 outer loop
  vertex 0.5819552 0.24105377 0.07499982
  vertex 0.65 5.6824803e-08 -2.1179689e-07
  vertex 0.6005217 0.24874425 -1.9567482e-07
 endloop
endfacet
facet normal 0.9485759 -0.18868338 -0.25416976
 outer loop
  vertex 0.65 5.6824803e-08 -2.1179689e-07
  vertex 0.60052174 -0.24874398 -1.9567483e-07
  vertex 0.5819553 -0.24105352 -0.07500019
 endloop
endfacet
facet normal 0.9485759 -0.18868327 -0.2541701
 outer loop
  vertex 0.65 5.6824803e-08 -2.1179689e-07
  vertex 0.5819553 -0.24105352 -0.07500019
  vertex 0.6299038 5.506794e-08 -0.07500021
 endloop
endfacet
facet normal 0.70021415 -0.13928117 -0.70021486
 outer loop
  vertex 0.6299038 5.506794e-08 -0.07500021
  vertex 0.5819553 -0.24105352 -0.07500019
  vertex 0.53123075 -0.22004277 -0.129904
 endloop
endfacet
facet normal 0.7002142 -0.13928112 -0.70021486
 outer loop
  vertex 0.6299038 5.506794e-08 -0.07500021
  vertex 0.53123075 -0.22004277 -0.129904
  vertex 0.5749999 5.0268095e-08 -0.12990402
 endloop
endfacet
facet normal 0.25847632 -0.051414136 -0.9646484
 outer loop
  vertex 0.5749999 5.0268095e-08 -0.12990402
  vertex 0.53123075 -0.22004277 -0.129904
  vertex 0.46193978 -0.19134153 -0.15000015
 endloop
endfacet
facet normal 0.25847632 -0.05141415 -0.9646484
 outer loop
  vertex 0.5749999 5.0268095e-08 -0.12990402
  vertex 0.46193978 -0.19134153 -0.15000015
  vertex 0.49999994 4.371139e-08 -0.15000017
 endloop
endfacet
facet normal -0.25847697 0.051414132 -0.96464825
 outer loop
  vertex 0.49999994 4.371139e-08 -0.15000017
  vertex 0.46193978 -0.19134153 -0.15000015
  vertex 0.39264885 -0.1626403 -0.12990396
 endloop
endfacet
facet normal -0.25847715 0.051414244 -0.9646482
 outer loop
  vertex 0.49999994 4.371139e-08 -0.15000017
  vertex 0.39264885 -0.1626403 -0.12990396
  vertex 0.42499998 3.715468e-08 -0.12990396
 endloop
endfacet
facet normal -0.7002146 0.13928117 -0.70021445
 outer loop
  vertex 0.42499998 3.715468e-08 -0.12990396
  vertex 0.39264885 -0.1626403 -0.12990396
  vertex 0.3419243 -0.14162955 -0.075000115
 endloop
endfacet
facet normal -0.70021456 0.13928112 -0.70021456
 outer loop
  vertex 0.42499998 3.715468e-08 -0.12990396
  vertex 0.3419243 -0.14162955 -0.075000115
  vertex 0.37009615 3.2354837e-08 -0.07500012
 endloop
endfacet
facet normal -0.948576 0.18868321 -0.25416973
 outer loop
  vertex 0.37009615 3.2354837e-08 -0.07500012
  vertex 0.3419243 -0.14162955 -0.075000115
  vertex 0.32335788 -0.13393907 -1.0536338e-07
 endloop
endfacet
facet normal -0.94857603 0.18868327 -0.25416967
 outer loop
  vertex 0.37009615 3.2354837e-08 -0.07500012
  vertex 0.32335788 -0.13393907 -1.0536338e-07
  vertex 0.35 3.059797e-08 -1.14044475e-07
 endloop
endfacet
facet normal -0.9485758 0.18868326 0.25417048
 outer loop
  vertex 0.35 3.059797e-08 -1.14044475e-07
  vertex 0.32335788 -0.13393907 -1.0536338e-07
  vertex 0.34192437 -0.14162955 0.07499989
 endloop
endfacet
facet normal -0.9485758 0.18868323 0.25417042
 outer loop
  vertex 0.35 3.059797e-08 -1.14044475e-07
  vertex 0.34192437 -0.14162955 0.07499989
  vertex 0.3700962 3.2354837e-08 0.074999884
 endloop
endfacet
facet normal -0.7002145 0.13928118 0.70021456
 outer loop
  vertex 0.3700962 3.2354837e-08 0.074999884
  vertex 0.34192437 -0.14162955 0.07499989
  vertex 0.39264888 -0.1626403 0.12990369
 endloop
endfacet
facet normal -0.7002145 0.13928117 0.7002145
 outer loop
  vertex 0.3700962 3.2354837e-08 0.074999884
  vertex 0.39264888 -0.1626403 0.12990369
  vertex 0.425 3.7154678e-08 0.12990369
 endloop
endfacet
facet normal -0.25847632 0.05141408 0.9646484
 outer loop
  vertex 0.425 3.7154678e-08 0.12990369
  vertex 0.39264888 -0.1626403 0.12990369
  vertex 0.4619399 -0.19134153 0.14999986
 endloop
endfacet
facet normal -0.25847617 0.051414113 0.9646484
 outer loop
  vertex 0.425 3.7154678e-08 0.12990369
  vertex 0.4619399 -0.19134153 0.14999986
  vertex 0.50000006 4.371139e-08 0.14999984
 endloop
endfacet
facet normal 0.2584771 -0.051414147 0.96464825
 outer loop
  vertex 0.50000006 4.371139e-08 0.14999984
  vertex 0.4619399 -0.19134153 0.14999986
  vertex 0.53123087 -0.22004277 0.12990364
 endloop
endfacet
facet normal 0.25847706 -0.051414154 0.9646482
 outer loop
  vertex 0.50000006 4.371139e-08 0.14999984
  vertex 0.53123087 -0.22004277 0.12990364
  vertex 0.57500005 5.0268095e-08 0.12990363
 endloop
endfacet
facet normal 0.70021504 -0.13928121 0.7002139
 outer loop
  vertex 0.57500005 5.0268095e-08 0.12990363
  vertex 0.53123087 -0.22004277 0.12990364
  vertex 0.5819553 -0.24105352 0.07499982
 endloop
endfacet
facet normal 0.70021504 -0.1392812 0.7002139
 outer loop
  vertex 0.57500005 5.0268095e-08 0.12990363
  vertex 0.5819553 -0.24105352 0.07499982
  vertex 0.6299038 5.506794e-08 0.074999794
 endloop
endfacet
facet normal 0.94857603 -0.18868324 0.2541697
 outer loop
  vertex 0.6299038 5.506794e-08 0.074999794
  vertex 0.5819553 -0.24105352 0.07499982
  vertex 0.60052174 -0.24874398 -1.9567483e-07
 endloop
endfacet
facet normal 0.94857585 -0.18868333 0.25417006
 outer loop
  vertex 0.6299038 5.506794e-08 0.074999794
  vertex 0.60052174 -0.24874398 -1.9567483e-07
  vertex 0.65 5.6824803e-08 -2.1179689e-07
 endloop
endfacet
facet normal 0.8041639 -0.5373248 -0.25417015
 outer loop
  vertex 0.60052174 -0.24874398 -1.9567483e-07
  vertex 0.4596195 -0.45961925 -1.4976304e-07
  vertex 0.44540933 -0.44540912 -0.075000145
 endloop
endfacet
facet normal 0.80416393 -0.53732497 -0.25416967
 outer loop
  vertex 0.60052174 -0.24874398 -1.9567483e-07
  vertex 0.44540933 -0.44540912 -0.075000145
  vertex 0.5819553 -0.24105352 -0.07500019
 endloop
endfacet
facet normal 0.59361327 -0.39663973 -0.70021445
 outer loop
  vertex 0.5819553 -0.24105352 -0.07500019
  vertex 0.44540933 -0.44540912 -0.075000145
  vertex 0.40658647 -0.4065863 -0.12990396
 endloop
endfacet
facet normal 0.593613 -0.39663935 -0.7002148
 outer loop
  vertex 0.5819553 -0.24105352 -0.07500019
  vertex 0.40658647 -0.4065863 -0.12990396
  vertex 0.53123075 -0.22004277 -0.129904
 endloop
endfacet
facet normal 0.21912563 -0.14641516 -0.9646484
 outer loop
  vertex 0.53123075 -0.22004277 -0.129904
  vertex 0.40658647 -0.4065863 -0.12990396
  vertex 0.3535534 -0.3535533 -0.15000013
 endloop
endfacet
facet normal 0.21912564 -0.14641516 -0.9646484
 outer loop
  vertex 0.53123075 -0.22004277 -0.129904
  vertex 0.3535534 -0.3535533 -0.15000013
  vertex 0.46193978 -0.19134153 -0.15000015
 endloop
endfacet
facet normal -0.21912631 0.14641525 -0.96464825
 outer loop
  vertex 0.46193978 -0.19134153 -0.15000015
  vertex 0.3535534 -0.3535533 -0.15000013
  vertex 0.30052042 -0.3005203 -0.12990393
 endloop
endfacet
facet normal -0.21912628 0.14641522 -0.9646482
 outer loop
  vertex 0.46193978 -0.19134153 -0.15000015
  vertex 0.30052042 -0.3005203 -0.12990393
  vertex 0.39264885 -0.1626403 -0.12990396
 endloop
endfacet
facet normal -0.5936135 0.39663956 -0.70021427
 outer loop
  vertex 0.39264885 -0.1626403 -0.12990396
  vertex 0.30052042 -0.3005203 -0.12990393
  vertex 0.26169756 -0.26169744 -0.075000085
 endloop
endfacet
facet normal -0.5936135 0.3966394 -0.7002145
 outer loop
  vertex 0.39264885 -0.1626403 -0.12990396
  vertex 0.26169756 -0.26169744 -0.075000085
  vertex 0.3419243 -0.14162955 -0.075000115
 endloop
endfacet
facet normal -0.804164 0.53732485 -0.25416985
 outer loop
  vertex 0.3419243 -0.14162955 -0.075000115
  vertex 0.26169756 -0.26169744 -0.075000085
  vertex 0.24748743 -0.2474873 -8.064164e-08
 endloop
endfacet
facet normal -0.80416405 0.5373248 -0.25416976
 outer loop
  vertex 0.3419243 -0.14162955 -0.075000115
  vertex 0.24748743 -0.2474873 -8.064164e-08
  vertex 0.32335788 -0.13393907 -1.0536338e-07
 endloop
endfacet
facet normal -0.8041639 0.5373248 0.25417042
 outer loop
  vertex 0.32335788 -0.13393907 -1.0536338e-07
  vertex 0.24748743 -0.2474873 -8.064164e-08
  vertex 0.26169762 -0.26169744 0.07499992
 endloop
endfacet
facet normal -0.80416375 0.5373248 0.25417045
 outer loop
  vertex 0.32335788 -0.13393907 -1.0536338e-07
  vertex 0.26169762 -0.26169744 0.07499992
  vertex 0.34192437 -0.14162955 0.07499989
 endloop
endfacet
facet normal -0.5936132 0.39663956 0.7002146
 outer loop
  vertex 0.34192437 -0.14162955 0.07499989
  vertex 0.26169762 -0.26169744 0.07499992
  vertex 0.30052048 -0.3005203 0.12990372
 endloop
endfacet
facet normal -0.59361327 0.3966395 0.7002145
 outer loop
  vertex 0.34192437 -0.14162955 0.07499989
  vertex 0.30052048 -0.3005203 0.12990372
  vertex 0.39264888 -0.1626403 0.12990369
 endloop
endfacet
facet normal -0.21912564 0.14641517 0.9646484
 outer loop
  vertex 0.39264888 -0.1626403 0.12990369
  vertex 0.30052048 -0.3005203 0.12990372
  vertex 0.35355353 -0.3535533 0.14999989
 endloop
endfacet
facet normal -0.21912566 0.14641516 0.96464837
 outer loop
  vertex 0.39264888 -0.1626403 0.12990369
  vertex 0.35355353 -0.3535533 0.14999989
  vertex 0.4619399 -0.19134153 0.14999986
 endloop
endfacet
facet normal 0.21912631 -0.14641525 0.96464825
 outer loop
  vertex 0.4619399 -0.19134153 0.14999986
  vertex 0.35355353 -0.3535533 0.14999989
  vertex 0.40658653 -0.4065863 0.12990369
 endloop
endfacet
facet normal 0.21912637 -0.14641526 0.96464825
 outer loop
  vertex 0.4619399 -0.19134153 0.14999986
  vertex 0.40658653 -0.4065863 0.12990369
  vertex 0.53123087 -0.22004277 0.12990364
 endloop
endfacet
facet normal 0.59361356 -0.39663953 0.70021427
 outer loop
  vertex 0.53123087 -0.22004277 0.12990364
  vertex 0.40658653 -0.4065863 0.12990369
  vertex 0.4454094 -0.44540912 0.07499986
 endloop
endfacet
facet normal 0.5936138 -0.39663956 0.70021397
 outer loop
  vertex 0.53123087 -0.22004277 0.12990364
  vertex 0.4454094 -0.44540912 0.07499986
  vertex 0.5819553 -0.24105352 0.07499982
 endloop
endfacet
facet normal 0.8041642 -0.5373248 0.2541695
 outer loop
  vertex 0.5819553 -0.24105352 0.07499982
  vertex 0.4454094 -0.44540912 0.07499986
  vertex 0.4596195 -0.45961925 -1.4976304e-07
 endloop
endfacet
facet normal 0.80416405 -0.53732485 0.25416967
 outer loop
  vertex 0.5819553 -0.24105352 0.07499982
  vertex 0.4596195 -0.45961925 -1.4976304e-07
  vertex 0.60052174 -0.24874398 -1.9567483e-07
 endloop
endfacet
facet normal 0.53732526 -0.8041635 -0.2541706
 outer loop
  vertex 0.4596195 -0.45961925 -1.4976304e-07
  vertex 0.24874428 -0.6005217 -8.1051176e-08
  vertex 0.24105377 -0.5819552 -0.075000085
 endloop
endfacet
facet normal 0.53732514 -0.8041637 -0.2541701
 outer loop
  vertex 0.4596195 -0.45961925 -1.4976304e-07
  vertex 0.24105377 -0.5819552 -0.075000085
  vertex 0.44540933 -0.44540912 -0.075000145
 endloop
endfacet
facet normal 0.3966396 -0.5936131 -0.70021456
 outer loop
  vertex 0.44540933 -0.44540912 -0.075000145
  vertex 0.24105377 -0.5819552 -0.075000085
  vertex 0.22004297 -0.5312307 -0.1299039
 endloop
endfacet
facet normal 0.39663965 -0.5936134 -0.7002143
 outer loop
  vertex 0.44540933 -0.44540912 -0.075000145
  vertex 0.22004297 -0.5312307 -0.1299039
  vertex 0.40658647 -0.4065863 -0.12990396
 endloop
endfacet
facet normal 0.146415 -0.21912596 -0.9646484
 outer loop
  vertex 0.40658647 -0.4065863 -0.12990396
  vertex 0.22004297 -0.5312307 -0.1299039
  vertex 0.19134171 -0.46193975 -0.15000007
 endloop
endfacet
facet normal 0.14641498 -0.21912591 -0.96464837
 outer loop
  vertex 0.40658647 -0.4065863 -0.12990396
  vertex 0.19134171 -0.46193975 -0.15000007
  vertex 0.3535534 -0.3535533 -0.15000013
 endloop
endfacet
facet normal -0.14641559 0.21912578 -0.9646483
 outer loop
  vertex 0.3535534 -0.3535533 -0.15000013
  vertex 0.19134171 -0.46193975 -0.15000007
  vertex 0.16264045 -0.3926488 -0.12990388
 endloop
endfacet
facet normal -0.14641564 0.21912593 -0.9646483
 outer loop
  vertex 0.3535534 -0.3535533 -0.15000013
  vertex 0.16264045 -0.3926488 -0.12990388
  vertex 0.30052042 -0.3005203 -0.12990393
 endloop
endfacet
facet normal -0.39664006 0.59361327 -0.70021427
 outer loop
  vertex 0.30052042 -0.3005203 -0.12990393
  vertex 0.16264045 -0.3926488 -0.12990388
  vertex 0.14162968 -0.34192428 -0.07500005
 endloop
endfacet
facet normal -0.39664006 0.5936131 -0.7002144
 outer loop
  vertex 0.30052042 -0.3005203 -0.12990393
  vertex 0.14162968 -0.34192428 -0.07500005
  vertex 0.26169756 -0.26169744 -0.075000085
 endloop
endfacet
facet normal -0.5373253 0.80416363 -0.25416997
 outer loop
  vertex 0.26169756 -0.26169744 -0.075000085
  vertex 0.14162968 -0.34192428 -0.07500005
  vertex 0.13393922 -0.32335782 -4.3642938e-08
 endloop
endfacet
facet normal -0.53732526 0.8041637 -0.25416985
 outer loop
  vertex 0.26169756 -0.26169744 -0.075000085
  vertex 0.13393922 -0.32335782 -4.3642938e-08
  vertex 0.24748743 -0.2474873 -8.064164e-08
 endloop
endfacet
facet normal -0.5373251 0.80416363 0.2541704
 outer loop
  vertex 0.24748743 -0.2474873 -8.064164e-08
  vertex 0.13393922 -0.32335782 -4.3642938e-08
  vertex 0.14162974 -0.34192428 0.07499996
 endloop
endfacet
facet normal -0.5373252 0.80416363 0.25417024
 outer loop
  vertex 0.24748743 -0.2474873 -8.064164e-08
  vertex 0.14162974 -0.34192428 0.07499996
  vertex 0.26169762 -0.26169744 0.07499992
 endloop
endfacet
facet normal -0.39663962 0.59361315 0.70021456
 outer loop
  vertex 0.26169762 -0.26169744 0.07499992
  vertex 0.14162974 -0.34192428 0.07499996
  vertex 0.16264053 -0.3926488 0.12990376
 endloop
endfacet
facet normal -0.39663956 0.5936131 0.7002146
 outer loop
  vertex 0.26169762 -0.26169744 0.07499992
  vertex 0.16264053 -0.3926488 0.12990376
  vertex 0.30052048 -0.3005203 0.12990372
 endloop
endfacet
facet normal -0.14641505 0.21912599 0.96464837
 outer loop
  vertex 0.30052048 -0.3005203 0.12990372
  vertex 0.16264053 -0.3926488 0.12990376
  vertex 0.1913418 -0.46193975 0.14999995
 endloop
endfacet
facet normal -0.14641497 0.21912593 0.9646484
 outer loop
  vertex 0.30052048 -0.3005203 0.12990372
  vertex 0.1913418 -0.46193975 0.14999995
  vertex 0.35355353 -0.3535533 0.14999989
 endloop
endfacet
facet normal 0.14641573 -0.219126 0.96464825
 outer loop
  vertex 0.35355353 -0.3535533 0.14999989
  vertex 0.1913418 -0.46193975 0.14999995
  vertex 0.22004306 -0.5312307 0.12990375
 endloop
endfacet
facet normal 0.14641562 -0.21912593 0.9646483
 outer loop
  vertex 0.35355353 -0.3535533 0.14999989
  vertex 0.22004306 -0.5312307 0.12990375
  vertex 0.40658653 -0.4065863 0.12990369
 endloop
endfacet
facet normal 0.39663994 -0.59361315 0.70021427
 outer loop
  vertex 0.40658653 -0.4065863 0.12990369
  vertex 0.22004306 -0.5312307 0.12990375
  vertex 0.24105383 -0.5819552 0.07499992
 endloop
endfacet
facet normal 0.39664003 -0.5936132 0.7002143
 outer loop
  vertex 0.40658653 -0.4065863 0.12990369
  vertex 0.24105383 -0.5819552 0.07499992
  vertex 0.4454094 -0.44540912 0.07499986
 endloop
endfacet
facet normal 0.53732526 -0.8041636 0.25417018
 outer loop
  vertex 0.4454094 -0.44540912 0.07499986
  vertex 0.24105383 -0.5819552 0.07499992
  vertex 0.24874428 -0.6005217 -8.1051176e-08
 endloop
endfacet
facet normal 0.5373255 -0.80416363 0.25416952
 outer loop
  vertex 0.4454094 -0.44540912 0.07499986
  vertex 0.24874428 -0.6005217 -8.1051176e-08
  vertex 0.4596195 -0.45961925 -1.4976304e-07
 endloop
endfacet
facet normal 0.18868327 -0.9485759 -0.2541701
 outer loop
  vertex 0.24874428 -0.6005217 -8.1051176e-08
  vertex -4.9073634e-08 -0.65 1.599022e-14
  vertex -7.199452e-08 -0.6299038 -0.075
 endloop
endfacet
facet normal 0.18868339 -0.9485758 -0.25417057
 outer loop
  vertex 0.24874428 -0.6005217 -8.1051176e-08
  vertex -7.199452e-08 -0.6299038 -0.075
  vertex 0.24105377 -0.5819552 -0.075000085
 endloop
endfacet
facet normal 0.13928112 -0.7002146 -0.7002145
 outer loop
  vertex 0.24105377 -0.5819552 -0.075000085
  vertex -7.199452e-08 -0.6299038 -0.075
  vertex -8.573933e-08 -0.575 -0.12990382
 endloop
endfacet
facet normal 0.13928114 -0.7002145 -0.7002145
 outer loop
  vertex 0.24105377 -0.5819552 -0.075000085
  vertex -8.573933e-08 -0.575 -0.12990382
  vertex 0.22004297 -0.5312307 -0.1299039
 endloop
endfacet
facet normal 0.0514139 -0.2584767 -0.9646483
 outer loop
  vertex 0.22004297 -0.5312307 -0.1299039
  vertex -8.573933e-08 -0.575 -0.12990382
  vertex -8.662516e-08 -0.5 -0.15
 endloop
endfacet
facet normal 0.051413905 -0.25847667 -0.96464837
 outer loop
  vertex 0.22004297 -0.5312307 -0.1299039
  vertex -8.662516e-08 -0.5 -0.15
  vertex 0.19134171 -0.46193975 -0.15000007
 endloop
endfacet
facet normal -0.05141451 0.25847667 -0.9646483
 outer loop
  vertex 0.19134171 -0.46193975 -0.15000007
  vertex -8.662516e-08 -0.5 -0.15
  vertex -7.441465e-08 -0.425 -0.12990382
 endloop
endfacet
facet normal -0.05141455 0.25847653 -0.96464837
 outer loop
  vertex 0.19134171 -0.46193975 -0.15000007
  vertex -7.441465e-08 -0.425 -0.12990382
  vertex 0.16264045 -0.3926488 -0.12990388
 endloop
endfacet
facet normal -0.13928162 0.7002144 -0.70021456
 outer loop
  vertex 0.16264045 -0.3926488 -0.12990388
  vertex -7.441465e-08 -0.425 -0.12990382
  vertex -5.2379587e-08 -0.37009618 -0.075
 endloop
endfacet
facet normal -0.13928153 0.7002146 -0.7002143
 outer loop
  vertex 0.16264045 -0.3926488 -0.12990388
  vertex -5.2379587e-08 -0.37009618 -0.075
  vertex 0.14162968 -0.34192428 -0.07500005
 endloop
endfacet
facet normal -0.1886835 0.94857585 -0.25416997
 outer loop
  vertex 0.14162968 -0.34192428 -0.07500005
  vertex -5.2379587e-08 -0.37009618 -0.075
  vertex -2.6424265e-08 -0.35 8.591749e-15
 endloop
endfacet
facet normal -0.18868354 0.9485758 -0.2541701
 outer loop
  vertex 0.14162968 -0.34192428 -0.07500005
  vertex -2.6424265e-08 -0.35 8.591749e-15
  vertex 0.13393922 -0.32335782 -4.3642938e-08
 endloop
endfacet
facet normal -0.18868336 0.94857585 0.2541701
 outer loop
  vertex 0.13393922 -0.32335782 -4.3642938e-08
  vertex -2.6424265e-08 -0.35 8.591749e-15
  vertex -3.5033807e-09 -0.37009618 0.075
 endloop
endfacet
facet normal -0.18868333 0.94857585 0.25417024
 outer loop
  vertex 0.13393922 -0.32335782 -4.3642938e-08
  vertex -3.5033807e-09 -0.37009618 0.075
  vertex 0.14162974 -0.34192428 0.07499996
 endloop
endfacet
facet normal -0.13928108 0.7002146 0.70021445
 outer loop
  vertex 0.14162974 -0.34192428 0.07499996
  vertex -3.5033807e-09 -0.37009618 0.075
  vertex 1.0241433e-08 -0.42499998 0.12990382
 endloop
endfacet
facet normal -0.139281 0.7002145 0.7002145
 outer loop
  vertex 0.14162974 -0.34192428 0.07499996
  vertex 1.0241433e-08 -0.42499998 0.12990382
  vertex 0.16264053 -0.3926488 0.12990376
 endloop
endfacet
facet normal -0.05141382 0.25847661 0.96464837
 outer loop
  vertex 0.16264053 -0.3926488 0.12990376
  vertex 1.0241433e-08 -0.42499998 0.12990382
  vertex 1.1127256e-08 -0.5 0.15
 endloop
endfacet
facet normal -0.05141392 0.25847673 0.9646483
 outer loop
  vertex 0.16264053 -0.3926488 0.12990376
  vertex 1.1127256e-08 -0.5 0.15
  vertex 0.1913418 -0.46193975 0.14999995
 endloop
endfacet
facet normal 0.051414512 -0.25847667 0.9646483
 outer loop
  vertex 0.1913418 -0.46193975 0.14999995
  vertex 1.1127256e-08 -0.5 0.15
  vertex -1.0832508e-09 -0.575 0.12990382
 endloop
endfacet
facet normal 0.05141458 -0.25847682 0.96464825
 outer loop
  vertex 0.1913418 -0.46193975 0.14999995
  vertex -1.0832508e-09 -0.575 0.12990382
  vertex 0.22004306 -0.5312307 0.12990375
 endloop
endfacet
facet normal 0.13928165 -0.7002146 0.7002144
 outer loop
  vertex 0.22004306 -0.5312307 0.12990375
  vertex -1.0832508e-09 -0.575 0.12990382
  vertex -2.3118313e-08 -0.6299038 0.075
 endloop
endfacet
facet normal 0.1392816 -0.70021456 0.70021445
 outer loop
  vertex 0.22004306 -0.5312307 0.12990375
  vertex -2.3118313e-08 -0.6299038 0.075
  vertex 0.24105383 -0.5819552 0.07499992
 endloop
endfacet
facet normal 0.18868357 -0.94857585 0.25416997
 outer loop
  vertex 0.24105383 -0.5819552 0.07499992
  vertex -2.3118313e-08 -0.6299038 0.075
  vertex -4.9073634e-08 -0.65 1.599022e-14
 endloop
endfacet
facet normal 0.18868342 -0.94857574 0.25417045
 outer loop
  vertex 0.24105383 -0.5819552 0.07499992
  vertex -4.9073634e-08 -0.65 1.599022e-14
  vertex 0.24874428 -0.6005217 -8.1051176e-08
 endloop
endfacet
facet normal -0.18868366 -0.9485759 -0.2541697
 outer loop
  vertex -4.9073634e-08 -0.65 1.599022e-14
  vertex -0.24874437 -0.6005216 8.1051205e-08
  vertex -0.24105392 -0.5819552 -0.07499992
 endloop
endfacet
facet normal -0.18868358 -0.94857585 -0.25416997
 outer loop
  vertex -4.9073634e-08 -0.65 1.599022e-14
  vertex -0.24105392 -0.5819552 -0.07499992
  vertex -7.199452e-08 -0.6299038 -0.075
 endloop
endfacet
facet normal -0.1392816 -0.70021456 -0.7002144
 outer loop
  vertex -7.199452e-08 -0.6299038 -0.075
  vertex -0.24105392 -0.5819552 -0.07499992
  vertex -0.22004315 -0.5312307 -0.12990375
 endloop
endfacet
facet normal -0.13928163 -0.70021456 -0.7002143
 outer loop
  vertex -7.199452e-08 -0.6299038 -0.075
  vertex -0.22004315 -0.5312307 -0.12990375
  vertex -8.573933e-08 -0.575 -0.12990382
 endloop
endfacet
facet normal -0.051414557 -0.2584767 -0.96464837
 outer loop
  vertex -8.573933e-08 -0.575 -0.12990382
  vertex -0.22004315 -0.5312307 -0.12990375
  vertex -0.19134188 -0.46193972 -0.14999995
 endloop
endfacet
facet normal -0.05141455 -0.25847667 -0.9646483
 outer loop
  vertex -8.573933e-08 -0.575 -0.12990382
  vertex -0.19134188 -0.46193972 -0.14999995
  vertex -8.662516e-08 -0.5 -0.15
 endloop
endfacet
facet normal 0.051413976 0.25847682 -0.9646483
 outer loop
  vertex -8.662516e-08 -0.5 -0.15
  vertex -0.19134188 -0.46193972 -0.14999995
  vertex -0.1626406 -0.3926488 -0.12990376
 endloop
endfacet
facet normal 0.051413886 0.25847673 -0.96464837
 outer loop
  vertex -8.662516e-08 -0.5 -0.15
  vertex -0.1626406 -0.3926488 -0.12990376
  vertex -7.441465e-08 -0.425 -0.12990382
 endloop
endfacet
facet normal 0.1392811 0.7002143 -0.70021474
 outer loop
  vertex -7.441465e-08 -0.425 -0.12990382
  vertex -0.1626406 -0.3926488 -0.12990376
  vertex -0.14162979 -0.34192425 -0.07499996
 endloop
endfacet
facet normal 0.1392812 0.7002144 -0.7002146
 outer loop
  vertex -7.441465e-08 -0.425 -0.12990382
  vertex -0.14162979 -0.34192425 -0.07499996
  vertex -5.2379587e-08 -0.37009618 -0.075
 endloop
endfacet
facet normal 0.18868352 0.9485758 -0.2541702
 outer loop
  vertex -5.2379587e-08 -0.37009618 -0.075
  vertex -0.14162979 -0.34192425 -0.07499996
  vertex -0.13393928 -0.3233578 4.364296e-08
 endloop
endfacet
facet normal 0.18868358 0.94857585 -0.2541701
 outer loop
  vertex -5.2379587e-08 -0.37009618 -0.075
  vertex -0.13393928 -0.3233578 4.364296e-08
  vertex -2.6424265e-08 -0.35 8.591749e-15
 endloop
endfacet
facet normal 0.18868373 0.94857585 0.25417006
 outer loop
  vertex -2.6424265e-08 -0.35 8.591749e-15
  vertex -0.13393928 -0.3233578 4.364296e-08
  vertex -0.14162973 -0.34192425 0.07500005
 endloop
endfacet
facet normal 0.18868369 0.9485758 0.25416997
 outer loop
  vertex -2.6424265e-08 -0.35 8.591749e-15
  vertex -0.14162973 -0.34192425 0.07500005
  vertex -3.5033807e-09 -0.37009618 0.075
 endloop
endfacet
facet normal 0.13928168 0.70021456 0.7002144
 outer loop
  vertex -3.5033807e-09 -0.37009618 0.075
  vertex -0.14162973 -0.34192425 0.07500005
  vertex -0.16264051 -0.39264876 0.12990388
 endloop
endfacet
facet normal 0.13928166 0.7002146 0.7002143
 outer loop
  vertex -3.5033807e-09 -0.37009618 0.075
  vertex -0.16264051 -0.39264876 0.12990388
  vertex 1.0241433e-08 -0.42499998 0.12990382
 endloop
endfacet
facet normal 0.05141455 0.25847653 0.96464837
 outer loop
  vertex 1.0241433e-08 -0.42499998 0.12990382
  vertex -0.16264051 -0.39264876 0.12990388
  vertex -0.19134179 -0.46193972 0.15000007
 endloop
endfacet
facet normal 0.05141453 0.2584766 0.96464837
 outer loop
  vertex 1.0241433e-08 -0.42499998 0.12990382
  vertex -0.19134179 -0.46193972 0.15000007
  vertex 1.1127256e-08 -0.5 0.15
 endloop
endfacet
facet normal -0.05141392 -0.25847656 0.96464837
 outer loop
  vertex 1.1127256e-08 -0.5 0.15
  vertex -0.19134179 -0.46193972 0.15000007
  vertex -0.22004306 -0.5312307 0.1299039
 endloop
endfacet
facet normal -0.0514139 -0.2584767 0.9646483
 outer loop
  vertex 1.1127256e-08 -0.5 0.15
  vertex -0.22004306 -0.5312307 0.1299039
  vertex -1.0832508e-09 -0.575 0.12990382
 endloop
endfacet
facet normal -0.13928114 -0.70021456 0.7002145
 outer loop
  vertex -1.0832508e-09 -0.575 0.12990382
  vertex -0.22004306 -0.5312307 0.1299039
  vertex -0.24105386 -0.5819552 0.075000085
 endloop
endfacet
facet normal -0.13928115 -0.7002146 0.7002145
 outer loop
  vertex -1.0832508e-09 -0.575 0.12990382
  vertex -0.24105386 -0.5819552 0.075000085
  vertex -2.3118313e-08 -0.6299038 0.075
 endloop
endfacet
facet normal -0.18868342 -0.94857585 0.25416982
 outer loop
  vertex -2.3118313e-08 -0.6299038 0.075
  vertex -0.24105386 -0.5819552 0.075000085
  vertex -0.24874437 -0.6005216 8.1051205e-08
 endloop
endfacet
facet normal -0.1886835 -0.9485759 0.2541701
 outer loop
  vertex -2.3118313e-08 -0.6299038 0.075
  vertex -0.24874437 -0.6005216 8.1051205e-08
  vertex -4.9073634e-08 -0.65 1.599022e-14
 endloop
endfacet
facet normal -0.537325 -0.8041639 -0.25416982
 outer loop
  vertex -0.24874437 -0.6005216 8.1051205e-08
  vertex -0.45961916 -0.45961964 1.4976294e-07
  vertex -0.44540903 -0.4454095 -0.07499986
 endloop
endfacet
facet normal -0.5373251 -0.8041639 -0.25416964
 outer loop
  vertex -0.24874437 -0.6005216 8.1051205e-08
  vertex -0.44540903 -0.4454095 -0.07499986
  vertex -0.24105392 -0.5819552 -0.07499992
 endloop
endfacet
facet normal -0.39663973 -0.59361315 -0.70021445
 outer loop
  vertex -0.24105392 -0.5819552 -0.07499992
  vertex -0.44540903 -0.4454095 -0.07499986
  vertex -0.4065862 -0.40658662 -0.12990369
 endloop
endfacet
facet normal -0.39663985 -0.5936132 -0.7002143
 outer loop
  vertex -0.24105392 -0.5819552 -0.07499992
  vertex -0.4065862 -0.40658662 -0.12990369
  vertex -0.22004315 -0.5312307 -0.12990375
 endloop
endfacet
facet normal -0.1464156 -0.21912597 -0.96464825
 outer loop
  vertex -0.22004315 -0.5312307 -0.12990375
  vertex -0.4065862 -0.40658662 -0.12990369
  vertex -0.35355327 -0.3535536 -0.14999989
 endloop
endfacet
facet normal -0.14641555 -0.21912596 -0.9646483
 outer loop
  vertex -0.22004315 -0.5312307 -0.12990375
  vertex -0.35355327 -0.3535536 -0.14999989
  vertex -0.19134188 -0.46193972 -0.14999995
 endloop
endfacet
facet normal 0.14641489 0.21912603 -0.96464837
 outer loop
  vertex -0.19134188 -0.46193972 -0.14999995
  vertex -0.35355327 -0.3535536 -0.14999989
  vertex -0.30052027 -0.30052057 -0.12990372
 endloop
endfacet
facet normal 0.14641501 0.21912609 -0.96464837
 outer loop
  vertex -0.19134188 -0.46193972 -0.14999995
  vertex -0.30052027 -0.30052057 -0.12990372
  vertex -0.1626406 -0.3926488 -0.12990376
 endloop
endfacet
facet normal 0.39663926 0.5936132 -0.7002148
 outer loop
  vertex -0.1626406 -0.3926488 -0.12990376
  vertex -0.30052027 -0.30052057 -0.12990372
  vertex -0.2616974 -0.26169768 -0.07499992
 endloop
endfacet
facet normal 0.39663917 0.59361315 -0.70021486
 outer loop
  vertex -0.1626406 -0.3926488 -0.12990376
  vertex -0.2616974 -0.26169768 -0.07499992
  vertex -0.14162979 -0.34192425 -0.07499996
 endloop
endfacet
facet normal 0.53732467 0.80416393 -0.2541703
 outer loop
  vertex -0.14162979 -0.34192425 -0.07499996
  vertex -0.2616974 -0.26169768 -0.07499992
  vertex -0.24748725 -0.24748752 8.0641584e-08
 endloop
endfacet
facet normal 0.5373247 0.80416393 -0.25417036
 outer loop
  vertex -0.14162979 -0.34192425 -0.07499996
  vertex -0.24748725 -0.24748752 8.0641584e-08
  vertex -0.13393928 -0.3233578 4.364296e-08
 endloop
endfacet
facet normal 0.5373249 0.8041639 0.25416994
 outer loop
  vertex -0.13393928 -0.3233578 4.364296e-08
  vertex -0.24748725 -0.24748752 8.0641584e-08
  vertex -0.26169735 -0.26169768 0.075000085
 endloop
endfacet
facet normal 0.53732485 0.80416393 0.25416988
 outer loop
  vertex -0.13393928 -0.3233578 4.364296e-08
  vertex -0.26169735 -0.26169768 0.075000085
  vertex -0.14162973 -0.34192425 0.07500005
 endloop
endfacet
facet normal 0.3966398 0.59361345 0.7002142
 outer loop
  vertex -0.14162973 -0.34192425 0.07500005
  vertex -0.26169735 -0.26169768 0.075000085
  vertex -0.30052018 -0.30052054 0.12990393
 endloop
endfacet
facet normal 0.39663976 0.59361327 0.7002143
 outer loop
  vertex -0.14162973 -0.34192425 0.07500005
  vertex -0.30052018 -0.30052054 0.12990393
  vertex -0.16264051 -0.39264876 0.12990388
 endloop
endfacet
facet normal 0.1464155 0.2191259 0.9646483
 outer loop
  vertex -0.16264051 -0.39264876 0.12990388
  vertex -0.30052018 -0.30052054 0.12990393
  vertex -0.35355315 -0.3535536 0.15000013
 endloop
endfacet
facet normal 0.14641547 0.21912578 0.96464825
 outer loop
  vertex -0.16264051 -0.39264876 0.12990388
  vertex -0.35355315 -0.3535536 0.15000013
  vertex -0.19134179 -0.46193972 0.15000007
 endloop
endfacet
facet normal -0.1464149 -0.21912602 0.96464837
 outer loop
  vertex -0.19134179 -0.46193972 0.15000007
  vertex -0.35355315 -0.3535536 0.15000013
  vertex -0.40658614 -0.40658662 0.12990396
 endloop
endfacet
facet normal -0.14641488 -0.21912587 0.96464837
 outer loop
  vertex -0.19134179 -0.46193972 0.15000007
  vertex -0.40658614 -0.40658662 0.12990396
  vertex -0.22004306 -0.5312307 0.1299039
 endloop
endfacet
facet normal -0.39663944 -0.59361327 0.7002146
 outer loop
  vertex -0.22004306 -0.5312307 0.1299039
  vertex -0.40658614 -0.40658662 0.12990396
  vertex -0.44540897 -0.4454095 0.075000145
 endloop
endfacet
facet normal -0.3966394 -0.59361327 0.7002146
 outer loop
  vertex -0.22004306 -0.5312307 0.1299039
  vertex -0.44540897 -0.4454095 0.075000145
  vertex -0.24105386 -0.5819552 0.075000085
 endloop
endfacet
facet normal -0.5373249 -0.8041638 0.25417024
 outer loop
  vertex -0.24105386 -0.5819552 0.075000085
  vertex -0.44540897 -0.4454095 0.075000145
  vertex -0.45961916 -0.45961964 1.4976294e-07
 endloop
endfacet
facet normal -0.5373249 -0.80416393 0.25417
 outer loop
  vertex -0.24105386 -0.5819552 0.075000085
  vertex -0.45961916 -0.45961964 1.4976294e-07
  vertex -0.24874437 -0.6005216 8.1051205e-08
 endloop
endfacet
facet normal -0.80416363 -0.5373254 -0.25416985
 outer loop
  vertex -0.45961916 -0.45961964 1.4976294e-07
  vertex -0.60052156 -0.24874447 1.9567477e-07
  vertex -0.58195513 -0.24105398 -0.07499982
 endloop
endfacet
facet normal -0.8041637 -0.5373254 -0.25416982
 outer loop
  vertex -0.45961916 -0.45961964 1.4976294e-07
  vertex -0.58195513 -0.24105398 -0.07499982
  vertex -0.44540903 -0.4454095 -0.07499986
 endloop
endfacet
facet normal -0.59361345 -0.39664 -0.70021415
 outer loop
  vertex -0.44540903 -0.4454095 -0.07499986
  vertex -0.58195513 -0.24105398 -0.07499982
  vertex -0.5312307 -0.22004318 -0.12990364
 endloop
endfacet
facet normal -0.59361315 -0.3966399 -0.70021445
 outer loop
  vertex -0.44540903 -0.4454095 -0.07499986
  vertex -0.5312307 -0.22004318 -0.12990364
  vertex -0.4065862 -0.40658662 -0.12990369
 endloop
endfacet
facet normal -0.21912628 -0.14641544 -0.96464825
 outer loop
  vertex -0.4065862 -0.40658662 -0.12990369
  vertex -0.5312307 -0.22004318 -0.12990364
  vertex -0.46193975 -0.1913419 -0.14999986
 endloop
endfacet
facet normal -0.21912624 -0.14641544 -0.9646482
 outer loop
  vertex -0.4065862 -0.40658662 -0.12990369
  vertex -0.46193975 -0.1913419 -0.14999986
  vertex -0.35355327 -0.3535536 -0.14999989
 endloop
endfacet
facet normal 0.21912563 0.14641538 -0.96464837
 outer loop
  vertex -0.35355327 -0.3535536 -0.14999989
  vertex -0.46193975 -0.1913419 -0.14999986
  vertex -0.3926488 -0.16264063 -0.12990369
 endloop
endfacet
facet normal 0.21912558 0.14641537 -0.96464837
 outer loop
  vertex -0.35355327 -0.3535536 -0.14999989
  vertex -0.3926488 -0.16264063 -0.12990369
  vertex -0.30052027 -0.30052057 -0.12990372
 endloop
endfacet
facet normal 0.5936127 0.3966398 -0.7002148
 outer loop
  vertex -0.30052027 -0.30052057 -0.12990372
  vertex -0.3926488 -0.16264063 -0.12990369
  vertex -0.34192425 -0.14162982 -0.07499989
 endloop
endfacet
facet normal 0.5936128 0.39663982 -0.70021474
 outer loop
  vertex -0.30052027 -0.30052057 -0.12990372
  vertex -0.34192425 -0.14162982 -0.07499989
  vertex -0.2616974 -0.26169768 -0.07499992
 endloop
endfacet
facet normal 0.8041635 0.5373253 -0.25417018
 outer loop
  vertex -0.2616974 -0.26169768 -0.07499992
  vertex -0.34192425 -0.14162982 -0.07499989
  vertex -0.3233578 -0.13393933 1.0536335e-07
 endloop
endfacet
facet normal 0.80416346 0.5373254 -0.25417033
 outer loop
  vertex -0.2616974 -0.26169768 -0.07499992
  vertex -0.3233578 -0.13393933 1.0536335e-07
  vertex -0.24748725 -0.24748752 8.0641584e-08
 endloop
endfacet
facet normal 0.8041637 0.53732544 0.25416958
 outer loop
  vertex -0.24748725 -0.24748752 8.0641584e-08
  vertex -0.3233578 -0.13393933 1.0536335e-07
  vertex -0.3419242 -0.14162982 0.075000115
 endloop
endfacet
facet normal 0.8041637 0.53732526 0.2541697
 outer loop
  vertex -0.24748725 -0.24748752 8.0641584e-08
  vertex -0.3419242 -0.14162982 0.075000115
  vertex -0.26169735 -0.26169768 0.075000085
 endloop
endfacet
facet normal 0.5936132 0.3966398 0.7002143
 outer loop
  vertex -0.26169735 -0.26169768 0.075000085
  vertex -0.3419242 -0.14162982 0.075000115
  vertex -0.3926487 -0.16264062 0.12990396
 endloop
endfacet
facet normal 0.5936133 0.39664 0.7002142
 outer loop
  vertex -0.26169735 -0.26169768 0.075000085
  vertex -0.3926487 -0.16264062 0.12990396
  vertex -0.30052018 -0.30052054 0.12990393
 endloop
endfacet
facet normal 0.21912612 0.14641532 0.9646483
 outer loop
  vertex -0.30052018 -0.30052054 0.12990393
  vertex -0.3926487 -0.16264062 0.12990396
  vertex -0.46193963 -0.1913419 0.15000015
 endloop
endfacet
facet normal 0.21912614 0.14641537 0.9646483
 outer loop
  vertex -0.30052018 -0.30052054 0.12990393
  vertex -0.46193963 -0.1913419 0.15000015
  vertex -0.35355315 -0.3535536 0.15000013
 endloop
endfacet
facet normal -0.21912555 -0.14641532 0.9646484
 outer loop
  vertex -0.35355315 -0.3535536 0.15000013
  vertex -0.46193963 -0.1913419 0.15000015
  vertex -0.53123057 -0.22004318 0.129904
 endloop
endfacet
facet normal -0.21912561 -0.14641538 0.9646484
 outer loop
  vertex -0.35355315 -0.3535536 0.15000013
  vertex -0.53123057 -0.22004318 0.129904
  vertex -0.40658614 -0.40658662 0.12990396
 endloop
endfacet
facet normal -0.59361273 -0.39663976 0.70021486
 outer loop
  vertex -0.40658614 -0.40658662 0.12990396
  vertex -0.53123057 -0.22004318 0.129904
  vertex -0.58195513 -0.24105398 0.07500019
 endloop
endfacet
facet normal -0.59361285 -0.3966401 0.70021456
 outer loop
  vertex -0.40658614 -0.40658662 0.12990396
  vertex -0.58195513 -0.24105398 0.07500019
  vertex -0.44540897 -0.4454095 0.075000145
 endloop
endfacet
facet normal -0.80416346 -0.53732556 0.2541699
 outer loop
  vertex -0.44540897 -0.4454095 0.075000145
  vertex -0.58195513 -0.24105398 0.07500019
  vertex -0.60052156 -0.24874447 1.9567477e-07
 endloop
endfacet
facet normal -0.80416346 -0.5373254 0.25417042
 outer loop
  vertex -0.44540897 -0.4454095 0.075000145
  vertex -0.60052156 -0.24874447 1.9567477e-07
  vertex -0.45961916 -0.45961964 1.4976294e-07
 endloop
endfacet
facet normal -0.94857585 -0.18868367 -0.25417003
 outer loop
  vertex -0.60052156 -0.24874447 1.9567477e-07
  vertex -0.65 0 2.1179689e-07
  vertex -0.6299038 0 -0.074999794
 endloop
endfacet
facet normal -0.9485759 -0.18868361 -0.2541698
 outer loop
  vertex -0.60052156 -0.24874447 1.9567477e-07
  vertex -0.6299038 0 -0.074999794
  vertex -0.58195513 -0.24105398 -0.07499982
 endloop
endfacet
facet normal -0.7002151 -0.1392815 -0.7002139
 outer loop
  vertex -0.58195513 -0.24105398 -0.07499982
  vertex -0.6299038 0 -0.074999794
  vertex -0.57500005 0 -0.12990363
 endloop
endfacet
facet normal -0.700215 -0.13928153 -0.7002141
 outer loop
  vertex -0.58195513 -0.24105398 -0.07499982
  vertex -0.57500005 0 -0.12990363
  vertex -0.5312307 -0.22004318 -0.12990364
 endloop
endfacet
facet normal -0.25847703 -0.051414274 -0.9646481
 outer loop
  vertex -0.5312307 -0.22004318 -0.12990364
  vertex -0.57500005 0 -0.12990363
  vertex -0.50000006 0 -0.14999984
 endloop
endfacet
facet normal -0.25847712 -0.051414266 -0.9646482
 outer loop
  vertex -0.5312307 -0.22004318 -0.12990364
  vertex -0.50000006 0 -0.14999984
  vertex -0.46193975 -0.1913419 -0.14999986
 endloop
endfacet
facet normal 0.25847626 0.051414244 -0.9646484
 outer loop
  vertex -0.46193975 -0.1913419 -0.14999986
  vertex -0.50000006 0 -0.14999984
  vertex -0.42500004 0 -0.12990369
 endloop
endfacet
facet normal 0.25847647 0.0514142 -0.96464837
 outer loop
  vertex -0.46193975 -0.1913419 -0.14999986
  vertex -0.42500004 0 -0.12990369
  vertex -0.3926488 -0.16264063 -0.12990369
 endloop
endfacet
facet normal 0.7002143 0.13928138 -0.7002147
 outer loop
  vertex -0.3926488 -0.16264063 -0.12990369
  vertex -0.42500004 0 -0.12990369
  vertex -0.3700962 0 -0.074999884
 endloop
endfacet
facet normal 0.70021415 0.13928147 -0.7002149
 outer loop
  vertex -0.3926488 -0.16264063 -0.12990369
  vertex -0.3700962 0 -0.074999884
  vertex -0.34192425 -0.14162982 -0.07499989
 endloop
endfacet
facet normal 0.94857574 0.18868369 -0.2541704
 outer loop
  vertex -0.34192425 -0.14162982 -0.07499989
  vertex -0.3700962 0 -0.074999884
  vertex -0.35 0 1.14044475e-07
 endloop
endfacet
facet normal 0.9485758 0.18868357 -0.25417015
 outer loop
  vertex -0.34192425 -0.14162982 -0.07499989
  vertex -0.35 0 1.14044475e-07
  vertex -0.3233578 -0.13393933 1.0536335e-07
 endloop
endfacet
facet normal 0.9485759 0.18868357 0.25416964
 outer loop
  vertex -0.3233578 -0.13393933 1.0536335e-07
  vertex -0.35 0 1.14044475e-07
  vertex -0.37009615 0 0.07500012
 endloop
endfacet
facet normal 0.948576 0.18868373 0.25416943
 outer loop
  vertex -0.3233578 -0.13393933 1.0536335e-07
  vertex -0.37009615 0 0.07500012
  vertex -0.3419242 -0.14162982 0.075000115
 endloop
endfacet
facet normal 0.7002147 0.13928148 0.70021427
 outer loop
  vertex -0.3419242 -0.14162982 0.075000115
  vertex -0.37009615 0 0.07500012
  vertex -0.42499995 0 0.12990396
 endloop
endfacet
facet normal 0.7002146 0.13928147 0.7002143
 outer loop
  vertex -0.3419242 -0.14162982 0.075000115
  vertex -0.42499995 0 0.12990396
  vertex -0.3926487 -0.16264062 0.12990396
 endloop
endfacet
facet normal 0.25847706 0.051414326 0.96464825
 outer loop
  vertex -0.3926487 -0.16264062 0.12990396
  vertex -0.42499995 0 0.12990396
  vertex -0.49999994 0 0.15000017
 endloop
endfacet
facet normal 0.2584769 0.05141423 0.96464825
 outer loop
  vertex -0.3926487 -0.16264062 0.12990396
  vertex -0.49999994 0 0.15000017
  vertex -0.46193963 -0.1913419 0.15000015
 endloop
endfacet
facet normal -0.25847635 -0.051414266 0.9646484
 outer loop
  vertex -0.46193963 -0.1913419 0.15000015
  vertex -0.49999994 0 0.15000017
  vertex -0.5749999 0 0.12990402
 endloop
endfacet
facet normal -0.25847635 -0.051414263 0.9646485
 outer loop
  vertex -0.46193963 -0.1913419 0.15000015
  vertex -0.5749999 0 0.12990402
  vertex -0.53123057 -0.22004318 0.129904
 endloop
endfacet
facet normal -0.7002141 -0.13928147 0.70021486
 outer loop
  vertex -0.53123057 -0.22004318 0.129904
  vertex -0.5749999 0 0.12990402
  vertex -0.6299038 0 0.07500021
 endloop
endfacet
facet normal -0.700214 -0.1392814 0.7002149
 outer loop
  vertex -0.53123057 -0.22004318 0.129904
  vertex -0.6299038 0 0.07500021
  vertex -0.58195513 -0.24105398 0.07500019
 endloop
endfacet
facet normal -0.9485758 -0.18868364 0.25417003
 outer loop
  vertex -0.58195513 -0.24105398 0.07500019
  vertex -0.6299038 0 0.07500021
  vertex -0.65 0 2.1179689e-07
 endloop
endfacet
facet normal -0.94857585 -0.1886837 0.25416982
 outer loop
  vertex -0.58195513 -0.24105398 0.07500019
  vertex -0.65 0 2.1179689e-07
  vertex -0.60052156 -0.24874447 1.9567477e-07
 endloop
endfacet
facet normal -0.34097344 0.92387956 -0.17373453
 outer loop
  vertex -0.45399028 0.1 -0.008993447
  vertex -7.0917324e-08 0.1 -0.90000004
  vertex -0.063003756 0.07071069 -0.93210196
 endloop
endfacet
facet normal -0.34097356 0.92387956 -0.17373456
 outer loop
  vertex -0.45399028 0.1 -0.008993447
  vertex -0.063003756 0.07071069 -0.93210196
  vertex -0.51699394 0.07071068 -0.041095376
 endloop
endfacet
facet normal -0.82318276 0.3826836 -0.41943225
 outer loop
  vertex -0.51699394 0.07071068 -0.041095376
  vertex -0.063003756 0.07071069 -0.93210196
  vertex -0.08910075 7.336889e-09 -0.94539905
 endloop
endfacet
facet normal -0.82318264 0.38268393 -0.4194322
 outer loop
  vertex -0.51699394 0.07071068 -0.041095376
  vertex -0.08910075 7.336889e-09 -0.94539905
  vertex -0.54309094 -2.3672211e-10 -0.054392517
 endloop
endfacet
facet normal -0.82318276 -0.38268352 -0.41943225
 outer loop
  vertex -0.54309094 -2.3672211e-10 -0.054392517
  vertex -0.08910075 7.336889e-09 -0.94539905
  vertex -0.06300376 -0.070710674 -0.93210196
 endloop
endfacet
facet normal -0.82318264 -0.38268393 -0.4194322
 outer loop
  vertex -0.54309094 -2.3672211e-10 -0.054392517
  vertex -0.06300376 -0.070710674 -0.93210196
  vertex -0.51699394 -0.07071068 -0.041095376
 endloop
endfacet
facet normal -0.34097365 -0.92387944 -0.1737346
 outer loop
  vertex -0.51699394 -0.07071068 -0.041095376
  vertex -0.06300376 -0.070710674 -0.93210196
  vertex -8.440631e-08 -0.1 -0.90000004
 endloop
endfacet
facet normal -0.34097356 -0.92387956 -0.17373458
 outer loop
  vertex -0.51699394 -0.07071068 -0.041095376
  vertex -8.440631e-08 -0.1 -0.90000004
  vertex -0.45399028 -0.1 -0.008993447
 endloop
endfacet
facet normal 0.34097347 -0.92387956 0.17373455
 outer loop
  vertex -0.45399028 -0.1 -0.008993447
  vertex -8.440631e-08 -0.1 -0.90000004
  vertex 0.06300359 -0.07071069 -0.8678981
 endloop
endfacet
facet normal 0.34097362 -0.92387944 0.17373464
 outer loop
  vertex -0.45399028 -0.1 -0.008993447
  vertex 0.06300359 -0.07071069 -0.8678981
  vertex -0.39098662 -0.07071068 0.023108482
 endloop
endfacet
facet normal 0.8231827 -0.3826836 0.41943228
 outer loop
  vertex -0.39098662 -0.07071068 0.023108482
  vertex 0.06300359 -0.07071069 -0.8678981
  vertex 0.089100584 -7.336889e-09 -0.854601
 endloop
endfacet
facet normal 0.82318264 -0.38268387 0.4194322
 outer loop
  vertex -0.39098662 -0.07071068 0.023108482
  vertex 0.089100584 -7.336889e-09 -0.854601
  vertex -0.36488962 2.3672211e-10 0.036405623
 endloop
endfacet
facet normal 0.45398983 3.091567e-07 -0.8910069
 outer loop
  vertex -0.08910075 7.336889e-09 -0.94539905
  vertex -0.063003756 0.07071069 -0.93210196
  vertex -7.0917324e-08 0.1 -0.90000004
 endloop
endfacet
facet normal 0.4539899 -3.3726192e-07 -0.8910069
 outer loop
  vertex -7.0917324e-08 0.1 -0.90000004
  vertex 0.0630036 0.070710674 -0.8678981
  vertex 0.089100584 -7.336889e-09 -0.854601
 endloop
endfacet
facet normal 0.4539899 2.8105157e-07 -0.8910068
 outer loop
  vertex 0.089100584 -7.336889e-09 -0.854601
  vertex 0.06300359 -0.07071069 -0.8678981
  vertex -8.440631e-08 -0.1 -0.90000004
 endloop
endfacet
facet normal 0.45398983 -3.6536701e-07 -0.8910069
 outer loop
  vertex -8.440631e-08 -0.1 -0.90000004
  vertex -0.06300376 -0.070710674 -0.93210196
  vertex -0.08910075 7.336889e-09 -0.94539905
 endloop
endfacet
facet normal 0.45399016 -2.3283064e-08 -0.89100677
 outer loop
  vertex -0.08910075 7.336889e-09 -0.94539905
  vertex -7.0917324e-08 0.1 -0.90000004
  vertex 0.089100584 -7.336889e-09 -0.854601
 endloop
endfacet
facet normal 0.45399016 0 -0.89100677
 outer loop
  vertex 0.089100584 -7.336889e-09 -0.854601
  vertex -8.440631e-08 -0.1 -0.90000004
  vertex -0.08910075 7.336889e-09 -0.94539905
 endloop
endfacet
facet normal 0.8231828 0.38268355 0.41943228
 outer loop
  vertex -0.36488962 2.3672211e-10 0.036405623
  vertex 0.089100584 -7.336889e-09 -0.854601
  vertex 0.0630036 0.070710674 -0.8678981
 endloop
endfacet
facet normal 0.82318264 0.38268393 0.41943222
 outer loop
  vertex -0.36488962 2.3672211e-10 0.036405623
  vertex 0.0630036 0.070710674 -0.8678981
  vertex -0.39098662 0.07071068 0.023108482
 endloop
endfacet
facet normal 0.34097365 0.92387944 0.1737346
 outer loop
  vertex -0.39098662 0.07071068 0.023108482
  vertex 0.0630036 0.070710674 -0.8678981
  vertex -7.0917324e-08 0.1 -0.90000004
 endloop
endfacet
facet normal 0.34097356 0.92387956 0.17373458
 outer loop
  vertex -0.39098662 0.07071068 0.023108482
  vertex -7.0917324e-08 0.1 -0.90000004
  vertex -0.45399028 0.1 -0.008993447
 endloop
endfacet
facet normal -0.45399007 0 0.89100677
 outer loop
  vertex -0.39098662 0.07071068 0.023108482
  vertex -0.45399028 0.1 -0.008993447
  vertex -0.51699394 0.07071068 -0.041095376
 endloop
endfacet
facet normal -0.453992 0 0.8910058
 outer loop
  vertex -0.51699394 0.07071068 -0.041095376
  vertex -0.54309094 -2.3672211e-10 -0.054392517
  vertex -0.51699394 -0.07071068 -0.041095376
 endloop
endfacet
facet normal -0.45399007 0 0.89100677
 outer loop
  vertex -0.51699394 -0.07071068 -0.041095376
  vertex -0.45399028 -0.1 -0.008993447
  vertex -0.39098662 -0.07071068 0.023108482
 endloop
endfacet
facet normal -0.453992 0 0.8910058
 outer loop
  vertex -0.39098662 -0.07071068 0.023108482
  vertex -0.36488962 2.3672211e-10 0.036405623
  vertex -0.39098662 0.07071068 0.023108482
 endloop
endfacet
facet normal -0.45399007 0 0.8910068
 outer loop
  vertex -0.39098662 0.07071068 0.023108482
  vertex -0.51699394 0.07071068 -0.041095376
  vertex -0.51699394 -0.07071068 -0.041095376
 endloop
endfacet
facet normal -0.45399007 0 0.8910068
 outer loop
  vertex -0.51699394 -0.07071068 -0.041095376
  vertex -0.39098662 -0.07071068 0.023108482
  vertex -0.39098662 0.07071068 0.023108482
 endloop
endfacet
facet normal 0.92387956 0.3409732 -0.17373487
 outer loop
  vertex 0.10000025 0.4539905 -0.008993626
  vertex 0.09999992 -1.5312967e-08 -0.90000004
  vertex 0.07071061 0.06300366 -0.932102
 endloop
endfacet
facet normal 0.9238795 0.3409734 -0.17373498
 outer loop
  vertex 0.10000025 0.4539905 -0.008993626
  vertex 0.07071061 0.06300366 -0.932102
  vertex 0.07071092 0.5169942 -0.041095555
 endloop
endfacet
facet normal 0.38268358 0.8231825 -0.4194326
 outer loop
  vertex 0.07071092 0.5169942 -0.041095555
  vertex 0.07071061 0.06300366 -0.932102
  vertex -7.940959e-08 0.08910065 -0.9453991
 endloop
endfacet
facet normal 0.38268387 0.82318246 -0.41943258
 outer loop
  vertex 0.07071092 0.5169942 -0.041095555
  vertex -7.940959e-08 0.08910065 -0.9453991
  vertex 2.3761888e-07 0.5430912 -0.054392695
 endloop
endfacet
facet normal -0.38268366 0.8231826 -0.41943237
 outer loop
  vertex 2.3761888e-07 0.5430912 -0.054392695
  vertex -7.940959e-08 0.08910065 -0.9453991
  vertex -0.070710756 0.06300368 -0.93210196
 endloop
endfacet
facet normal -0.38268393 0.8231825 -0.41943237
 outer loop
  vertex 2.3761888e-07 0.5430912 -0.054392695
  vertex -0.070710756 0.06300368 -0.93210196
  vertex -0.07071044 0.5169942 -0.041095555
 endloop
endfacet
facet normal -0.9238795 0.34097362 -0.17373444
 outer loop
  vertex -0.07071044 0.5169942 -0.041095555
  vertex -0.070710756 0.06300368 -0.93210196
  vertex -0.10000008 1.3275601e-08 -0.9
 endloop
endfacet
facet normal -0.9238796 0.3409733 -0.17373423
 outer loop
  vertex -0.07071044 0.5169942 -0.041095555
  vertex -0.10000008 1.3275601e-08 -0.9
  vertex -0.099999756 0.4539905 -0.008993506
 endloop
endfacet
facet normal -0.92387956 -0.34097332 0.17373493
 outer loop
  vertex -0.099999756 0.4539905 -0.008993506
  vertex -0.10000008 1.3275601e-08 -0.9
  vertex -0.07071077 -0.06300366 -0.86789805
 endloop
endfacet
facet normal -0.92387944 -0.3409736 0.17373508
 outer loop
  vertex -0.099999756 0.4539905 -0.008993506
  vertex -0.07071077 -0.06300366 -0.86789805
  vertex -0.070710436 0.39098683 0.023108363
 endloop
endfacet
facet normal -0.38268358 -0.8231826 0.4194327
 outer loop
  vertex -0.070710436 0.39098683 0.023108363
  vertex -0.07071077 -0.06300366 -0.86789805
  vertex -7.795141e-08 -0.08910065 -0.85460097
 endloop
endfacet
facet normal -0.38268384 -0.82318246 0.41943258
 outer loop
  vertex -0.070710436 0.39098683 0.023108363
  vertex -7.795141e-08 -0.08910065 -0.85460097
  vertex 2.5422432e-07 0.36488983 0.036405504
 endloop
endfacet
facet normal -9.836799e-08 -0.4539907 -0.89100647
 outer loop
  vertex -7.940959e-08 0.08910065 -0.9453991
  vertex 0.07071061 0.06300366 -0.932102
  vertex 0.09999992 -1.5312967e-08 -0.90000004
 endloop
endfacet
facet normal -1.3349955e-06 -0.4539895 -0.89100695
 outer loop
  vertex 0.09999992 -1.5312967e-08 -0.90000004
  vertex 0.07071059 -0.06300368 -0.8678981
  vertex -7.795141e-08 -0.08910065 -0.85460097
 endloop
endfacet
facet normal 2.8105148e-07 -0.4539899 -0.8910069
 outer loop
  vertex -7.795141e-08 -0.08910065 -0.85460097
  vertex -0.07071077 -0.06300366 -0.86789805
  vertex -0.10000008 1.3275601e-08 -0.9
 endloop
endfacet
facet normal -9.555752e-07 -0.4539903 -0.8910066
 outer loop
  vertex -0.10000008 1.3275601e-08 -0.9
  vertex -0.070710756 0.06300368 -0.93210196
  vertex -7.940959e-08 0.08910065 -0.9453991
 endloop
endfacet
facet normal -6.984918e-08 -0.45399064 -0.8910064
 outer loop
  vertex -7.940959e-08 0.08910065 -0.9453991
  vertex 0.09999992 -1.5312967e-08 -0.90000004
  vertex -7.795141e-08 -0.08910065 -0.85460097
 endloop
endfacet
facet normal -5.820765e-07 -0.45399064 -0.8910064
 outer loop
  vertex -7.795141e-08 -0.08910065 -0.85460097
  vertex -0.10000008 1.3275601e-08 -0.9
  vertex -7.940959e-08 0.08910065 -0.9453991
 endloop
endfacet
facet normal 0.38268372 -0.8231826 0.41943237
 outer loop
  vertex 2.5422432e-07 0.36488983 0.036405504
  vertex -7.795141e-08 -0.08910065 -0.85460097
  vertex 0.07071059 -0.06300368 -0.8678981
 endloop
endfacet
facet normal 0.38268393 -0.8231825 0.41943237
 outer loop
  vertex 2.5422432e-07 0.36488983 0.036405504
  vertex 0.07071059 -0.06300368 -0.8678981
  vertex 0.07071093 0.39098683 0.023108363
 endloop
endfacet
facet normal 0.92387944 -0.34097376 0.17373447
 outer loop
  vertex 0.07071093 0.39098683 0.023108363
  vertex 0.07071059 -0.06300368 -0.8678981
  vertex 0.09999992 -1.5312967e-08 -0.90000004
 endloop
endfacet
facet normal 0.92387956 -0.3409736 0.17373443
 outer loop
  vertex 0.07071093 0.39098683 0.023108363
  vertex 0.09999992 -1.5312967e-08 -0.90000004
  vertex 0.10000025 0.4539905 -0.008993626
 endloop
endfacet
facet normal 1.1242058e-06 0.4539903 0.8910066
 outer loop
  vertex 0.07071093 0.39098683 0.023108363
  vertex 0.10000025 0.4539905 -0.008993626
  vertex 0.07071092 0.5169942 -0.041095555
 endloop
endfacet
facet normal 0 0.453992 0.8910058
 outer loop
  vertex 0.07071092 0.5169942 -0.041095555
  vertex 2.3761888e-07 0.5430912 -0.054392695
  vertex -0.07071044 0.5169942 -0.041095555
 endloop
endfacet
facet normal 2.4732537e-06 0.45399034 0.8910067
 outer loop
  vertex -0.07071044 0.5169942 -0.041095555
  vertex -0.099999756 0.4539905 -0.008993506
  vertex -0.070710436 0.39098683 0.023108363
 endloop
endfacet
facet normal 0 0.453992 0.8910058
 outer loop
  vertex -0.070710436 0.39098683 0.023108363
  vertex 2.5422432e-07 0.36488983 0.036405504
  vertex 0.07071093 0.39098683 0.023108363
 endloop
endfacet
facet normal -0 0.45399028 0.8910066
 outer loop
  vertex 0.07071093 0.39098683 0.023108363
  vertex 0.07071092 0.5169942 -0.041095555
  vertex -0.07071044 0.5169942 -0.041095555
 endloop
endfacet
facet normal 0 0.45399028 0.8910066
 outer loop
  vertex -0.07071044 0.5169942 -0.041095555
  vertex -0.070710436 0.39098683 0.023108363
  vertex 0.07071093 0.39098683 0.023108363
 endloop
endfacet
facet normal 0.3409732 -0.9238797 -0.17373472
 outer loop
  vertex 0.45399067 -0.10000007 -0.008993685
  vertex -1.0154326e-07 -0.1 -0.90000004
  vertex 0.06300357 -0.0707107 -0.932102
 endloop
endfacet
facet normal 0.3409728 -0.9238798 -0.17373458
 outer loop
  vertex 0.45399067 -0.10000007 -0.008993685
  vertex 0.06300357 -0.0707107 -0.932102
  vertex 0.5169944 -0.070710756 -0.041095734
 endloop
endfacet
facet normal 0.82318246 -0.3826836 -0.41943288
 outer loop
  vertex 0.5169944 -0.070710756 -0.041095734
  vertex 0.06300357 -0.0707107 -0.932102
  vertex 0.089100555 -2.0790711e-08 -0.9453991
 endloop
endfacet
facet normal 0.8231823 -0.38268396 -0.41943282
 outer loop
  vertex 0.5169944 -0.070710756 -0.041095734
  vertex 0.089100555 -2.0790711e-08 -0.9453991
  vertex 0.5430914 -8.176778e-08 -0.054392874
 endloop
endfacet
facet normal 0.8231826 0.38268328 -0.41943294
 outer loop
  vertex 0.5430914 -8.176778e-08 -0.054392874
  vertex 0.089100555 -2.0790711e-08 -0.9453991
  vertex 0.06300359 0.07071067 -0.932102
 endloop
endfacet
facet normal 0.82318234 0.38268387 -0.41943273
 outer loop
  vertex 0.5430914 -8.176778e-08 -0.054392874
  vertex 0.06300359 0.07071067 -0.932102
  vertex 0.5169944 0.07071061 -0.041095734
 endloop
endfacet
facet normal 0.3409736 0.9238795 -0.17373483
 outer loop
  vertex 0.5169944 0.07071061 -0.041095734
  vertex 0.06300359 0.07071067 -0.932102
  vertex -5.785511e-08 0.1 -0.90000004
 endloop
endfacet
facet normal 0.34097326 0.92387956 -0.17373464
 outer loop
  vertex 0.5169944 0.07071061 -0.041095734
  vertex -5.785511e-08 0.1 -0.90000004
  vertex 0.45399073 0.099999934 -0.008993685
 endloop
endfacet
facet normal -0.34097317 0.92387956 0.17373471
 outer loop
  vertex 0.45399073 0.099999934 -0.008993685
  vertex -5.785511e-08 0.1 -0.90000004
  vertex -0.063003734 0.0707107 -0.86789805
 endloop
endfacet
facet normal -0.34097317 0.9238796 0.17373474
 outer loop
  vertex 0.45399073 0.099999934 -0.008993685
  vertex -0.063003734 0.0707107 -0.86789805
  vertex 0.39098704 0.07071062 0.023108244
 endloop
endfacet
facet normal -0.82318246 0.3826836 0.41943285
 outer loop
  vertex 0.39098704 0.07071062 0.023108244
  vertex -0.063003734 0.0707107 -0.86789805
  vertex -0.08910072 2.0790711e-08 -0.85460097
 endloop
endfacet
facet normal -0.82318234 0.38268393 0.41943273
 outer loop
  vertex 0.39098704 0.07071062 0.023108244
  vertex -0.08910072 2.0790711e-08 -0.85460097
  vertex 0.36489004 -5.5333572e-08 0.036405385
 endloop
endfacet
facet normal -0.45399067 4.2157716e-08 -0.89100647
 outer loop
  vertex 0.089100555 -2.0790711e-08 -0.9453991
  vertex 0.06300357 -0.0707107 -0.932102
  vertex -1.0154326e-07 -0.1 -0.90000004
 endloop
endfacet
facet normal -0.45399073 5.6210293e-08 -0.8910064
 outer loop
  vertex -1.0154326e-07 -0.1 -0.90000004
  vertex -0.063003756 -0.07071067 -0.86789805
  vertex -0.08910072 2.0790711e-08 -0.85460097
 endloop
endfacet
facet normal -0.45399067 4.2157716e-08 -0.89100647
 outer loop
  vertex -0.08910072 2.0790711e-08 -0.85460097
  vertex -0.063003734 0.0707107 -0.86789805
  vertex -5.785511e-08 0.1 -0.90000004
 endloop
endfacet
facet normal -0.45399073 5.6210293e-08 -0.8910064
 outer loop
  vertex -5.785511e-08 0.1 -0.90000004
  vertex 0.06300359 0.07071067 -0.932102
  vertex 0.089100555 -2.0790711e-08 -0.9453991
 endloop
endfacet
facet normal -0.4539907 9.313226e-08 -0.8910064
 outer loop
  vertex 0.089100555 -2.0790711e-08 -0.9453991
  vertex -1.0154326e-07 -0.1 -0.90000004
  vertex -0.08910072 2.0790711e-08 -0.85460097
 endloop
endfacet
facet normal -0.4539907 9.313226e-08 -0.8910064
 outer loop
  vertex -0.08910072 2.0790711e-08 -0.85460097
  vertex -5.785511e-08 0.1 -0.90000004
  vertex 0.089100555 -2.0790711e-08 -0.9453991
 endloop
endfacet
facet normal -0.8231826 -0.38268328 0.41943276
 outer loop
  vertex 0.36489004 -5.5333572e-08 0.036405385
  vertex -0.08910072 2.0790711e-08 -0.85460097
  vertex -0.063003756 -0.07071067 -0.86789805
 endloop
endfacet
facet normal -0.8231823 -0.38268423 0.4194327
 outer loop
  vertex 0.36489004 -5.5333572e-08 0.036405385
  vertex -0.063003756 -0.07071067 -0.86789805
  vertex 0.39098704 -0.07071074 0.023108244
 endloop
endfacet
facet normal -0.3409736 -0.9238795 0.17373481
 outer loop
  vertex 0.39098704 -0.07071074 0.023108244
  vertex -0.063003756 -0.07071067 -0.86789805
  vertex -1.0154326e-07 -0.1 -0.90000004
 endloop
endfacet
facet normal -0.34097368 -0.92387944 0.17373483
 outer loop
  vertex 0.39098704 -0.07071074 0.023108244
  vertex -1.0154326e-07 -0.1 -0.90000004
  vertex 0.45399067 -0.10000007 -0.008993685
 endloop
endfacet
facet normal 0.45399058 8.9936447e-07 0.8910065
 outer loop
  vertex 0.39098704 -0.07071074 0.023108244
  vertex 0.45399067 -0.10000007 -0.008993685
  vertex 0.5169944 -0.070710756 -0.041095734
 endloop
endfacet
facet normal 0.453992 0 0.8910058
 outer loop
  vertex 0.5169944 -0.070710756 -0.041095734
  vertex 0.5430914 -8.176778e-08 -0.054392874
  vertex 0.5169944 0.07071061 -0.041095734
 endloop
endfacet
facet normal 0.45399058 -1.7987289e-06 0.8910065
 outer loop
  vertex 0.5169944 0.07071061 -0.041095734
  vertex 0.45399073 0.099999934 -0.008993685
  vertex 0.39098704 0.07071062 0.023108244
 endloop
endfacet
facet normal 0.453992 0 0.8910058
 outer loop
  vertex 0.39098704 0.07071062 0.023108244
  vertex 0.36489004 -5.5333572e-08 0.036405385
  vertex 0.39098704 -0.07071074 0.023108244
 endloop
endfacet
facet normal 0.45399058 0 0.8910065
 outer loop
  vertex 0.39098704 -0.07071074 0.023108244
  vertex 0.5169944 -0.070710756 -0.041095734
  vertex 0.5169944 0.07071061 -0.041095734
 endloop
endfacet
facet normal 0.45399058 -0 0.8910065
 outer loop
  vertex 0.5169944 0.07071061 -0.041095734
  vertex 0.39098704 0.07071062 0.023108244
  vertex 0.39098704 -0.07071074 0.023108244
 endloop
endfacet
facet normal -0.9238797 -0.34097317 -0.17373432
 outer loop
  vertex -0.0999999 -0.45399046 -0.008993506
  vertex -0.10000008 3.0412547e-08 -0.9
  vertex -0.07071079 -0.06300365 -0.93210196
 endloop
endfacet
facet normal -0.92387974 -0.34097293 -0.17373422
 outer loop
  vertex -0.0999999 -0.45399046 -0.008993506
  vertex -0.07071079 -0.06300365 -0.93210196
  vertex -0.0707106 -0.5169942 -0.041095555
 endloop
endfacet
facet normal -0.38268402 -0.8231825 -0.41943243
 outer loop
  vertex -0.0707106 -0.5169942 -0.041095555
  vertex -0.07071079 -0.06300365 -0.93210196
  vertex -1.2099102e-07 -0.08910065 -0.9453991
 endloop
endfacet
facet normal -0.38268396 -0.8231825 -0.41943243
 outer loop
  vertex -0.0707106 -0.5169942 -0.041095555
  vertex -1.2099102e-07 -0.08910065 -0.9453991
  vertex 7.408333e-08 -0.5430912 -0.054392695
 endloop
endfacet
facet normal 0.3826833 -0.8231827 -0.41943264
 outer loop
  vertex 7.408333e-08 -0.5430912 -0.054392695
  vertex -1.2099102e-07 -0.08910065 -0.9453991
  vertex 0.07071057 -0.06300369 -0.932102
 endloop
endfacet
facet normal 0.38268387 -0.8231825 -0.41943252
 outer loop
  vertex 7.408333e-08 -0.5430912 -0.054392695
  vertex 0.07071057 -0.06300369 -0.932102
  vertex 0.07071076 -0.5169942 -0.041095555
 endloop
endfacet
facet normal 0.92387927 -0.34097376 -0.17373502
 outer loop
  vertex 0.07071076 -0.5169942 -0.041095555
  vertex 0.07071057 -0.06300369 -0.932102
  vertex 0.09999992 -2.8375183e-08 -0.9000001
 endloop
endfacet
facet normal 0.9238795 -0.34097353 -0.17373487
 outer loop
  vertex 0.07071076 -0.5169942 -0.041095555
  vertex 0.09999992 -2.8375183e-08 -0.9000001
  vertex 0.100000106 -0.45399052 -0.008993626
 endloop
endfacet
facet normal 0.9238797 0.34097317 0.17373432
 outer loop
  vertex 0.100000106 -0.45399052 -0.008993626
  vertex 0.09999992 -2.8375183e-08 -0.9000001
  vertex 0.07071063 0.06300365 -0.8678981
 endloop
endfacet
facet normal 0.9238797 0.34097323 0.17373437
 outer loop
  vertex 0.100000106 -0.45399052 -0.008993626
  vertex 0.07071063 0.06300365 -0.8678981
  vertex 0.07071081 -0.39098686 0.023108363
 endloop
endfacet
facet normal 0.38268402 0.8231824 0.41943243
 outer loop
  vertex 0.07071081 -0.39098686 0.023108363
  vertex 0.07071063 0.06300365 -0.8678981
  vertex -3.636999e-08 0.08910065 -0.85460097
 endloop
endfacet
facet normal 0.3826843 0.82318234 0.41943228
 outer loop
  vertex 0.07071081 -0.39098686 0.023108363
  vertex -3.636999e-08 0.08910065 -0.85460097
  vertex 1.4355717e-07 -0.36488983 0.036405504
 endloop
endfacet
facet normal -7.869441e-07 0.45399034 -0.89100665
 outer loop
  vertex -1.2099102e-07 -0.08910065 -0.9453991
  vertex -0.07071079 -0.06300365 -0.93210196
  vertex -0.10000008 3.0412547e-08 -0.9
 endloop
endfacet
facet normal 4.6373506e-07 0.4539899 -0.8910068
 outer loop
  vertex -0.10000008 3.0412547e-08 -0.9
  vertex -0.07071073 0.06300369 -0.86789805
  vertex -3.636999e-08 0.08910065 -0.85460097
 endloop
endfacet
facet normal -7.869442e-07 0.4539903 -0.89100665
 outer loop
  vertex -3.636999e-08 0.08910065 -0.85460097
  vertex 0.07071063 0.06300365 -0.8678981
  vertex 0.09999992 -2.8375183e-08 -0.9000001
 endloop
endfacet
facet normal 4.6373512e-07 0.4539899 -0.8910068
 outer loop
  vertex 0.09999992 -2.8375183e-08 -0.9000001
  vertex 0.07071057 -0.06300369 -0.932102
  vertex -1.2099102e-07 -0.08910065 -0.9453991
 endloop
endfacet
facet normal -3.9581204e-07 0.45399064 -0.8910064
 outer loop
  vertex -1.2099102e-07 -0.08910065 -0.9453991
  vertex -0.10000008 3.0412547e-08 -0.9
  vertex -3.636999e-08 0.08910065 -0.85460097
 endloop
endfacet
facet normal -3.9581204e-07 0.45399064 -0.8910064
 outer loop
  vertex -3.636999e-08 0.08910065 -0.85460097
  vertex 0.09999992 -2.8375183e-08 -0.9000001
  vertex -1.2099102e-07 -0.08910065 -0.9453991
 endloop
endfacet
facet normal -0.3826832 0.8231827 0.4194326
 outer loop
  vertex 1.4355717e-07 -0.36488983 0.036405504
  vertex -3.636999e-08 0.08910065 -0.85460097
  vertex -0.07071073 0.06300369 -0.86789805
 endloop
endfacet
facet normal -0.38268355 0.82318264 0.41943258
 outer loop
  vertex 1.4355717e-07 -0.36488983 0.036405504
  vertex -0.07071073 0.06300369 -0.86789805
  vertex -0.070710555 -0.3909868 0.023108363
 endloop
endfacet
facet normal -0.92387927 0.34097373 0.17373501
 outer loop
  vertex -0.070710555 -0.3909868 0.023108363
  vertex -0.07071073 0.06300369 -0.86789805
  vertex -0.10000008 3.0412547e-08 -0.9
 endloop
endfacet
facet normal -0.9238793 0.34097388 0.17373507
 outer loop
  vertex -0.070710555 -0.3909868 0.023108363
  vertex -0.10000008 3.0412547e-08 -0.9
  vertex -0.0999999 -0.45399046 -0.008993506
 endloop
endfacet
facet normal 2.2484116e-06 -0.45399025 0.89100665
 outer loop
  vertex -0.070710555 -0.3909868 0.023108363
  vertex -0.0999999 -0.45399046 -0.008993506
  vertex -0.0707106 -0.5169942 -0.041095555
 endloop
endfacet
facet normal 0 -0.453992 0.8910058
 outer loop
  vertex -0.0707106 -0.5169942 -0.041095555
  vertex 7.408333e-08 -0.5430912 -0.054392695
  vertex 0.07071076 -0.5169942 -0.041095555
 endloop
endfacet
facet normal 8.99365e-07 -0.4539904 0.8910066
 outer loop
  vertex 0.07071076 -0.5169942 -0.041095555
  vertex 0.100000106 -0.45399052 -0.008993626
  vertex 0.07071081 -0.39098686 0.023108363
 endloop
endfacet
facet normal -1.897094e-07 -0.453992 0.89100575
 outer loop
  vertex 0.07071081 -0.39098686 0.023108363
  vertex 1.4355717e-07 -0.36488983 0.036405504
  vertex -0.070710555 -0.3909868 0.023108363
 endloop
endfacet
facet normal 0 -0.45399025 0.89100665
 outer loop
  vertex -0.070710555 -0.3909868 0.023108363
  vertex -0.0707106 -0.5169942 -0.041095555
  vertex 0.07071076 -0.5169942 -0.041095555
 endloop
endfacet
facet normal -1.9134265e-07 -0.45399043 0.89100665
 outer loop
  vertex 0.07071076 -0.5169942 -0.041095555
  vertex 0.07071081 -0.39098686 0.023108363
  vertex -0.070710555 -0.3909868 0.023108363
 endloop
endfacet
facet normal -0.10238008 -0.31508976 0.9435236
 outer loop
  vertex -1.3512228e-08 0 -0.70000005
  vertex -0.08506457 -0.06180228 -0.7298691
  vertex 0.03249109 -0.09999906 -0.7298692
 endloop
endfacet
facet normal -0.70022404 -0.268032 0.6616986
 outer loop
  vertex -0.1447215 -0.10514505 -0.8105561
  vertex -0.08506457 -0.06180228 -0.7298691
  vertex -0.17012961 0 -0.7948528
 endloop
endfacet
facet normal 0.26803425 -0.19473664 0.9435228
 outer loop
  vertex -1.3512228e-08 0 -0.70000005
  vertex 0.03249109 -0.09999906 -0.7298692
  vertex 0.10514593 0 -0.7298697
 endloop
endfacet
facet normal 0.2680343 0.19473667 0.9435228
 outer loop
  vertex -1.3512228e-08 0 -0.70000005
  vertex 0.10514593 0 -0.7298697
  vertex 0.03249109 0.09999906 -0.7298692
 endloop
endfacet
facet normal -0.10238008 0.31508973 0.9435236
 outer loop
  vertex -1.3512228e-08 0 -0.70000005
  vertex 0.03249109 0.09999906 -0.7298692
  vertex -0.08506457 0.06180228 -0.7298691
 endloop
endfacet
facet normal -0.9049888 -0.26803172 0.3303851
 outer loop
  vertex -0.1447215 -0.10514505 -0.8105561
  vertex -0.17012961 0 -0.7948528
  vertex -0.19021165 -0.061802525 -0.9
 endloop
endfacet
facet normal -0.024746377 -0.94352126 0.3303864
 outer loop
  vertex 0.05527755 -0.17012984 -0.81055605
  vertex -0.05257381 -0.16180234 -0.7948525
  vertex -7.86805e-08 -0.20000002 -0.90000004
 endloop
endfacet
facet normal 0.8896973 -0.3150947 0.3303846
 outer loop
  vertex 0.17888519 0 -0.81055695
  vertex 0.13763782 -0.09999939 -0.79485285
  vertex 0.1902115 -0.061802525 -0.9000001
 endloop
endfacet
facet normal 0.57460195 0.7487834 0.33038738
 outer loop
  vertex 0.05527755 0.17012984 -0.81055605
  vertex 0.13763782 0.09999939 -0.79485285
  vertex 0.11755704 0.16180335 -0.9000001
 endloop
endfacet
facet normal -0.53457606 0.7778642 0.33038697
 outer loop
  vertex -0.1447215 0.10514505 -0.8105561
  vertex -0.05257381 0.16180234 -0.7948525
  vertex -0.117557205 0.16180335 -0.9
 endloop
endfacet
facet normal -0.8026091 -0.58312637 0.12562792
 outer loop
  vertex -0.1447215 -0.10514505 -0.8105561
  vertex -0.19021165 -0.061802525 -0.9
  vertex -0.117557205 -0.16180335 -0.9
 endloop
endfacet
facet normal 0.30656913 -0.9435215 0.12562886
 outer loop
  vertex 0.05527755 -0.17012984 -0.81055605
  vertex -7.86805e-08 -0.20000002 -0.90000004
  vertex 0.11755704 -0.16180335 -0.9000001
 endloop
endfacet
facet normal 0.9920774 0 0.12562817
 outer loop
  vertex 0.17888519 0 -0.81055695
  vertex 0.1902115 -0.061802525 -0.9000001
  vertex 0.1902115 0.061802525 -0.9000001
 endloop
endfacet
facet normal 0.30656913 0.9435215 0.12562883
 outer loop
  vertex 0.05527755 0.17012984 -0.81055605
  vertex 0.11755704 0.16180335 -0.9000001
  vertex -7.86805e-08 0.20000002 -0.90000004
 endloop
endfacet
facet normal -0.8026091 0.58312637 0.1256279
 outer loop
  vertex -0.1447215 0.10514505 -0.8105561
  vertex -0.117557205 0.16180335 -0.9
  vertex -0.19021165 0.061802525 -0.9
 endloop
endfacet
facet normal -0.4089467 -0.6284252 -0.6616981
 outer loop
  vertex -0.055277705 -0.17012984 -0.989444
  vertex -0.13763797 -0.09999939 -1.0051472
  vertex -0.032491248 -0.09999906 -1.070131
 endloop
endfacet
facet normal 0.4712998 -0.5831224 -0.66169834
 outer loop
  vertex 0.14472134 -0.10514505 -0.98944396
  vertex 0.052573655 -0.16180234 -1.0051476
  vertex 0.0850644 -0.06180228 -1.070131
 endloop
endfacet
facet normal 0.7002241 0.2680317 -0.66169864
 outer loop
  vertex 0.14472134 0.10514505 -0.98944396
  vertex 0.17012946 0 -1.0051472
  vertex 0.0850644 0.06180228 -1.070131
 endloop
endfacet
facet normal -0.0385305 0.7487791 -0.6616987
 outer loop
  vertex -0.055277705 0.17012984 -0.989444
  vertex 0.052573655 0.16180234 -1.0051476
  vertex -0.032491248 0.09999906 -1.070131
 endloop
endfacet
facet normal -0.7240424 0.1947364 -0.6616951
 outer loop
  vertex -0.17888534 0 -0.9894431
  vertex -0.13763797 0.09999939 -1.0051472
  vertex -0.105146095 0 -1.0701303
 endloop
endfacet
facet normal -0.26803434 0.19473614 -0.9435229
 outer loop
  vertex -0.105146095 0 -1.0701303
  vertex -0.032491248 0.09999906 -1.070131
  vertex -1.4384878e-07 0 -1.1
 endloop
endfacet
facet normal -0.49112 0.3568211 -0.79465705
 outer loop
  vertex -0.105146095 0 -1.0701303
  vertex -0.13763797 0.09999939 -1.0051472
  vertex -0.032491248 0.09999906 -1.070131
 endloop
endfacet
facet normal -0.4089467 0.6284252 -0.6616981
 outer loop
  vertex -0.13763797 0.09999939 -1.0051472
  vertex -0.055277705 0.17012984 -0.989444
  vertex -0.032491248 0.09999906 -1.070131
 endloop
endfacet
facet normal 0.10238044 0.31508934 -0.9435237
 outer loop
  vertex -0.032491248 0.09999906 -1.070131
  vertex 0.0850644 0.06180228 -1.070131
  vertex -1.4384878e-07 0 -1.1
 endloop
endfacet
facet normal 0.18759407 0.5773456 -0.7946575
 outer loop
  vertex -0.032491248 0.09999906 -1.070131
  vertex 0.052573655 0.16180234 -1.0051476
  vertex 0.0850644 0.06180228 -1.070131
 endloop
endfacet
facet normal 0.47129983 0.58312243 -0.66169834
 outer loop
  vertex 0.052573655 0.16180234 -1.0051476
  vertex 0.14472134 0.10514505 -0.98944396
  vertex 0.0850644 0.06180228 -1.070131
 endloop
endfacet
facet normal 0.3313037 0 -0.9435242
 outer loop
  vertex 0.0850644 0.06180228 -1.070131
  vertex 0.0850644 -0.06180228 -1.070131
  vertex -1.4384878e-07 0 -1.1
 endloop
endfacet
facet normal 0.60706085 0 -0.7946554
 outer loop
  vertex 0.0850644 0.06180228 -1.070131
  vertex 0.17012946 0 -1.0051472
  vertex 0.0850644 -0.06180228 -1.070131
 endloop
endfacet
facet normal 0.70022416 -0.2680317 -0.6616986
 outer loop
  vertex 0.17012946 0 -1.0051472
  vertex 0.14472134 -0.10514505 -0.98944396
  vertex 0.0850644 -0.06180228 -1.070131
 endloop
endfacet
facet normal 0.10238044 -0.31508934 -0.9435237
 outer loop
  vertex 0.0850644 -0.06180228 -1.070131
  vertex -0.032491248 -0.09999906 -1.070131
  vertex -1.4384878e-07 0 -1.1
 endloop
endfacet
facet normal 0.18759407 -0.5773456 -0.7946575
 outer loop
  vertex 0.0850644 -0.06180228 -1.070131
  vertex 0.052573655 -0.16180234 -1.0051476
  vertex -0.032491248 -0.09999906 -1.070131
 endloop
endfacet
facet normal -0.038530495 -0.7487791 -0.6616987
 outer loop
  vertex 0.052573655 -0.16180234 -1.0051476
  vertex -0.055277705 -0.17012984 -0.989444
  vertex -0.032491248 -0.09999906 -1.070131
 endloop
endfacet
facet normal -0.2680343 -0.19473611 -0.9435229
 outer loop
  vertex -0.032491248 -0.09999906 -1.070131
  vertex -0.105146095 0 -1.0701303
  vertex -1.4384878e-07 0 -1.1
 endloop
endfacet
facet normal -0.49112 -0.3568211 -0.79465705
 outer loop
  vertex -0.032491248 -0.09999906 -1.070131
  vertex -0.13763797 -0.09999939 -1.0051472
  vertex -0.105146095 0 -1.0701303
 endloop
endfacet
facet normal -0.7240424 -0.1947364 -0.6616951
 outer loop
  vertex -0.13763797 -0.09999939 -1.0051472
  vertex -0.17888534 0 -0.9894431
  vertex -0.105146095 0 -1.0701303
 endloop
endfacet
facet normal -0.8896973 0.3150947 -0.3303846
 outer loop
  vertex -0.19021165 0.061802525 -0.9
  vertex -0.13763797 0.09999939 -1.0051472
  vertex -0.17888534 0 -0.9894431
 endloop
endfacet
facet normal -0.7946556 0.5773479 -0.18759495
 outer loop
  vertex -0.19021165 0.061802525 -0.9
  vertex -0.117557205 0.16180335 -0.9
  vertex -0.13763797 0.09999939 -1.0051472
 endloop
endfacet
facet normal -0.57460195 0.7487834 -0.33038747
 outer loop
  vertex -0.117557205 0.16180335 -0.9
  vertex -0.055277705 0.17012984 -0.989444
  vertex -0.13763797 0.09999939 -1.0051472
 endloop
endfacet
facet normal 0.024746377 0.94352126 -0.3303864
 outer loop
  vertex -7.86805e-08 0.20000002 -0.90000004
  vertex 0.052573655 0.16180234 -1.0051476
  vertex -0.055277705 0.17012984 -0.989444
 endloop
endfacet
facet normal 0.3035309 0.9341713 -0.18759757
 outer loop
  vertex -7.86805e-08 0.20000002 -0.90000004
  vertex 0.11755704 0.16180335 -0.9000001
  vertex 0.052573655 0.16180234 -1.0051476
 endloop
endfacet
facet normal 0.5345761 0.77786434 -0.33038694
 outer loop
  vertex 0.11755704 0.16180335 -0.9000001
  vertex 0.14472134 0.10514505 -0.98944396
  vertex 0.052573655 0.16180234 -1.0051476
 endloop
endfacet
facet normal 0.9049888 0.2680315 -0.33038518
 outer loop
  vertex 0.1902115 0.061802525 -0.9000001
  vertex 0.17012946 0 -1.0051472
  vertex 0.14472134 0.10514505 -0.98944396
 endloop
endfacet
facet normal 0.9822457 0 -0.18759903
 outer loop
  vertex 0.1902115 0.061802525 -0.9000001
  vertex 0.1902115 -0.061802525 -0.9000001
  vertex 0.17012946 0 -1.0051472
 endloop
endfacet
facet normal 0.9049888 -0.26803154 -0.33038518
 outer loop
  vertex 0.1902115 -0.061802525 -0.9000001
  vertex 0.14472134 -0.10514505 -0.98944396
  vertex 0.17012946 0 -1.0051472
 endloop
endfacet
facet normal 0.534576 -0.77786434 -0.33038688
 outer loop
  vertex 0.11755704 -0.16180335 -0.9000001
  vertex 0.052573655 -0.16180234 -1.0051476
  vertex 0.14472134 -0.10514505 -0.98944396
 endloop
endfacet
facet normal 0.3035309 -0.9341713 -0.18759759
 outer loop
  vertex 0.11755704 -0.16180335 -0.9000001
  vertex -7.86805e-08 -0.20000002 -0.90000004
  vertex 0.052573655 -0.16180234 -1.0051476
 endloop
endfacet
facet normal 0.024746377 -0.94352126 -0.3303864
 outer loop
  vertex -7.86805e-08 -0.20000002 -0.90000004
  vertex -0.055277705 -0.17012984 -0.989444
  vertex 0.052573655 -0.16180234 -1.0051476
 endloop
endfacet
facet normal -0.574602 -0.7487834 -0.33038747
 outer loop
  vertex -0.117557205 -0.16180335 -0.9
  vertex -0.13763797 -0.09999939 -1.0051472
  vertex -0.055277705 -0.17012984 -0.989444
 endloop
endfacet
facet normal -0.7946556 -0.5773479 -0.18759497
 outer loop
  vertex -0.117557205 -0.16180335 -0.9
  vertex -0.19021165 -0.061802525 -0.9
  vertex -0.13763797 -0.09999939 -1.0051472
 endloop
endfacet
facet normal -0.8896973 -0.31509474 -0.33038464
 outer loop
  vertex -0.19021165 -0.061802525 -0.9
  vertex -0.17888534 0 -0.9894431
  vertex -0.13763797 -0.09999939 -1.0051472
 endloop
endfacet
facet normal -0.30656913 0.9435215 -0.12562886
 outer loop
  vertex -0.117557205 0.16180335 -0.9
  vertex -7.86805e-08 0.20000002 -0.90000004
  vertex -0.055277705 0.17012984 -0.989444
 endloop
endfacet
facet normal -0.3035309 0.9341714 0.18759762
 outer loop
  vertex -0.117557205 0.16180335 -0.9
  vertex -0.05257381 0.16180234 -0.7948525
  vertex -7.86805e-08 0.20000002 -0.90000004
 endloop
endfacet
facet normal -0.024746377 0.94352126 0.3303864
 outer loop
  vertex -0.05257381 0.16180234 -0.7948525
  vertex 0.05527755 0.17012984 -0.81055605
  vertex -7.86805e-08 0.20000002 -0.90000004
 endloop
endfacet
facet normal 0.802609 0.5831265 -0.12562788
 outer loop
  vertex 0.11755704 0.16180335 -0.9000001
  vertex 0.1902115 0.061802525 -0.9000001
  vertex 0.14472134 0.10514505 -0.98944396
 endloop
endfacet
facet normal 0.79465556 0.577348 0.18759489
 outer loop
  vertex 0.11755704 0.16180335 -0.9000001
  vertex 0.13763782 0.09999939 -0.79485285
  vertex 0.1902115 0.061802525 -0.9000001
 endloop
endfacet
facet normal 0.8896973 0.31509474 0.33038464
 outer loop
  vertex 0.13763782 0.09999939 -0.79485285
  vertex 0.17888519 0 -0.81055695
  vertex 0.1902115 0.061802525 -0.9000001
 endloop
endfacet
facet normal 0.802609 -0.5831265 -0.12562783
 outer loop
  vertex 0.1902115 -0.061802525 -0.9000001
  vertex 0.11755704 -0.16180335 -0.9000001
  vertex 0.14472134 -0.10514505 -0.98944396
 endloop
endfacet
facet normal 0.79465556 -0.577348 0.18759489
 outer loop
  vertex 0.1902115 -0.061802525 -0.9000001
  vertex 0.13763782 -0.09999939 -0.79485285
  vertex 0.11755704 -0.16180335 -0.9000001
 endloop
endfacet
facet normal 0.57460195 -0.7487834 0.3303874
 outer loop
  vertex 0.13763782 -0.09999939 -0.79485285
  vertex 0.05527755 -0.17012984 -0.81055605
  vertex 0.11755704 -0.16180335 -0.9000001
 endloop
endfacet
facet normal -0.30656913 -0.9435215 -0.12562886
 outer loop
  vertex -7.86805e-08 -0.20000002 -0.90000004
  vertex -0.117557205 -0.16180335 -0.9
  vertex -0.055277705 -0.17012984 -0.989444
 endloop
endfacet
facet normal -0.3035309 -0.9341714 0.18759762
 outer loop
  vertex -7.86805e-08 -0.20000002 -0.90000004
  vertex -0.05257381 -0.16180234 -0.7948525
  vertex -0.117557205 -0.16180335 -0.9
 endloop
endfacet
facet normal -0.5345761 -0.7778642 0.33038694
 outer loop
  vertex -0.05257381 -0.16180234 -0.7948525
  vertex -0.1447215 -0.10514505 -0.8105561
  vertex -0.117557205 -0.16180335 -0.9
 endloop
endfacet
facet normal -0.9920774 -0 -0.12562817
 outer loop
  vertex -0.19021165 -0.061802525 -0.9
  vertex -0.19021165 0.061802525 -0.9
  vertex -0.17888534 0 -0.9894431
 endloop
endfacet
facet normal -0.9822457 0 0.18759893
 outer loop
  vertex -0.19021165 -0.061802525 -0.9
  vertex -0.17012961 0 -0.7948528
  vertex -0.19021165 0.061802525 -0.9
 endloop
endfacet
facet normal -0.9049888 0.26803172 0.3303851
 outer loop
  vertex -0.17012961 0 -0.7948528
  vertex -0.1447215 0.10514505 -0.8105561
  vertex -0.19021165 0.061802525 -0.9
 endloop
endfacet
facet normal -0.47129992 0.58312243 0.6616983
 outer loop
  vertex -0.08506457 0.06180228 -0.7298691
  vertex -0.05257381 0.16180234 -0.7948525
  vertex -0.1447215 0.10514505 -0.8105561
 endloop
endfacet
facet normal -0.18759367 0.57734555 0.79465765
 outer loop
  vertex -0.08506457 0.06180228 -0.7298691
  vertex 0.03249109 0.09999906 -0.7298692
  vertex -0.05257381 0.16180234 -0.7948525
 endloop
endfacet
facet normal 0.03853056 0.7487789 0.66169894
 outer loop
  vertex 0.03249109 0.09999906 -0.7298692
  vertex 0.05527755 0.17012984 -0.81055605
  vertex -0.05257381 0.16180234 -0.7948525
 endloop
endfacet
facet normal 0.40894645 0.628425 0.66169846
 outer loop
  vertex 0.03249109 0.09999906 -0.7298692
  vertex 0.13763782 0.09999939 -0.79485285
  vertex 0.05527755 0.17012984 -0.81055605
 endloop
endfacet
facet normal 0.49111956 0.35682124 0.7946572
 outer loop
  vertex 0.03249109 0.09999906 -0.7298692
  vertex 0.10514593 0 -0.7298697
  vertex 0.13763782 0.09999939 -0.79485285
 endloop
endfacet
facet normal 0.72404236 0.19473636 0.6616952
 outer loop
  vertex 0.10514593 0 -0.7298697
  vertex 0.17888519 0 -0.81055695
  vertex 0.13763782 0.09999939 -0.79485285
 endloop
endfacet
facet normal 0.72404236 -0.19473636 0.6616952
 outer loop
  vertex 0.10514593 0 -0.7298697
  vertex 0.13763782 -0.09999939 -0.79485285
  vertex 0.17888519 0 -0.81055695
 endloop
endfacet
facet normal 0.49111956 -0.35682124 0.7946572
 outer loop
  vertex 0.10514593 0 -0.7298697
  vertex 0.03249109 -0.09999906 -0.7298692
  vertex 0.13763782 -0.09999939 -0.79485285
 endloop
endfacet
facet normal 0.40894645 -0.628425 0.66169846
 outer loop
  vertex 0.03249109 -0.09999906 -0.7298692
  vertex 0.05527755 -0.17012984 -0.81055605
  vertex 0.13763782 -0.09999939 -0.79485285
 endloop
endfacet
facet normal -0.70022404 0.268032 0.6616986
 outer loop
  vertex -0.17012961 0 -0.7948528
  vertex -0.08506457 0.06180228 -0.7298691
  vertex -0.1447215 0.10514505 -0.8105561
 endloop
endfacet
facet normal -0.60706055 0 0.79465556
 outer loop
  vertex -0.17012961 0 -0.7948528
  vertex -0.08506457 -0.06180228 -0.7298691
  vertex -0.08506457 0.06180228 -0.7298691
 endloop
endfacet
facet normal -0.33130366 0 0.9435242
 outer loop
  vertex -0.08506457 -0.06180228 -0.7298691
  vertex -1.3512228e-08 0 -0.70000005
  vertex -0.08506457 0.06180228 -0.7298691
 endloop
endfacet
facet normal 0.038530562 -0.7487789 0.66169894
 outer loop
  vertex 0.03249109 -0.09999906 -0.7298692
  vertex -0.05257381 -0.16180234 -0.7948525
  vertex 0.05527755 -0.17012984 -0.81055605
 endloop
endfacet
facet normal -0.18759364 -0.57734555 0.79465765
 outer loop
  vertex 0.03249109 -0.09999906 -0.7298692
  vertex -0.08506457 -0.06180228 -0.7298691
  vertex -0.05257381 -0.16180234 -0.7948525
 endloop
endfacet
facet normal -0.47129986 -0.5831224 0.66169834
 outer loop
  vertex -0.08506457 -0.06180228 -0.7298691
  vertex -0.1447215 -0.10514505 -0.8105561
  vertex -0.05257381 -0.16180234 -0.7948525
 endloop
endfacet
endsolid 
