solid Rear_Wing_Extended_Applied_Low_Poly_RA_Origin
facet normal 0.359490 0.737561 0.571638
outer loop
vertex 0.004011 -0.079405 0.063960
vertex 0.006837 -0.080298 0.063335
vertex 0.006837 -0.031211 -0.000000
endloop
endfacet
facet normal 0.359489 0.737562 0.571638
outer loop
vertex 0.004011 -0.079405 0.063960
vertex 0.006837 -0.031211 -0.000000
vertex 0.004011 -0.030318 0.000625
endloop
endfacet
facet normal 0.041735 -0.789712 -0.612057
outer loop
vertex -0.016815 -0.033540 -0.001631
vertex -0.004867 -0.033131 -0.001344
vertex -0.004867 -0.082218 0.061991
endloop
endfacet
facet normal 0.041735 -0.789712 -0.612057
outer loop
vertex -0.016815 -0.033540 -0.001631
vertex -0.004867 -0.082218 0.061991
vertex -0.016815 -0.082627 0.061704
endloop
endfacet
facet normal -0.006039 -0.790386 -0.612579
outer loop
vertex -0.033794 -0.033456 -0.001572
vertex -0.016815 -0.033540 -0.001631
vertex -0.016815 -0.082627 0.061704
endloop
endfacet
facet normal -0.006039 -0.790386 -0.612579
outer loop
vertex -0.033794 -0.033456 -0.001572
vertex -0.016815 -0.082627 0.061704
vertex -0.033794 -0.082543 0.061763
endloop
endfacet
facet normal -0.039938 -0.789770 -0.612102
outer loop
vertex -0.051376 -0.081967 0.062167
vertex -0.051376 -0.032880 -0.001168
vertex -0.033794 -0.033456 -0.001572
endloop
endfacet
facet normal -0.039939 -0.789770 -0.612102
outer loop
vertex -0.051376 -0.081967 0.062167
vertex -0.033794 -0.033456 -0.001572
vertex -0.033794 -0.082543 0.061763
endloop
endfacet
facet normal -0.073943 -0.788237 -0.610914
outer loop
vertex -0.065741 -0.032006 -0.000557
vertex -0.051376 -0.032880 -0.001168
vertex -0.051376 -0.081967 0.062167
endloop
endfacet
facet normal -0.073943 -0.788237 -0.610913
outer loop
vertex -0.065741 -0.032006 -0.000557
vertex -0.051376 -0.081967 0.062167
vertex -0.065741 -0.081093 0.062778
endloop
endfacet
facet normal 0.246073 0.814541 -0.525330
outer loop
vertex 0.023692 0.087514 0.220468
vertex 0.025338 0.087514 0.221239
vertex 0.028946 0.086424 0.221239
endloop
endfacet
facet normal 0.246251 0.801545 -0.544872
outer loop
vertex 0.023692 0.087514 0.220468
vertex 0.028946 0.086424 0.221239
vertex 0.026855 0.086424 0.220294
endloop
endfacet
facet normal 0.033113 0.998119 -0.051587
outer loop
vertex 0.012958 -0.084080 0.220686
vertex -0.001922 -0.083580 0.220809
vertex -0.001252 -0.083580 0.221239
endloop
endfacet
facet normal 0.032699 0.997559 -0.061704
outer loop
vertex 0.012958 -0.084080 0.220686
vertex -0.001252 -0.083580 0.221239
vertex 0.014002 -0.084080 0.221239
endloop
endfacet
facet normal 0.246252 -0.801548 -0.544868
outer loop
vertex 0.023692 -0.087514 0.220468
vertex 0.026855 -0.086424 0.220294
vertex 0.028946 -0.086424 0.221239
endloop
endfacet
facet normal 0.246070 -0.814534 -0.525342
outer loop
vertex 0.023692 -0.087514 0.220468
vertex 0.028946 -0.086424 0.221239
vertex 0.025338 -0.087514 0.221239
endloop
endfacet
facet normal 0.033006 -0.997510 -0.062318
outer loop
vertex -0.001922 -0.089268 0.220809
vertex 0.012958 -0.088768 0.220686
vertex 0.014002 -0.088768 0.221239
endloop
endfacet
facet normal 0.032716 -0.998165 -0.050950
outer loop
vertex -0.001922 -0.089268 0.220809
vertex 0.014002 -0.088768 0.221239
vertex -0.001252 -0.089268 0.221239
endloop
endfacet
facet normal -0.004787 -0.999961 0.007457
outer loop
vertex -0.023310 -0.089165 0.220889
vertex -0.001922 -0.089268 0.220809
vertex -0.001252 -0.089268 0.221239
endloop
endfacet
facet normal -0.004751 -0.999975 0.005156
outer loop
vertex -0.023310 -0.089165 0.220889
vertex -0.001252 -0.089268 0.221239
vertex -0.022929 -0.089165 0.221239
endloop
endfacet
facet normal -0.031531 -0.998913 0.034338
outer loop
vertex -0.045551 -0.088461 0.220948
vertex -0.023310 -0.089165 0.220889
vertex -0.022929 -0.089165 0.221239
endloop
endfacet
facet normal -0.031340 -0.999332 0.018806
outer loop
vertex -0.045551 -0.088461 0.220948
vertex -0.022929 -0.089165 0.221239
vertex -0.045377 -0.088461 0.221239
endloop
endfacet
facet normal -0.058301 -0.997690 0.034872
outer loop
vertex -0.063769 -0.087395 0.220986
vertex -0.045551 -0.088461 0.220948
vertex -0.045377 -0.088461 0.221239
endloop
endfacet
facet normal -0.058025 -0.998247 0.011670
outer loop
vertex -0.063769 -0.087395 0.220986
vertex -0.045377 -0.088461 0.221239
vertex -0.063718 -0.087395 0.221239
endloop
endfacet
facet normal 0.243591 -0.806317 -0.538995
outer loop
vertex 0.026855 0.086424 0.220294
vertex 0.028946 0.086424 0.221239
vertex 0.025338 0.085334 0.221239
endloop
endfacet
facet normal 0.249440 -0.808830 -0.532517
outer loop
vertex 0.026855 0.086424 0.220294
vertex 0.025338 0.085334 0.221239
vertex 0.023692 0.085334 0.220468
endloop
endfacet
facet normal -0.131539 0.783525 0.607277
outer loop
vertex -0.065741 -0.079503 0.063892
vertex -0.065741 -0.030415 0.000557
vertex -0.073054 -0.031211 -0.000000
endloop
endfacet
facet normal -0.131433 0.783545 0.607275
outer loop
vertex -0.065741 -0.079503 0.063892
vertex -0.073054 -0.031211 -0.000000
vertex -0.073054 -0.080298 0.063335
endloop
endfacet
facet normal -0.110546 0.993870 -0.001248
outer loop
vertex -0.065741 -0.085466 0.201239
vertex -0.065741 -0.085616 0.081825
vertex -0.073053 -0.086430 0.081269
endloop
endfacet
facet normal -0.129890 0.991528 -0.000050
outer loop
vertex -0.065741 -0.085466 0.201239
vertex -0.073053 -0.086430 0.081269
vertex -0.073054 -0.086424 0.201239
endloop
endfacet
facet normal 0.139749 -0.782644 -0.606579
outer loop
vertex -0.004867 -0.033131 -0.001344
vertex 0.004011 -0.032103 -0.000625
vertex 0.004011 -0.081190 0.062710
endloop
endfacet
facet normal 0.139749 -0.782644 -0.606579
outer loop
vertex -0.004867 -0.033131 -0.001344
vertex 0.004011 -0.081190 0.062710
vertex -0.004867 -0.082218 0.061991
endloop
endfacet
facet normal 0.108261 -0.966880 -0.231132
outer loop
vertex 0.012958 -0.088768 0.220686
vertex 0.023692 -0.087514 0.220468
vertex 0.025338 -0.087514 0.221239
endloop
endfacet
facet normal 0.107660 -0.973191 -0.203247
outer loop
vertex 0.012958 -0.088768 0.220686
vertex 0.025338 -0.087514 0.221239
vertex 0.014002 -0.088768 0.221239
endloop
endfacet
facet normal -0.058385 0.998225 0.011781
outer loop
vertex -0.045551 -0.084387 0.220948
vertex -0.063769 -0.085453 0.220986
vertex -0.063718 -0.085453 0.221239
endloop
endfacet
facet normal -0.057984 0.997716 0.034645
outer loop
vertex -0.045551 -0.084387 0.220948
vertex -0.063718 -0.085453 0.221239
vertex -0.045377 -0.084387 0.221239
endloop
endfacet
facet normal -0.031581 0.999323 0.018902
outer loop
vertex -0.023310 -0.083683 0.220889
vertex -0.045551 -0.084387 0.220948
vertex -0.045377 -0.084387 0.221239
endloop
endfacet
facet normal -0.031327 0.998927 0.034102
outer loop
vertex -0.023310 -0.083683 0.220889
vertex -0.045377 -0.084387 0.221239
vertex -0.022929 -0.083683 0.221239
endloop
endfacet
facet normal -0.004796 0.999975 0.005212
outer loop
vertex -0.001922 -0.083580 0.220809
vertex -0.023310 -0.083683 0.220889
vertex -0.022929 -0.083683 0.221239
endloop
endfacet
facet normal -0.004751 0.999961 0.007418
outer loop
vertex -0.001922 -0.083580 0.220809
vertex -0.022929 -0.083683 0.221239
vertex -0.001252 -0.083580 0.221239
endloop
endfacet
facet normal -0.103957 -0.994361 0.020949
outer loop
vertex -0.073054 -0.086424 0.220999
vertex -0.063769 -0.087395 0.220986
vertex -0.063718 -0.087395 0.221239
endloop
endfacet
facet normal -0.103446 -0.994635 0.000000
outer loop
vertex -0.073054 -0.086424 0.220999
vertex -0.063718 -0.087395 0.221239
vertex -0.073054 -0.086424 0.221239
endloop
endfacet
facet normal 0.359262 -0.737631 -0.571692
outer loop
vertex 0.004011 -0.081190 0.062710
vertex 0.004011 -0.032103 -0.000625
vertex 0.006837 -0.031211 -0.000000
endloop
endfacet
facet normal 0.359261 -0.737631 -0.571692
outer loop
vertex 0.004011 -0.081190 0.062710
vertex 0.006837 -0.031211 -0.000000
vertex 0.006837 -0.080298 0.063335
endloop
endfacet
facet normal 0.139730 0.782646 0.606581
outer loop
vertex -0.004867 -0.078378 0.064680
vertex 0.004011 -0.079405 0.063960
vertex 0.004011 -0.030318 0.000625
endloop
endfacet
facet normal 0.139662 0.782659 0.606581
outer loop
vertex -0.004867 -0.078378 0.064680
vertex 0.004011 -0.030318 0.000625
vertex -0.004867 -0.029291 0.001344
endloop
endfacet
facet normal 0.041750 0.789716 0.612050
outer loop
vertex -0.016815 -0.077968 0.064966
vertex -0.004867 -0.078378 0.064680
vertex -0.004867 -0.029291 0.001344
endloop
endfacet
facet normal 0.041802 0.789710 0.612055
outer loop
vertex -0.016815 -0.077968 0.064966
vertex -0.004867 -0.029291 0.001344
vertex -0.016815 -0.028881 0.001631
endloop
endfacet
facet normal -0.006039 0.790386 0.612579
outer loop
vertex -0.033794 -0.078052 0.064907
vertex -0.016815 -0.077968 0.064966
vertex -0.016815 -0.028881 0.001631
endloop
endfacet
facet normal -0.006039 0.790386 0.612579
outer loop
vertex -0.033794 -0.078052 0.064907
vertex -0.016815 -0.028881 0.001631
vertex -0.033794 -0.028965 0.001572
endloop
endfacet
facet normal -0.039948 0.789770 0.612101
outer loop
vertex -0.051376 -0.078629 0.064504
vertex -0.033794 -0.078052 0.064907
vertex -0.033794 -0.028965 0.001572
endloop
endfacet
facet normal -0.039983 0.789773 0.612095
outer loop
vertex -0.051376 -0.078629 0.064504
vertex -0.033794 -0.028965 0.001572
vertex -0.051376 -0.029542 0.001168
endloop
endfacet
facet normal -0.073985 0.788239 0.610905
outer loop
vertex -0.065741 -0.079503 0.063892
vertex -0.051376 -0.078629 0.064504
vertex -0.051376 -0.029542 0.001168
endloop
endfacet
facet normal -0.073888 0.788234 0.610923
outer loop
vertex -0.065741 -0.079503 0.063892
vertex -0.051376 -0.029542 0.001168
vertex -0.065741 -0.030415 0.000557
endloop
endfacet
facet normal -0.131433 -0.783544 -0.607276
outer loop
vertex -0.065741 -0.081093 0.062778
vertex -0.073054 -0.080298 0.063335
vertex -0.073054 -0.031211 -0.000000
endloop
endfacet
facet normal -0.131433 -0.783543 -0.607278
outer loop
vertex -0.065741 -0.081093 0.062778
vertex -0.073054 -0.031211 -0.000000
vertex -0.065741 -0.032006 -0.000557
endloop
endfacet
facet normal 0.000102 0.573618 -0.819123
outer loop
vertex 0.004011 -0.032103 -0.000625
vertex 0.004011 -0.030318 0.000625
vertex 0.006837 -0.031211 -0.000000
endloop
endfacet
facet normal -0.000009 0.573463 -0.819231
outer loop
vertex -0.004867 -0.033131 -0.001344
vertex -0.004867 -0.029291 0.001344
vertex 0.004011 -0.030318 0.000625
endloop
endfacet
facet normal -0.000082 0.573616 -0.819125
outer loop
vertex -0.004867 -0.033131 -0.001344
vertex 0.004011 -0.030318 0.000625
vertex 0.004011 -0.032103 -0.000625
endloop
endfacet
facet normal 0.000004 0.573545 -0.819174
outer loop
vertex -0.016815 -0.033540 -0.001631
vertex -0.016815 -0.028881 0.001631
vertex -0.004867 -0.029291 0.001344
endloop
endfacet
facet normal 0.000048 0.573463 -0.819232
outer loop
vertex -0.016815 -0.033540 -0.001631
vertex -0.004867 -0.029291 0.001344
vertex -0.004867 -0.033131 -0.001344
endloop
endfacet
facet normal -0.000039 0.573565 -0.819160
outer loop
vertex -0.065741 -0.032006 -0.000557
vertex -0.073054 -0.031211 -0.000000
vertex -0.065741 -0.030415 0.000557
endloop
endfacet
facet normal -0.000009 0.573500 -0.819206
outer loop
vertex -0.016815 -0.033540 -0.001631
vertex -0.033794 -0.033456 -0.001572
vertex -0.033794 -0.028965 0.001572
endloop
endfacet
facet normal 0.000009 0.573545 -0.819174
outer loop
vertex -0.016815 -0.033540 -0.001631
vertex -0.033794 -0.028965 0.001572
vertex -0.016815 -0.028881 0.001631
endloop
endfacet
facet normal -0.000042 0.573364 -0.819301
outer loop
vertex -0.033794 -0.033456 -0.001572
vertex -0.051376 -0.032880 -0.001168
vertex -0.051376 -0.029542 0.001168
endloop
endfacet
facet normal 0.000003 0.573499 -0.819206
outer loop
vertex -0.033794 -0.033456 -0.001572
vertex -0.051376 -0.029542 0.001168
vertex -0.033794 -0.028965 0.001572
endloop
endfacet
facet normal 0.000055 0.573566 -0.819159
outer loop
vertex -0.051376 -0.032880 -0.001168
vertex -0.065741 -0.032006 -0.000557
vertex -0.065741 -0.030415 0.000557
endloop
endfacet
facet normal 0.000003 0.573364 -0.819301
outer loop
vertex -0.051376 -0.032880 -0.001168
vertex -0.065741 -0.030415 0.000557
vertex -0.051376 -0.029542 0.001168
endloop
endfacet
facet normal 0.305864 -0.952074 -0.001335
outer loop
vertex 0.004011 -0.087500 0.201239
vertex 0.004011 -0.087331 0.080672
vertex 0.006837 -0.086424 0.081304
endloop
endfacet
facet normal 0.355830 -0.934551 -0.000000
outer loop
vertex 0.004011 -0.087500 0.201239
vertex 0.006837 -0.086424 0.081304
vertex 0.006837 -0.086424 0.201239
endloop
endfacet
facet normal 0.034886 -0.999385 -0.003633
outer loop
vertex -0.016815 -0.089232 0.201239
vertex -0.016815 -0.088790 0.079647
vertex -0.004867 -0.088374 0.079942
endloop
endfacet
facet normal 0.041310 -0.999142 -0.002999
outer loop
vertex -0.016815 -0.089232 0.201239
vertex -0.004867 -0.088374 0.079942
vertex -0.004867 -0.088738 0.201239
endloop
endfacet
facet normal 0.138000 0.990431 -0.001403
outer loop
vertex -0.004867 -0.084111 0.201239
vertex 0.004011 -0.085348 0.201239
vertex 0.004011 -0.085517 0.081924
endloop
endfacet
facet normal 0.116550 0.993180 -0.003031
outer loop
vertex -0.004867 -0.084111 0.201239
vertex 0.004011 -0.085517 0.081924
vertex -0.004867 -0.084473 0.082632
endloop
endfacet
facet normal -0.005076 -0.999981 -0.003505
outer loop
vertex -0.033794 -0.089130 0.201239
vertex -0.033794 -0.088704 0.079700
vertex -0.016815 -0.088790 0.079647
endloop
endfacet
facet normal -0.006007 -0.999975 -0.003635
outer loop
vertex -0.033794 -0.089130 0.201239
vertex -0.016815 -0.088790 0.079647
vertex -0.016815 -0.089232 0.201239
endloop
endfacet
facet normal 0.041310 0.999142 -0.003049
outer loop
vertex -0.016815 -0.083617 0.201239
vertex -0.004867 -0.084111 0.201239
vertex -0.004867 -0.084473 0.082632
endloop
endfacet
facet normal 0.034709 0.999390 -0.003716
outer loop
vertex -0.016815 -0.083617 0.201239
vertex -0.004867 -0.084473 0.082632
vertex -0.016815 -0.084057 0.082910
endloop
endfacet
facet normal -0.033313 -0.999442 -0.002608
outer loop
vertex -0.051376 -0.088435 0.201239
vertex -0.051376 -0.088119 0.080101
vertex -0.033794 -0.088704 0.079700
endloop
endfacet
facet normal -0.039498 -0.999214 -0.003503
outer loop
vertex -0.051376 -0.088435 0.201239
vertex -0.033794 -0.088704 0.079700
vertex -0.033794 -0.089130 0.201239
endloop
endfacet
facet normal -0.006007 0.999975 -0.003718
outer loop
vertex -0.033794 -0.083719 0.201239
vertex -0.016815 -0.083617 0.201239
vertex -0.016815 -0.084057 0.082910
endloop
endfacet
facet normal -0.005051 0.999981 -0.003581
outer loop
vertex -0.033794 -0.083719 0.201239
vertex -0.016815 -0.084057 0.082910
vertex -0.033794 -0.084143 0.082845
endloop
endfacet
facet normal -0.061682 -0.998095 -0.001243
outer loop
vertex -0.065741 -0.087382 0.201239
vertex -0.065741 -0.087232 0.080712
vertex -0.051376 -0.088119 0.080101
endloop
endfacet
facet normal -0.073107 -0.997321 -0.002602
outer loop
vertex -0.065741 -0.087382 0.201239
vertex -0.051376 -0.088119 0.080101
vertex -0.051376 -0.088435 0.201239
endloop
endfacet
facet normal -0.039441 0.999216 -0.003578
outer loop
vertex -0.051376 -0.084413 0.201239
vertex -0.033794 -0.083719 0.201239
vertex -0.033794 -0.084143 0.082845
endloop
endfacet
facet normal -0.033249 0.999444 -0.002658
outer loop
vertex -0.051376 -0.084413 0.201239
vertex -0.033794 -0.084143 0.082845
vertex -0.051376 -0.084729 0.082437
endloop
endfacet
facet normal 0.109399 0.972303 -0.206538
outer loop
vertex 0.023692 -0.085334 0.220468
vertex 0.012958 -0.084080 0.220686
vertex 0.014002 -0.084080 0.221239
endloop
endfacet
facet normal 0.107040 0.967638 -0.228516
outer loop
vertex 0.023692 -0.085334 0.220468
vertex 0.014002 -0.084080 0.221239
vertex 0.025338 -0.085334 0.221239
endloop
endfacet
facet normal -0.073107 0.997320 -0.002652
outer loop
vertex -0.065741 -0.085466 0.201239
vertex -0.051376 -0.084413 0.201239
vertex -0.051376 -0.084729 0.082437
endloop
endfacet
facet normal -0.061577 0.998102 -0.001254
outer loop
vertex -0.065741 -0.085466 0.201239
vertex -0.051376 -0.084729 0.082437
vertex -0.065741 -0.085616 0.081825
endloop
endfacet
facet normal -0.103996 0.994578 0.000000
outer loop
vertex -0.063769 -0.085453 0.220986
vertex -0.073054 -0.086424 0.220999
vertex -0.073054 -0.086424 0.221239
endloop
endfacet
facet normal -0.103436 0.994417 0.020878
outer loop
vertex -0.063769 -0.085453 0.220986
vertex -0.073054 -0.086424 0.221239
vertex -0.063718 -0.085453 0.221239
endloop
endfacet
facet normal -0.129890 -0.991528 0.000048
outer loop
vertex -0.065741 -0.087382 0.201239
vertex -0.073054 -0.086424 0.201239
vertex -0.073053 -0.086430 0.081269
endloop
endfacet
facet normal -0.109122 -0.994028 -0.001237
outer loop
vertex -0.065741 -0.087382 0.201239
vertex -0.073053 -0.086430 0.081269
vertex -0.065741 -0.087232 0.080712
endloop
endfacet
facet normal 0.116919 -0.993137 -0.002981
outer loop
vertex -0.004867 -0.088738 0.201239
vertex -0.004867 -0.088374 0.079942
vertex 0.004011 -0.087331 0.080672
endloop
endfacet
facet normal 0.138110 -0.990416 -0.001389
outer loop
vertex -0.004867 -0.088738 0.201239
vertex 0.004011 -0.087331 0.080672
vertex 0.004011 -0.087500 0.201239
endloop
endfacet
facet normal 0.107040 -0.967638 -0.228516
outer loop
vertex 0.023692 0.085334 0.220468
vertex 0.025338 0.085334 0.221239
vertex 0.014002 0.084080 0.221239
endloop
endfacet
facet normal 0.109400 -0.972306 -0.206527
outer loop
vertex 0.023692 0.085334 0.220468
vertex 0.014002 0.084080 0.221239
vertex 0.012958 0.084080 0.220686
endloop
endfacet
facet normal 0.041735 0.789712 -0.612056
outer loop
vertex -0.016815 0.033540 -0.001631
vertex -0.016815 0.082627 0.061704
vertex -0.004867 0.082218 0.061991
endloop
endfacet
facet normal 0.041735 0.789712 -0.612056
outer loop
vertex -0.016815 0.033540 -0.001631
vertex -0.004867 0.082218 0.061991
vertex -0.004867 0.033131 -0.001344
endloop
endfacet
facet normal -0.006039 0.790386 -0.612579
outer loop
vertex -0.033794 0.033456 -0.001572
vertex -0.033794 0.082543 0.061763
vertex -0.016815 0.082627 0.061704
endloop
endfacet
facet normal -0.006038 0.790386 -0.612579
outer loop
vertex -0.033794 0.033456 -0.001572
vertex -0.016815 0.082627 0.061704
vertex -0.016815 0.033540 -0.001631
endloop
endfacet
facet normal -0.039938 0.789770 -0.612101
outer loop
vertex -0.051376 0.081967 0.062167
vertex -0.033794 0.082543 0.061763
vertex -0.033794 0.033456 -0.001572
endloop
endfacet
facet normal -0.039938 0.789770 -0.612101
outer loop
vertex -0.051376 0.081967 0.062167
vertex -0.033794 0.033456 -0.001572
vertex -0.051376 0.032880 -0.001168
endloop
endfacet
facet normal -0.073943 0.788237 -0.610913
outer loop
vertex -0.065741 0.032006 -0.000557
vertex -0.065741 0.081093 0.062778
vertex -0.051376 0.081967 0.062167
endloop
endfacet
facet normal -0.073943 0.788237 -0.610913
outer loop
vertex -0.065741 0.032006 -0.000557
vertex -0.051376 0.081967 0.062167
vertex -0.051376 0.032880 -0.001168
endloop
endfacet
facet normal -0.131432 -0.783543 0.607277
outer loop
vertex -0.065741 0.079503 0.063892
vertex -0.073054 0.080298 0.063335
vertex -0.073054 0.031211 0.000000
endloop
endfacet
facet normal -0.131538 -0.783528 0.607274
outer loop
vertex -0.065741 0.079503 0.063892
vertex -0.073054 0.031211 0.000000
vertex -0.065741 0.030415 0.000557
endloop
endfacet
facet normal 0.359490 -0.737562 0.571638
outer loop
vertex 0.004011 0.079405 0.063960
vertex 0.004011 0.030318 0.000625
vertex 0.006837 0.031211 0.000000
endloop
endfacet
facet normal 0.359487 -0.737563 0.571638
outer loop
vertex 0.004011 0.079405 0.063960
vertex 0.006837 0.031211 0.000000
vertex 0.006837 0.080298 0.063335
endloop
endfacet
facet normal 0.032716 0.998163 -0.050986
outer loop
vertex -0.001922 0.089268 0.220809
vertex -0.001252 0.089268 0.221239
vertex 0.014002 0.088768 0.221239
endloop
endfacet
facet normal 0.033004 0.997512 -0.062296
outer loop
vertex -0.001922 0.089268 0.220809
vertex 0.014002 0.088768 0.221239
vertex 0.012958 0.088768 0.220686
endloop
endfacet
facet normal -0.004751 0.999975 0.005156
outer loop
vertex -0.023310 0.089165 0.220889
vertex -0.022929 0.089165 0.221239
vertex -0.001252 0.089268 0.221239
endloop
endfacet
facet normal -0.004788 0.999961 0.007462
outer loop
vertex -0.023310 0.089165 0.220889
vertex -0.001252 0.089268 0.221239
vertex -0.001922 0.089268 0.220809
endloop
endfacet
facet normal -0.031340 0.999332 0.018806
outer loop
vertex -0.045551 0.088461 0.220948
vertex -0.045377 0.088461 0.221239
vertex -0.022929 0.089165 0.221239
endloop
endfacet
facet normal -0.031531 0.998913 0.034325
outer loop
vertex -0.045551 0.088461 0.220948
vertex -0.022929 0.089165 0.221239
vertex -0.023310 0.089165 0.220889
endloop
endfacet
facet normal -0.058019 0.998247 0.011670
outer loop
vertex -0.063769 0.087395 0.220986
vertex -0.063718 0.087395 0.221239
vertex -0.045377 0.088461 0.221239
endloop
endfacet
facet normal -0.058301 0.997690 0.034863
outer loop
vertex -0.063769 0.087395 0.220986
vertex -0.045377 0.088461 0.221239
vertex -0.045551 0.088461 0.220948
endloop
endfacet
facet normal -0.103446 0.994635 0.000000
outer loop
vertex -0.073054 0.086424 0.220999
vertex -0.073054 0.086424 0.221239
vertex -0.063718 0.087395 0.221239
endloop
endfacet
facet normal -0.103957 0.994361 0.020943
outer loop
vertex -0.073054 0.086424 0.220999
vertex -0.063718 0.087395 0.221239
vertex -0.063769 0.087395 0.220986
endloop
endfacet
facet normal 0.032699 -0.997557 -0.061732
outer loop
vertex 0.012958 0.084080 0.220686
vertex 0.014002 0.084080 0.221239
vertex -0.001252 0.083580 0.221239
endloop
endfacet
facet normal 0.033111 -0.998120 -0.051579
outer loop
vertex 0.012958 0.084080 0.220686
vertex -0.001252 0.083580 0.221239
vertex -0.001922 0.083580 0.220809
endloop
endfacet
facet normal 0.139749 0.782645 -0.606579
outer loop
vertex -0.004867 0.033131 -0.001344
vertex -0.004867 0.082218 0.061991
vertex 0.004011 0.081190 0.062710
endloop
endfacet
facet normal 0.139749 0.782645 -0.606578
outer loop
vertex -0.004867 0.033131 -0.001344
vertex 0.004011 0.081190 0.062710
vertex 0.004011 0.032103 -0.000625
endloop
endfacet
facet normal 0.107660 0.973198 -0.203212
outer loop
vertex 0.012958 0.088768 0.220686
vertex 0.014002 0.088768 0.221239
vertex 0.025338 0.087514 0.221239
endloop
endfacet
facet normal 0.108261 0.966880 -0.231132
outer loop
vertex 0.012958 0.088768 0.220686
vertex 0.025338 0.087514 0.221239
vertex 0.023692 0.087514 0.220468
endloop
endfacet
facet normal -0.057984 -0.997715 0.034688
outer loop
vertex -0.045551 0.084387 0.220948
vertex -0.045377 0.084387 0.221239
vertex -0.063718 0.085453 0.221239
endloop
endfacet
facet normal -0.058391 -0.998224 0.011779
outer loop
vertex -0.045551 0.084387 0.220948
vertex -0.063718 0.085453 0.221239
vertex -0.063769 0.085453 0.220986
endloop
endfacet
facet normal -0.031327 -0.998927 0.034102
outer loop
vertex -0.023310 0.083683 0.220889
vertex -0.022929 0.083683 0.221239
vertex -0.045377 0.084387 0.221239
endloop
endfacet
facet normal -0.031581 -0.999323 0.018895
outer loop
vertex -0.023310 0.083683 0.220889
vertex -0.045377 0.084387 0.221239
vertex -0.045551 0.084387 0.220948
endloop
endfacet
facet normal -0.004751 -0.999961 0.007393
outer loop
vertex -0.001922 0.083580 0.220809
vertex -0.001252 0.083580 0.221239
vertex -0.022929 0.083683 0.221239
endloop
endfacet
facet normal -0.004796 -0.999975 0.005229
outer loop
vertex -0.001922 0.083580 0.220809
vertex -0.022929 0.083683 0.221239
vertex -0.023310 0.083683 0.220889
endloop
endfacet
facet normal 0.305327 -0.952247 -0.001349
outer loop
vertex 0.004011 0.085348 0.201239
vertex 0.004011 0.085517 0.081924
vertex 0.006837 0.086424 0.081304
endloop
endfacet
facet normal 0.355830 -0.934551 -0.000000
outer loop
vertex 0.004011 0.085348 0.201239
vertex 0.006837 0.086424 0.081304
vertex 0.006837 0.086424 0.201239
endloop
endfacet
facet normal 0.359262 0.737631 -0.571691
outer loop
vertex 0.004011 0.081190 0.062710
vertex 0.006837 0.080298 0.063335
vertex 0.006837 0.031211 0.000000
endloop
endfacet
facet normal 0.359261 0.737631 -0.571692
outer loop
vertex 0.004011 0.081190 0.062710
vertex 0.006837 0.031211 0.000000
vertex 0.004011 0.032103 -0.000625
endloop
endfacet
facet normal 0.139662 -0.782659 0.606580
outer loop
vertex -0.004867 0.078378 0.064680
vertex -0.004867 0.029291 0.001344
vertex 0.004011 0.030318 0.000625
endloop
endfacet
facet normal 0.139730 -0.782647 0.606580
outer loop
vertex -0.004867 0.078378 0.064680
vertex 0.004011 0.030318 0.000625
vertex 0.004011 0.079405 0.063960
endloop
endfacet
facet normal 0.041801 -0.789710 0.612054
outer loop
vertex -0.016815 0.077968 0.064966
vertex -0.016815 0.028881 0.001631
vertex -0.004867 0.029291 0.001344
endloop
endfacet
facet normal 0.041750 -0.789716 0.612050
outer loop
vertex -0.016815 0.077968 0.064966
vertex -0.004867 0.029291 0.001344
vertex -0.004867 0.078378 0.064680
endloop
endfacet
facet normal -0.006039 -0.790386 0.612579
outer loop
vertex -0.033794 0.078052 0.064907
vertex -0.033794 0.028965 0.001572
vertex -0.016815 0.028881 0.001631
endloop
endfacet
facet normal -0.006039 -0.790387 0.612579
outer loop
vertex -0.033794 0.078052 0.064907
vertex -0.016815 0.028881 0.001631
vertex -0.016815 0.077968 0.064966
endloop
endfacet
facet normal -0.039983 -0.789774 0.612094
outer loop
vertex -0.051376 0.078629 0.064504
vertex -0.051376 0.029542 0.001168
vertex -0.033794 0.028965 0.001572
endloop
endfacet
facet normal -0.039949 -0.789770 0.612101
outer loop
vertex -0.051376 0.078629 0.064504
vertex -0.033794 0.028965 0.001572
vertex -0.033794 0.078052 0.064907
endloop
endfacet
facet normal -0.073888 -0.788234 0.610923
outer loop
vertex -0.065741 0.079503 0.063892
vertex -0.065741 0.030415 0.000557
vertex -0.051376 0.029542 0.001168
endloop
endfacet
facet normal -0.073985 -0.788239 0.610905
outer loop
vertex -0.065741 0.079503 0.063892
vertex -0.051376 0.029542 0.001168
vertex -0.051376 0.078629 0.064504
endloop
endfacet
facet normal -0.131433 0.783545 -0.607275
outer loop
vertex -0.065741 0.081093 0.062778
vertex -0.065741 0.032006 -0.000557
vertex -0.073054 0.031211 0.000000
endloop
endfacet
facet normal -0.131433 0.783544 -0.607276
outer loop
vertex -0.065741 0.081093 0.062778
vertex -0.073054 0.031211 0.000000
vertex -0.073054 0.080298 0.063335
endloop
endfacet
facet normal 0.000102 -0.573617 -0.819124
outer loop
vertex 0.004011 0.032103 -0.000625
vertex 0.006837 0.031211 0.000000
vertex 0.004011 0.030318 0.000625
endloop
endfacet
facet normal -0.000082 -0.573615 -0.819125
outer loop
vertex -0.004867 0.033131 -0.001344
vertex 0.004011 0.032103 -0.000625
vertex 0.004011 0.030318 0.000625
endloop
endfacet
facet normal -0.000009 -0.573463 -0.819232
outer loop
vertex -0.004867 0.033131 -0.001344
vertex 0.004011 0.030318 0.000625
vertex -0.004867 0.029291 0.001344
endloop
endfacet
facet normal 0.000048 -0.573462 -0.819232
outer loop
vertex -0.016815 0.033540 -0.001631
vertex -0.004867 0.033131 -0.001344
vertex -0.004867 0.029291 0.001344
endloop
endfacet
facet normal 0.000004 -0.573545 -0.819174
outer loop
vertex -0.016815 0.033540 -0.001631
vertex -0.004867 0.029291 0.001344
vertex -0.016815 0.028881 0.001631
endloop
endfacet
facet normal -0.000039 -0.573567 -0.819159
outer loop
vertex -0.065741 0.032006 -0.000557
vertex -0.065741 0.030415 0.000557
vertex -0.073054 0.031211 0.000000
endloop
endfacet
facet normal 0.000009 -0.573545 -0.819174
outer loop
vertex -0.016815 0.033540 -0.001631
vertex -0.016815 0.028881 0.001631
vertex -0.033794 0.028965 0.001572
endloop
endfacet
facet normal -0.000010 -0.573498 -0.819207
outer loop
vertex -0.016815 0.033540 -0.001631
vertex -0.033794 0.028965 0.001572
vertex -0.033794 0.033456 -0.001572
endloop
endfacet
facet normal 0.000003 -0.573498 -0.819207
outer loop
vertex -0.033794 0.033456 -0.001572
vertex -0.033794 0.028965 0.001572
vertex -0.051376 0.029542 0.001168
endloop
endfacet
facet normal -0.000042 -0.573364 -0.819300
outer loop
vertex -0.033794 0.033456 -0.001572
vertex -0.051376 0.029542 0.001168
vertex -0.051376 0.032880 -0.001168
endloop
endfacet
facet normal 0.000003 -0.573364 -0.819301
outer loop
vertex -0.051376 0.032880 -0.001168
vertex -0.051376 0.029542 0.001168
vertex -0.065741 0.030415 0.000557
endloop
endfacet
facet normal 0.000055 -0.573567 -0.819159
outer loop
vertex -0.051376 0.032880 -0.001168
vertex -0.065741 0.030415 0.000557
vertex -0.065741 0.032006 -0.000557
endloop
endfacet
facet normal 0.355830 0.934551 0.000000
outer loop
vertex 0.004011 0.087500 0.201239
vertex 0.006837 0.086424 0.201239
vertex 0.006837 0.086424 0.081304
endloop
endfacet
facet normal 0.305864 0.952074 -0.001334
outer loop
vertex 0.004011 0.087500 0.201239
vertex 0.006837 0.086424 0.081304
vertex 0.004011 0.087331 0.080672
endloop
endfacet
facet normal 0.041310 0.999142 -0.002998
outer loop
vertex -0.016815 0.089232 0.201239
vertex -0.004867 0.088738 0.201239
vertex -0.004867 0.088374 0.079942
endloop
endfacet
facet normal 0.034886 0.999385 -0.003633
outer loop
vertex -0.016815 0.089232 0.201239
vertex -0.004867 0.088374 0.079942
vertex -0.016815 0.088790 0.079646
endloop
endfacet
facet normal 0.116550 -0.993180 -0.003032
outer loop
vertex -0.004867 0.084111 0.201239
vertex -0.004867 0.084473 0.082632
vertex 0.004011 0.085517 0.081924
endloop
endfacet
facet normal 0.138000 -0.990431 -0.001403
outer loop
vertex -0.004867 0.084111 0.201239
vertex 0.004011 0.085517 0.081924
vertex 0.004011 0.085348 0.201239
endloop
endfacet
facet normal -0.006007 0.999975 -0.003635
outer loop
vertex -0.033794 0.089130 0.201239
vertex -0.016815 0.089232 0.201239
vertex -0.016815 0.088790 0.079646
endloop
endfacet
facet normal -0.005076 0.999981 -0.003505
outer loop
vertex -0.033794 0.089130 0.201239
vertex -0.016815 0.088790 0.079646
vertex -0.033794 0.088704 0.079699
endloop
endfacet
facet normal 0.034709 -0.999390 -0.003716
outer loop
vertex -0.016815 0.083617 0.201239
vertex -0.016815 0.084057 0.082910
vertex -0.004867 0.084473 0.082632
endloop
endfacet
facet normal 0.041310 -0.999142 -0.003050
outer loop
vertex -0.016815 0.083617 0.201239
vertex -0.004867 0.084473 0.082632
vertex -0.004867 0.084111 0.201239
endloop
endfacet
facet normal -0.039497 0.999213 -0.003502
outer loop
vertex -0.051376 0.088435 0.201239
vertex -0.033794 0.089130 0.201239
vertex -0.033794 0.088704 0.079699
endloop
endfacet
facet normal -0.033313 0.999442 -0.002607
outer loop
vertex -0.051376 0.088435 0.201239
vertex -0.033794 0.088704 0.079699
vertex -0.051376 0.088119 0.080100
endloop
endfacet
facet normal -0.005051 -0.999981 -0.003581
outer loop
vertex -0.033794 0.083719 0.201239
vertex -0.033794 0.084143 0.082846
vertex -0.016815 0.084057 0.082910
endloop
endfacet
facet normal -0.006007 -0.999975 -0.003719
outer loop
vertex -0.033794 0.083719 0.201239
vertex -0.016815 0.084057 0.082910
vertex -0.016815 0.083617 0.201239
endloop
endfacet
facet normal -0.073107 0.997321 -0.002601
outer loop
vertex -0.065741 0.087382 0.201239
vertex -0.051376 0.088435 0.201239
vertex -0.051376 0.088119 0.080100
endloop
endfacet
facet normal -0.061682 0.998095 -0.001242
outer loop
vertex -0.065741 0.087382 0.201239
vertex -0.051376 0.088119 0.080100
vertex -0.065741 0.087232 0.080710
endloop
endfacet
facet normal -0.033250 -0.999443 -0.002659
outer loop
vertex -0.051376 0.084413 0.201239
vertex -0.051376 0.084729 0.082439
vertex -0.033794 0.084143 0.082846
endloop
endfacet
facet normal -0.039442 -0.999216 -0.003579
outer loop
vertex -0.051376 0.084413 0.201239
vertex -0.033794 0.084143 0.082846
vertex -0.033794 0.083719 0.201239
endloop
endfacet
facet normal -0.129757 -0.991546 0.000045
outer loop
vertex -0.065741 0.085466 0.201239
vertex -0.073054 0.086423 0.201239
vertex -0.073058 0.086418 0.081269
endloop
endfacet
facet normal -0.108861 -0.994056 -0.001249
outer loop
vertex -0.065741 0.085466 0.201239
vertex -0.073058 0.086418 0.081269
vertex -0.065741 0.085616 0.081826
endloop
endfacet
facet normal -0.061577 -0.998102 -0.001254
outer loop
vertex -0.065741 0.085466 0.201239
vertex -0.065741 0.085616 0.081826
vertex -0.051376 0.084729 0.082439
endloop
endfacet
facet normal -0.073107 -0.997321 -0.002653
outer loop
vertex -0.065741 0.085466 0.201239
vertex -0.051376 0.084729 0.082439
vertex -0.051376 0.084413 0.201239
endloop
endfacet
facet normal -0.103436 -0.994417 0.020878
outer loop
vertex -0.063769 0.085453 0.220986
vertex -0.063718 0.085453 0.221239
vertex -0.073054 0.086424 0.221239
endloop
endfacet
facet normal -0.103996 -0.994578 0.000000
outer loop
vertex -0.063769 0.085453 0.220986
vertex -0.073054 0.086424 0.221239
vertex -0.073054 0.086424 0.220999
endloop
endfacet
facet normal -0.110659 0.993858 -0.001237
outer loop
vertex -0.065741 0.087382 0.201239
vertex -0.065741 0.087232 0.080710
vertex -0.073058 0.086418 0.081269
endloop
endfacet
facet normal -0.130023 0.991511 -0.000037
outer loop
vertex -0.065741 0.087382 0.201239
vertex -0.073058 0.086418 0.081269
vertex -0.073054 0.086423 0.201239
endloop
endfacet
facet normal 0.138110 0.990416 -0.001388
outer loop
vertex -0.004867 0.088738 0.201239
vertex 0.004011 0.087500 0.201239
vertex 0.004011 0.087331 0.080672
endloop
endfacet
facet normal 0.116921 0.993137 -0.002980
outer loop
vertex -0.004867 0.088738 0.201239
vertex 0.004011 0.087331 0.080672
vertex -0.004867 0.088374 0.079942
endloop
endfacet
facet normal 0.358678 0.808332 0.466851
outer loop
vertex 0.006837 -0.080298 0.063335
vertex 0.004011 -0.079405 0.063960
vertex 0.004011 -0.082466 0.069260
endloop
endfacet
facet normal 0.359038 0.808118 0.466945
outer loop
vertex 0.006837 -0.080298 0.063335
vertex 0.004011 -0.082466 0.069260
vertex 0.006837 -0.083361 0.068636
endloop
endfacet
facet normal 0.347789 0.887607 0.301988
outer loop
vertex 0.006837 -0.083361 0.068636
vertex 0.004011 -0.082466 0.069260
vertex 0.004011 -0.084703 0.075835
endloop
endfacet
facet normal 0.349031 0.886992 0.302362
outer loop
vertex 0.006837 -0.083361 0.068636
vertex 0.004011 -0.084703 0.075835
vertex 0.006837 -0.085603 0.075213
endloop
endfacet
facet normal 0.325990 0.937037 0.125267
outer loop
vertex 0.006837 -0.085603 0.075213
vertex 0.004011 -0.084703 0.075835
vertex 0.004011 -0.085517 0.081924
endloop
endfacet
facet normal 0.328145 0.936161 0.126187
outer loop
vertex 0.006837 -0.085603 0.075213
vertex 0.004011 -0.085517 0.081924
vertex 0.006837 -0.086424 0.081304
endloop
endfacet
facet normal 0.139358 0.857560 0.495146
outer loop
vertex 0.004011 -0.079405 0.063960
vertex -0.004867 -0.078378 0.064680
vertex -0.004867 -0.081437 0.069978
endloop
endfacet
facet normal 0.139439 0.857492 0.495242
outer loop
vertex 0.004011 -0.079405 0.063960
vertex -0.004867 -0.081437 0.069978
vertex 0.004011 -0.082466 0.069260
endloop
endfacet
facet normal 0.134518 0.938305 0.318573
outer loop
vertex 0.004011 -0.082466 0.069260
vertex -0.004867 -0.081437 0.069978
vertex -0.004867 -0.083668 0.076549
endloop
endfacet
facet normal 0.135023 0.938037 0.319149
outer loop
vertex 0.004011 -0.082466 0.069260
vertex -0.004867 -0.083668 0.076549
vertex 0.004011 -0.084703 0.075835
endloop
endfacet
facet normal 0.125132 0.983564 0.130164
outer loop
vertex 0.004011 -0.084703 0.075835
vertex -0.004867 -0.083668 0.076549
vertex -0.004867 -0.084473 0.082632
endloop
endfacet
facet normal 0.126109 0.983269 0.131445
outer loop
vertex 0.004011 -0.084703 0.075835
vertex -0.004867 -0.084473 0.082632
vertex 0.004011 -0.085517 0.081924
endloop
endfacet
facet normal 0.041650 0.865288 0.499541
outer loop
vertex -0.004867 -0.078378 0.064680
vertex -0.016815 -0.077968 0.064966
vertex -0.016815 -0.081026 0.070263
endloop
endfacet
facet normal 0.041680 0.865258 0.499591
outer loop
vertex -0.004867 -0.078378 0.064680
vertex -0.016815 -0.081026 0.070263
vertex -0.004867 -0.081437 0.069978
endloop
endfacet
facet normal 0.040207 0.946188 0.321110
outer loop
vertex -0.004867 -0.081437 0.069978
vertex -0.016815 -0.081026 0.070263
vertex -0.016815 -0.083255 0.076831
endloop
endfacet
facet normal 0.040287 0.946142 0.321234
outer loop
vertex -0.004867 -0.081437 0.069978
vertex -0.016815 -0.083255 0.076831
vertex -0.004867 -0.083668 0.076549
endloop
endfacet
facet normal 0.037331 0.990718 0.130706
outer loop
vertex -0.004867 -0.083668 0.076549
vertex -0.016815 -0.083255 0.076831
vertex -0.016815 -0.084057 0.082910
endloop
endfacet
facet normal 0.037542 0.990658 0.131101
outer loop
vertex -0.004867 -0.083668 0.076549
vertex -0.016815 -0.084057 0.082910
vertex -0.004867 -0.084473 0.082632
endloop
endfacet
facet normal -0.006022 0.865955 0.500086
outer loop
vertex -0.016815 -0.077968 0.064966
vertex -0.033794 -0.078052 0.064907
vertex -0.033794 -0.081111 0.070204
endloop
endfacet
facet normal -0.006072 0.866024 0.499965
outer loop
vertex -0.016815 -0.077968 0.064966
vertex -0.033794 -0.081111 0.070204
vertex -0.016815 -0.081026 0.070263
endloop
endfacet
facet normal -0.005857 0.946893 0.321496
outer loop
vertex -0.016815 -0.081026 0.070263
vertex -0.033794 -0.081111 0.070204
vertex -0.033794 -0.083340 0.076769
endloop
endfacet
facet normal -0.005914 0.946938 0.321363
outer loop
vertex -0.016815 -0.081026 0.070263
vertex -0.033794 -0.083340 0.076769
vertex -0.016815 -0.083255 0.076831
endloop
endfacet
facet normal -0.005441 0.991365 0.131020
outer loop
vertex -0.016815 -0.083255 0.076831
vertex -0.033794 -0.083340 0.076769
vertex -0.033794 -0.084143 0.082845
endloop
endfacet
facet normal -0.005522 0.991394 0.130796
outer loop
vertex -0.016815 -0.083255 0.076831
vertex -0.033794 -0.084143 0.082845
vertex -0.016815 -0.084057 0.082910
endloop
endfacet
facet normal -0.039851 0.865131 0.499960
outer loop
vertex -0.033794 -0.078052 0.064907
vertex -0.051376 -0.078629 0.064504
vertex -0.051376 -0.081689 0.069799
endloop
endfacet
facet normal -0.039956 0.865279 0.499695
outer loop
vertex -0.033794 -0.078052 0.064907
vertex -0.051376 -0.081689 0.069799
vertex -0.033794 -0.081111 0.070204
endloop
endfacet
facet normal -0.038511 0.946074 0.321653
outer loop
vertex -0.033794 -0.081111 0.070204
vertex -0.051376 -0.081689 0.069799
vertex -0.051376 -0.083921 0.076364
endloop
endfacet
facet normal -0.038667 0.946201 0.321260
outer loop
vertex -0.033794 -0.081111 0.070204
vertex -0.051376 -0.083921 0.076364
vertex -0.033794 -0.083340 0.076769
endloop
endfacet
facet normal -0.035772 0.990630 0.131805
outer loop
vertex -0.033794 -0.083340 0.076769
vertex -0.051376 -0.083921 0.076364
vertex -0.051376 -0.084729 0.082437
endloop
endfacet
facet normal -0.036059 0.990735 0.130933
outer loop
vertex -0.033794 -0.083340 0.076769
vertex -0.051376 -0.084729 0.082437
vertex -0.033794 -0.084143 0.082845
endloop
endfacet
facet normal -0.073793 0.863427 0.499047
outer loop
vertex -0.051376 -0.078629 0.064504
vertex -0.065741 -0.079503 0.063892
vertex -0.065741 -0.082564 0.069188
endloop
endfacet
facet normal -0.073819 0.863455 0.498996
outer loop
vertex -0.051376 -0.078629 0.064504
vertex -0.065741 -0.082564 0.069188
vertex -0.051376 -0.081689 0.069799
endloop
endfacet
facet normal -0.071195 0.944140 0.321762
outer loop
vertex -0.051376 -0.081689 0.069799
vertex -0.065741 -0.082564 0.069188
vertex -0.065741 -0.084801 0.075752
endloop
endfacet
facet normal -0.071530 0.944352 0.321065
outer loop
vertex -0.051376 -0.081689 0.069799
vertex -0.065741 -0.084801 0.075752
vertex -0.051376 -0.083921 0.076364
endloop
endfacet
facet normal -0.066237 0.988939 0.132715
outer loop
vertex -0.051376 -0.083921 0.076364
vertex -0.065741 -0.084801 0.075752
vertex -0.065741 -0.085616 0.081825
endloop
endfacet
facet normal -0.066678 0.989058 0.131597
outer loop
vertex -0.051376 -0.083921 0.076364
vertex -0.065741 -0.085616 0.081825
vertex -0.051376 -0.084729 0.082437
endloop
endfacet
facet normal -0.119585 0.984003 0.132054
outer loop
vertex -0.073053 -0.086430 0.081269
vertex -0.065741 -0.085616 0.081825
vertex -0.065741 -0.084801 0.075752
endloop
endfacet
facet normal -0.118493 0.983942 0.133484
outer loop
vertex -0.073053 -0.086430 0.081269
vertex -0.065741 -0.084801 0.075752
vertex -0.073053 -0.085606 0.075195
endloop
endfacet
facet normal -0.127725 0.938789 0.319940
outer loop
vertex -0.073053 -0.085606 0.075195
vertex -0.065741 -0.084801 0.075752
vertex -0.065741 -0.082564 0.069188
endloop
endfacet
facet normal -0.126859 0.938583 0.320888
outer loop
vertex -0.073053 -0.085606 0.075195
vertex -0.065741 -0.082564 0.069188
vertex -0.073054 -0.083362 0.068631
endloop
endfacet
facet normal -0.131440 0.858276 0.496070
outer loop
vertex -0.073054 -0.083362 0.068631
vertex -0.065741 -0.082564 0.069188
vertex -0.065741 -0.079503 0.063892
endloop
endfacet
facet normal -0.131098 0.858105 0.496456
outer loop
vertex -0.073054 -0.083362 0.068631
vertex -0.065741 -0.079503 0.063892
vertex -0.073054 -0.080298 0.063335
endloop
endfacet
facet normal 0.126557 -0.982719 -0.135080
outer loop
vertex 0.004011 -0.087331 0.080672
vertex -0.004867 -0.088374 0.079942
vertex -0.004867 -0.087538 0.073860
endloop
endfacet
facet normal 0.125506 -0.983043 -0.133698
outer loop
vertex 0.004011 -0.087331 0.080672
vertex -0.004867 -0.087538 0.073860
vertex 0.004011 -0.086503 0.074584
endloop
endfacet
facet normal 0.135468 -0.937222 -0.321346
outer loop
vertex 0.004011 -0.086503 0.074584
vertex -0.004867 -0.087538 0.073860
vertex -0.004867 -0.085285 0.067289
endloop
endfacet
facet normal 0.134812 -0.937570 -0.320606
outer loop
vertex 0.004011 -0.086503 0.074584
vertex -0.004867 -0.085285 0.067289
vertex 0.004011 -0.084255 0.068010
endloop
endfacet
facet normal 0.139710 -0.856957 -0.496090
outer loop
vertex 0.004011 -0.084255 0.068010
vertex -0.004867 -0.085285 0.067289
vertex -0.004867 -0.082218 0.061991
endloop
endfacet
facet normal 0.139406 -0.857214 -0.495732
outer loop
vertex 0.004011 -0.084255 0.068010
vertex -0.004867 -0.082218 0.061991
vertex 0.004011 -0.081190 0.062710
endloop
endfacet
facet normal 0.037840 -0.989897 -0.136643
outer loop
vertex -0.004867 -0.088374 0.079942
vertex -0.016815 -0.088790 0.079647
vertex -0.016815 -0.087951 0.073569
endloop
endfacet
facet normal 0.037535 -0.989987 -0.136077
outer loop
vertex -0.004867 -0.088374 0.079942
vertex -0.016815 -0.087951 0.073569
vertex -0.004867 -0.087538 0.073860
endloop
endfacet
facet normal 0.040570 -0.944985 -0.324587
outer loop
vertex -0.004867 -0.087538 0.073860
vertex -0.016815 -0.087951 0.073569
vertex -0.016815 -0.085695 0.067001
endloop
endfacet
facet normal 0.040245 -0.945176 -0.324071
outer loop
vertex -0.004867 -0.087538 0.073860
vertex -0.016815 -0.085695 0.067001
vertex -0.004867 -0.085285 0.067289
endloop
endfacet
facet normal 0.041739 -0.864579 -0.500760
outer loop
vertex -0.004867 -0.085285 0.067289
vertex -0.016815 -0.085695 0.067001
vertex -0.016815 -0.082627 0.061704
endloop
endfacet
facet normal 0.041624 -0.864695 -0.500570
outer loop
vertex -0.004867 -0.085285 0.067289
vertex -0.016815 -0.082627 0.061704
vertex -0.004867 -0.082218 0.061991
endloop
endfacet
facet normal -0.005444 -0.990605 -0.136645
outer loop
vertex -0.016815 -0.088790 0.079647
vertex -0.033794 -0.088704 0.079700
vertex -0.033794 -0.087866 0.073625
endloop
endfacet
facet normal -0.005410 -0.990592 -0.136741
outer loop
vertex -0.016815 -0.088790 0.079647
vertex -0.033794 -0.087866 0.073625
vertex -0.016815 -0.087951 0.073569
endloop
endfacet
facet normal -0.005806 -0.945762 -0.324809
outer loop
vertex -0.016815 -0.087951 0.073569
vertex -0.033794 -0.087866 0.073625
vertex -0.033794 -0.085611 0.067059
endloop
endfacet
facet normal -0.005789 -0.945749 -0.324847
outer loop
vertex -0.016815 -0.087951 0.073569
vertex -0.033794 -0.085611 0.067059
vertex -0.016815 -0.085695 0.067001
endloop
endfacet
facet normal -0.005993 -0.865276 -0.501260
outer loop
vertex -0.016815 -0.085695 0.067001
vertex -0.033794 -0.085611 0.067059
vertex -0.033794 -0.082543 0.061763
endloop
endfacet
facet normal -0.006023 -0.865318 -0.501187
outer loop
vertex -0.016815 -0.085695 0.067001
vertex -0.033794 -0.082543 0.061763
vertex -0.016815 -0.082627 0.061704
endloop
endfacet
facet normal -0.036043 -0.990061 -0.135942
outer loop
vertex -0.033794 -0.088704 0.079700
vertex -0.051376 -0.088119 0.080101
vertex -0.051376 -0.087285 0.074027
endloop
endfacet
facet normal -0.035837 -0.989984 -0.136559
outer loop
vertex -0.033794 -0.088704 0.079700
vertex -0.051376 -0.087285 0.074027
vertex -0.033794 -0.087866 0.073625
endloop
endfacet
facet normal -0.038648 -0.945173 -0.324274
outer loop
vertex -0.033794 -0.087866 0.073625
vertex -0.051376 -0.087285 0.074027
vertex -0.051376 -0.085033 0.067463
endloop
endfacet
facet normal -0.038528 -0.945075 -0.324574
outer loop
vertex -0.033794 -0.087866 0.073625
vertex -0.051376 -0.085033 0.067463
vertex -0.033794 -0.085611 0.067059
endloop
endfacet
facet normal -0.039932 -0.864745 -0.500622
outer loop
vertex -0.033794 -0.085611 0.067059
vertex -0.051376 -0.085033 0.067463
vertex -0.051376 -0.081967 0.062167
endloop
endfacet
facet normal -0.039834 -0.864606 -0.500870
outer loop
vertex -0.033794 -0.085611 0.067059
vertex -0.051376 -0.081967 0.062167
vertex -0.033794 -0.082543 0.061763
endloop
endfacet
facet normal -0.066772 -0.988646 -0.134609
outer loop
vertex -0.051376 -0.088119 0.080101
vertex -0.065741 -0.087232 0.080712
vertex -0.065741 -0.086405 0.074638
endloop
endfacet
facet normal -0.066330 -0.988523 -0.135729
outer loop
vertex -0.051376 -0.088119 0.080101
vertex -0.065741 -0.086405 0.074638
vertex -0.051376 -0.087285 0.074027
endloop
endfacet
facet normal -0.071550 -0.943676 -0.323042
outer loop
vertex -0.051376 -0.087285 0.074027
vertex -0.065741 -0.086405 0.074638
vertex -0.065741 -0.084158 0.068074
endloop
endfacet
facet normal -0.071237 -0.943477 -0.323691
outer loop
vertex -0.051376 -0.087285 0.074027
vertex -0.065741 -0.084158 0.068074
vertex -0.051376 -0.085033 0.067463
endloop
endfacet
facet normal -0.073822 -0.863142 -0.499537
outer loop
vertex -0.051376 -0.085033 0.067463
vertex -0.065741 -0.084158 0.068074
vertex -0.065741 -0.081093 0.062778
endloop
endfacet
facet normal -0.073765 -0.863077 -0.499657
outer loop
vertex -0.051376 -0.085033 0.067463
vertex -0.065741 -0.081093 0.062778
vertex -0.051376 -0.081967 0.062167
endloop
endfacet
facet normal -0.131099 -0.858034 -0.496578
outer loop
vertex -0.073054 -0.080298 0.063335
vertex -0.065741 -0.081093 0.062778
vertex -0.065741 -0.084158 0.068074
endloop
endfacet
facet normal -0.131213 -0.858092 -0.496449
outer loop
vertex -0.073054 -0.080298 0.063335
vertex -0.065741 -0.084158 0.068074
vertex -0.073054 -0.083362 0.068631
endloop
endfacet
facet normal -0.126622 -0.938486 -0.321265
outer loop
vertex -0.073054 -0.083362 0.068631
vertex -0.065741 -0.084158 0.068074
vertex -0.065741 -0.086405 0.074638
endloop
endfacet
facet normal -0.127002 -0.938578 -0.320845
outer loop
vertex -0.073054 -0.083362 0.068631
vertex -0.065741 -0.086405 0.074638
vertex -0.073053 -0.085606 0.075195
endloop
endfacet
facet normal -0.117726 -0.983967 -0.133975
outer loop
vertex -0.073053 -0.085606 0.075195
vertex -0.065741 -0.086405 0.074638
vertex -0.065741 -0.087232 0.080712
endloop
endfacet
facet normal -0.118096 -0.983989 -0.133488
outer loop
vertex -0.073053 -0.085606 0.075195
vertex -0.065741 -0.087232 0.080712
vertex -0.073053 -0.086430 0.081269
endloop
endfacet
facet normal 0.328800 -0.935784 -0.127273
outer loop
vertex 0.006837 -0.086424 0.081304
vertex 0.004011 -0.087331 0.080672
vertex 0.004011 -0.086503 0.074584
endloop
endfacet
facet normal 0.326432 -0.936749 -0.126266
outer loop
vertex 0.006837 -0.086424 0.081304
vertex 0.004011 -0.086503 0.074584
vertex 0.006837 -0.085603 0.075213
endloop
endfacet
facet normal 0.349773 -0.886441 -0.303120
outer loop
vertex 0.006837 -0.085603 0.075213
vertex 0.004011 -0.086503 0.074584
vertex 0.004011 -0.084255 0.068010
endloop
endfacet
facet normal 0.347753 -0.887442 -0.302515
outer loop
vertex 0.006837 -0.085603 0.075213
vertex 0.004011 -0.084255 0.068010
vertex 0.006837 -0.083361 0.068636
endloop
endfacet
facet normal 0.359086 -0.807931 -0.467231
outer loop
vertex 0.006837 -0.083361 0.068636
vertex 0.004011 -0.084255 0.068010
vertex 0.004011 -0.081190 0.062710
endloop
endfacet
facet normal 0.358433 -0.808320 -0.467060
outer loop
vertex 0.006837 -0.083361 0.068636
vertex 0.004011 -0.081190 0.062710
vertex 0.006837 -0.080298 0.063335
endloop
endfacet
facet normal 0.327984 -0.936353 0.125174
outer loop
vertex 0.006837 0.086424 0.081304
vertex 0.004011 0.085517 0.081924
vertex 0.004011 0.084703 0.075835
endloop
endfacet
facet normal 0.326152 -0.936845 0.126276
outer loop
vertex 0.006837 0.086424 0.081304
vertex 0.004011 0.084703 0.075835
vertex 0.006837 0.085603 0.075213
endloop
endfacet
facet normal 0.348980 -0.887188 0.301845
outer loop
vertex 0.006837 0.085603 0.075213
vertex 0.004011 0.084703 0.075835
vertex 0.004011 0.082466 0.069260
endloop
endfacet
facet normal 0.347840 -0.887411 0.302506
outer loop
vertex 0.006837 0.085603 0.075213
vertex 0.004011 0.082466 0.069260
vertex 0.006837 0.083361 0.068636
endloop
endfacet
facet normal 0.359034 -0.808215 0.466780
outer loop
vertex 0.006837 0.083361 0.068636
vertex 0.004011 0.082466 0.069260
vertex 0.004011 0.079405 0.063960
endloop
endfacet
facet normal 0.358679 -0.808237 0.467014
outer loop
vertex 0.006837 0.083361 0.068636
vertex 0.004011 0.079405 0.063960
vertex 0.006837 0.080298 0.063335
endloop
endfacet
facet normal 0.126026 -0.983453 0.130145
outer loop
vertex 0.004011 0.085517 0.081924
vertex -0.004867 0.084473 0.082632
vertex -0.004867 0.083668 0.076549
endloop
endfacet
facet normal 0.125215 -0.983382 0.131460
outer loop
vertex 0.004011 0.085517 0.081924
vertex -0.004867 0.083668 0.076549
vertex 0.004011 0.084703 0.075835
endloop
endfacet
facet normal 0.135000 -0.938242 0.318555
outer loop
vertex 0.004011 0.084703 0.075835
vertex -0.004867 0.083668 0.076549
vertex -0.004867 0.081437 0.069978
endloop
endfacet
facet normal 0.134542 -0.938100 0.319167
outer loop
vertex 0.004011 0.084703 0.075835
vertex -0.004867 0.081437 0.069978
vertex 0.004011 0.082466 0.069260
endloop
endfacet
facet normal 0.139438 -0.857552 0.495138
outer loop
vertex 0.004011 0.082466 0.069260
vertex -0.004867 0.081437 0.069978
vertex -0.004867 0.078378 0.064680
endloop
endfacet
facet normal 0.139360 -0.857502 0.495247
outer loop
vertex 0.004011 0.082466 0.069260
vertex -0.004867 0.078378 0.064680
vertex 0.004011 0.079405 0.063960
endloop
endfacet
facet normal 0.037535 -0.990708 0.130726
outer loop
vertex -0.004867 0.084473 0.082632
vertex -0.016815 0.084057 0.082910
vertex -0.016815 0.083255 0.076832
endloop
endfacet
facet normal 0.037349 -0.990665 0.131099
outer loop
vertex -0.004867 0.084473 0.082632
vertex -0.016815 0.083255 0.076832
vertex -0.004867 0.083668 0.076549
endloop
endfacet
facet normal 0.040312 -0.946184 0.321109
outer loop
vertex -0.004867 0.083668 0.076549
vertex -0.016815 0.083255 0.076832
vertex -0.016815 0.081026 0.070264
endloop
endfacet
facet normal 0.040236 -0.946144 0.321238
outer loop
vertex -0.004867 0.083668 0.076549
vertex -0.016815 0.081026 0.070264
vertex -0.004867 0.081437 0.069978
endloop
endfacet
facet normal 0.041722 -0.865327 0.499468
outer loop
vertex -0.004867 0.081437 0.069978
vertex -0.016815 0.081026 0.070264
vertex -0.016815 0.077968 0.064966
endloop
endfacet
facet normal 0.041650 -0.865260 0.499590
outer loop
vertex -0.004867 0.081437 0.069978
vertex -0.016815 0.077968 0.064966
vertex -0.004867 0.078378 0.064680
endloop
endfacet
facet normal -0.005515 -0.991365 0.131018
outer loop
vertex -0.016815 0.084057 0.082910
vertex -0.033794 0.084143 0.082846
vertex -0.033794 0.083340 0.076770
endloop
endfacet
facet normal -0.005441 -0.991392 0.130815
outer loop
vertex -0.016815 0.084057 0.082910
vertex -0.033794 0.083340 0.076770
vertex -0.016815 0.083255 0.076832
endloop
endfacet
facet normal -0.005914 -0.946908 0.321450
outer loop
vertex -0.016815 0.083255 0.076832
vertex -0.033794 0.083340 0.076770
vertex -0.033794 0.081111 0.070204
endloop
endfacet
facet normal -0.005876 -0.946937 0.321365
outer loop
vertex -0.016815 0.083255 0.076832
vertex -0.033794 0.081111 0.070204
vertex -0.016815 0.081026 0.070264
endloop
endfacet
facet normal -0.006102 -0.865954 0.500087
outer loop
vertex -0.016815 0.081026 0.070264
vertex -0.033794 0.081111 0.070204
vertex -0.033794 0.078052 0.064907
endloop
endfacet
facet normal -0.006022 -0.866067 0.499892
outer loop
vertex -0.016815 0.081026 0.070264
vertex -0.033794 0.078052 0.064907
vertex -0.016815 0.077968 0.064966
endloop
endfacet
facet normal -0.036068 -0.990625 0.131759
outer loop
vertex -0.033794 0.084143 0.082846
vertex -0.051376 0.084729 0.082439
vertex -0.051376 0.083921 0.076364
endloop
endfacet
facet normal -0.035763 -0.990746 0.130934
outer loop
vertex -0.033794 0.084143 0.082846
vertex -0.051376 0.083921 0.076364
vertex -0.033794 0.083340 0.076770
endloop
endfacet
facet normal -0.038691 -0.946053 0.321693
outer loop
vertex -0.033794 0.083340 0.076770
vertex -0.051376 0.083921 0.076364
vertex -0.051376 0.081689 0.069800
endloop
endfacet
facet normal -0.038488 -0.946223 0.321218
outer loop
vertex -0.033794 0.083340 0.076770
vertex -0.051376 0.081689 0.069800
vertex -0.033794 0.081111 0.070204
endloop
endfacet
facet normal -0.039929 -0.865168 0.499890
outer loop
vertex -0.033794 0.081111 0.070204
vertex -0.051376 0.081689 0.069800
vertex -0.051376 0.078629 0.064504
endloop
endfacet
facet normal -0.039851 -0.865282 0.499698
outer loop
vertex -0.033794 0.081111 0.070204
vertex -0.051376 0.078629 0.064504
vertex -0.033794 0.078052 0.064907
endloop
endfacet
facet normal -0.066725 -0.988909 0.132692
outer loop
vertex -0.051376 0.084729 0.082439
vertex -0.065741 0.085616 0.081826
vertex -0.065741 0.084801 0.075752
endloop
endfacet
facet normal -0.066197 -0.989097 0.131550
outer loop
vertex -0.051376 0.084729 0.082439
vertex -0.065741 0.084801 0.075752
vertex -0.051376 0.083921 0.076364
endloop
endfacet
facet normal -0.071545 -0.944116 0.321754
outer loop
vertex -0.051376 0.083921 0.076364
vertex -0.065741 0.084801 0.075752
vertex -0.065741 0.082564 0.069188
endloop
endfacet
facet normal -0.071203 -0.944359 0.321116
outer loop
vertex -0.051376 0.083921 0.076364
vertex -0.065741 0.082564 0.069188
vertex -0.051376 0.081689 0.069800
endloop
endfacet
facet normal -0.073854 -0.863424 0.499044
outer loop
vertex -0.051376 0.081689 0.069800
vertex -0.065741 0.082564 0.069188
vertex -0.065741 0.079503 0.063892
endloop
endfacet
facet normal -0.073793 -0.863498 0.498925
outer loop
vertex -0.051376 0.081689 0.069800
vertex -0.065741 0.079503 0.063892
vertex -0.051376 0.078629 0.064504
endloop
endfacet
facet normal -0.131093 -0.858317 0.496091
outer loop
vertex -0.073054 0.080298 0.063335
vertex -0.065741 0.079503 0.063892
vertex -0.065741 0.082564 0.069188
endloop
endfacet
facet normal -0.131193 -0.858245 0.496189
outer loop
vertex -0.073054 0.080298 0.063335
vertex -0.065741 0.082564 0.069188
vertex -0.073055 0.083360 0.068631
endloop
endfacet
facet normal -0.126555 -0.938931 0.319988
outer loop
vertex -0.073055 0.083360 0.068631
vertex -0.065741 0.082564 0.069188
vertex -0.065741 0.084801 0.075752
endloop
endfacet
facet normal -0.126930 -0.938762 0.320336
outer loop
vertex -0.073055 0.083360 0.068631
vertex -0.065741 0.084801 0.075752
vertex -0.073056 0.085600 0.075195
endloop
endfacet
facet normal -0.117562 -0.984245 0.132062
outer loop
vertex -0.073056 0.085600 0.075195
vertex -0.065741 0.084801 0.075752
vertex -0.065741 0.085616 0.081826
endloop
endfacet
facet normal -0.117955 -0.984140 0.132496
outer loop
vertex -0.073056 0.085600 0.075195
vertex -0.065741 0.085616 0.081826
vertex -0.073058 0.086418 0.081269
endloop
endfacet
facet normal 0.139413 0.856993 -0.496112
outer loop
vertex 0.004011 0.081190 0.062710
vertex -0.004867 0.082218 0.061991
vertex -0.004867 0.085285 0.067289
endloop
endfacet
facet normal 0.139704 0.857180 -0.495706
outer loop
vertex 0.004011 0.081190 0.062710
vertex -0.004867 0.085285 0.067289
vertex 0.004011 0.084255 0.068010
endloop
endfacet
facet normal 0.134845 0.937288 -0.321417
outer loop
vertex 0.004011 0.084255 0.068010
vertex -0.004867 0.085285 0.067289
vertex -0.004867 0.087538 0.073859
endloop
endfacet
facet normal 0.135471 0.937485 -0.320577
outer loop
vertex 0.004011 0.084255 0.068010
vertex -0.004867 0.087538 0.073859
vertex 0.004011 0.086503 0.074584
endloop
endfacet
facet normal 0.125610 0.982841 -0.135073
outer loop
vertex 0.004011 0.086503 0.074584
vertex -0.004867 0.087538 0.073859
vertex -0.004867 0.088374 0.079942
endloop
endfacet
facet normal 0.126468 0.982922 -0.133681
outer loop
vertex 0.004011 0.086503 0.074584
vertex -0.004867 0.088374 0.079942
vertex 0.004011 0.087331 0.080672
endloop
endfacet
facet normal 0.041625 0.864582 -0.500764
outer loop
vertex -0.004867 0.082218 0.061991
vertex -0.016815 0.082627 0.061704
vertex -0.016815 0.085695 0.067001
endloop
endfacet
facet normal 0.041738 0.864690 -0.500569
outer loop
vertex -0.004867 0.082218 0.061991
vertex -0.016815 0.085695 0.067001
vertex -0.004867 0.085285 0.067289
endloop
endfacet
facet normal 0.040253 0.944982 -0.324635
outer loop
vertex -0.004867 0.085285 0.067289
vertex -0.016815 0.085695 0.067001
vertex -0.016815 0.087951 0.073568
endloop
endfacet
facet normal 0.040564 0.945148 -0.324114
outer loop
vertex -0.004867 0.085285 0.067289
vertex -0.016815 0.087951 0.073568
vertex -0.004867 0.087538 0.073859
endloop
endfacet
facet normal 0.037546 0.989908 -0.136645
outer loop
vertex -0.004867 0.087538 0.073859
vertex -0.016815 0.087951 0.073568
vertex -0.016815 0.088790 0.079646
endloop
endfacet
facet normal 0.037839 0.989979 -0.136054
outer loop
vertex -0.004867 0.087538 0.073859
vertex -0.016815 0.088790 0.079646
vertex -0.004867 0.088374 0.079942
endloop
endfacet
facet normal -0.006023 0.865277 -0.501258
outer loop
vertex -0.016815 0.082627 0.061704
vertex -0.033794 0.082543 0.061763
vertex -0.033794 0.085611 0.067059
endloop
endfacet
facet normal -0.005993 0.865317 -0.501189
outer loop
vertex -0.016815 0.082627 0.061704
vertex -0.033794 0.085611 0.067059
vertex -0.016815 0.085695 0.067001
endloop
endfacet
facet normal -0.005788 0.945747 -0.324853
outer loop
vertex -0.016815 0.085695 0.067001
vertex -0.033794 0.085611 0.067059
vertex -0.033794 0.087866 0.073624
endloop
endfacet
facet normal -0.005806 0.945733 -0.324893
outer loop
vertex -0.016815 0.085695 0.067001
vertex -0.033794 0.087866 0.073624
vertex -0.016815 0.087951 0.073568
endloop
endfacet
facet normal -0.005410 0.990605 -0.136645
outer loop
vertex -0.016815 0.087951 0.073568
vertex -0.033794 0.087866 0.073624
vertex -0.033794 0.088704 0.079699
endloop
endfacet
facet normal -0.005444 0.990592 -0.136739
outer loop
vertex -0.016815 0.087951 0.073568
vertex -0.033794 0.088704 0.079699
vertex -0.016815 0.088790 0.079646
endloop
endfacet
facet normal -0.039833 0.864705 -0.500698
outer loop
vertex -0.033794 0.082543 0.061763
vertex -0.051376 0.081967 0.062167
vertex -0.051376 0.085033 0.067462
endloop
endfacet
facet normal -0.039903 0.864603 -0.500868
outer loop
vertex -0.033794 0.082543 0.061763
vertex -0.051376 0.085033 0.067462
vertex -0.033794 0.085611 0.067059
endloop
endfacet
facet normal -0.038505 0.945180 -0.324272
outer loop
vertex -0.033794 0.085611 0.067059
vertex -0.051376 0.085033 0.067462
vertex -0.051376 0.087285 0.074026
endloop
endfacet
facet normal -0.038652 0.945056 -0.324617
outer loop
vertex -0.033794 0.085611 0.067059
vertex -0.051376 0.087285 0.074026
vertex -0.033794 0.087866 0.073624
endloop
endfacet
facet normal -0.035825 0.990069 -0.135943
outer loop
vertex -0.033794 0.087866 0.073624
vertex -0.051376 0.087285 0.074026
vertex -0.051376 0.088119 0.080100
endloop
endfacet
facet normal -0.036054 0.989976 -0.136558
outer loop
vertex -0.033794 0.087866 0.073624
vertex -0.051376 0.088119 0.080100
vertex -0.033794 0.088704 0.079699
endloop
endfacet
facet normal -0.073764 0.863146 -0.499538
outer loop
vertex -0.051376 0.081967 0.062167
vertex -0.065741 0.081093 0.062778
vertex -0.065741 0.084158 0.068074
endloop
endfacet
facet normal -0.073859 0.863030 -0.499724
outer loop
vertex -0.051376 0.081967 0.062167
vertex -0.065741 0.084158 0.068074
vertex -0.051376 0.085033 0.067462
endloop
endfacet
facet normal -0.071247 0.943682 -0.323091
outer loop
vertex -0.051376 0.085033 0.067462
vertex -0.065741 0.084158 0.068074
vertex -0.065741 0.086405 0.074637
endloop
endfacet
facet normal -0.071563 0.943455 -0.323685
outer loop
vertex -0.051376 0.085033 0.067462
vertex -0.065741 0.086405 0.074637
vertex -0.051376 0.087285 0.074026
endloop
endfacet
facet normal -0.066292 0.988675 -0.134633
outer loop
vertex -0.051376 0.087285 0.074026
vertex -0.065741 0.086405 0.074637
vertex -0.065741 0.087232 0.080710
endloop
endfacet
facet normal -0.066800 0.988492 -0.135723
outer loop
vertex -0.051376 0.087285 0.074026
vertex -0.065741 0.087232 0.080710
vertex -0.051376 0.088119 0.080100
endloop
endfacet
facet normal -0.119672 0.983735 -0.133959
outer loop
vertex -0.073058 0.086418 0.081269
vertex -0.065741 0.087232 0.080710
vertex -0.065741 0.086405 0.074637
endloop
endfacet
facet normal -0.118407 0.984076 -0.132566
outer loop
vertex -0.073058 0.086418 0.081269
vertex -0.065741 0.086405 0.074637
vertex -0.073056 0.085600 0.075195
endloop
endfacet
facet normal -0.127767 0.938332 -0.321260
outer loop
vertex -0.073056 0.085600 0.075195
vertex -0.065741 0.086405 0.074637
vertex -0.065741 0.084158 0.068074
endloop
endfacet
facet normal -0.126823 0.938762 -0.320377
outer loop
vertex -0.073056 0.085600 0.075195
vertex -0.065741 0.084158 0.068074
vertex -0.073055 0.083360 0.068631
endloop
endfacet
facet normal -0.131428 0.857997 -0.496557
outer loop
vertex -0.073055 0.083360 0.068631
vertex -0.065741 0.084158 0.068074
vertex -0.065741 0.081093 0.062778
endloop
endfacet
facet normal -0.131095 0.858236 -0.496230
outer loop
vertex -0.073055 0.083360 0.068631
vertex -0.065741 0.081093 0.062778
vertex -0.073054 0.080298 0.063335
endloop
endfacet
facet normal 0.358442 0.808146 -0.467353
outer loop
vertex 0.006837 0.080298 0.063335
vertex 0.004011 0.081190 0.062710
vertex 0.004011 0.084255 0.068010
endloop
endfacet
facet normal 0.359078 0.808105 -0.466937
outer loop
vertex 0.006837 0.080298 0.063335
vertex 0.004011 0.084255 0.068010
vertex 0.006837 0.083361 0.068636
endloop
endfacet
facet normal 0.347838 0.887122 -0.303353
outer loop
vertex 0.006837 0.083361 0.068636
vertex 0.004011 0.084255 0.068010
vertex 0.004011 0.086503 0.074584
endloop
endfacet
facet normal 0.349688 0.886760 -0.302283
outer loop
vertex 0.006837 0.083361 0.068636
vertex 0.004011 0.086503 0.074584
vertex 0.006837 0.085603 0.075213
endloop
endfacet
facet normal 0.326612 0.936537 -0.127373
outer loop
vertex 0.006837 0.085603 0.075213
vertex 0.004011 0.086503 0.074584
vertex 0.004011 0.087331 0.080672
endloop
endfacet
facet normal 0.328620 0.935998 -0.126163
outer loop
vertex 0.006837 0.085603 0.075213
vertex 0.004011 0.087331 0.080672
vertex 0.006837 0.086424 0.081304
endloop
endfacet
facet normal 0.249438 0.808826 -0.532523
outer loop
vertex 0.026855 -0.086424 0.220294
vertex 0.023692 -0.085334 0.220468
vertex 0.025338 -0.085334 0.221239
endloop
endfacet
facet normal 0.243591 0.806317 -0.538995
outer loop
vertex 0.026855 -0.086424 0.220294
vertex 0.025338 -0.085334 0.221239
vertex 0.028946 -0.086424 0.221239
endloop
endfacet
facet normal 0.354137 0.930114 -0.097335
outer loop
vertex 0.006837 -0.086424 0.201239
vertex 0.004011 -0.085348 0.201239
vertex 0.004974 -0.085344 0.204781
endloop
endfacet
facet normal 0.353174 0.930417 -0.097936
outer loop
vertex 0.006837 -0.086424 0.201239
vertex 0.004974 -0.085344 0.204781
vertex 0.007817 -0.086424 0.204773
endloop
endfacet
facet normal 0.344519 0.908661 -0.235888
outer loop
vertex 0.007817 -0.086424 0.204773
vertex 0.004974 -0.085344 0.204781
vertex 0.007770 -0.085340 0.208880
endloop
endfacet
facet normal 0.338793 0.910657 -0.236480
outer loop
vertex 0.007817 -0.086424 0.204773
vertex 0.007770 -0.085340 0.208880
vertex 0.010660 -0.086424 0.208846
endloop
endfacet
facet normal 0.327353 0.883270 -0.335670
outer loop
vertex 0.010660 -0.086424 0.208846
vertex 0.007770 -0.085340 0.208880
vertex 0.012124 -0.085337 0.213134
endloop
endfacet
facet normal 0.317368 0.887763 -0.333399
outer loop
vertex 0.010660 -0.086424 0.208846
vertex 0.012124 -0.085337 0.213134
vertex 0.015089 -0.086424 0.213062
endloop
endfacet
facet normal 0.303769 0.856260 -0.417782
outer loop
vertex 0.015089 -0.086424 0.213062
vertex 0.012124 -0.085337 0.213134
vertex 0.017610 -0.085335 0.217127
endloop
endfacet
facet normal 0.291111 0.863494 -0.411866
outer loop
vertex 0.015089 -0.086424 0.213062
vertex 0.017610 -0.085335 0.217127
vertex 0.020669 -0.086424 0.217006
endloop
endfacet
facet normal 0.273328 0.823087 -0.497815
outer loop
vertex 0.020669 -0.086424 0.217006
vertex 0.017610 -0.085335 0.217127
vertex 0.023692 -0.085334 0.220468
endloop
endfacet
facet normal 0.259994 0.832547 -0.489150
outer loop
vertex 0.020669 -0.086424 0.217006
vertex 0.023692 -0.085334 0.220468
vertex 0.026855 -0.086424 0.220294
endloop
endfacet
facet normal 0.137908 0.989768 -0.036629
outer loop
vertex 0.004011 -0.085348 0.201239
vertex -0.004867 -0.084111 0.201239
vertex -0.003995 -0.084101 0.204792
endloop
endfacet
facet normal 0.137129 0.989809 -0.038399
outer loop
vertex 0.004011 -0.085348 0.201239
vertex -0.003995 -0.084101 0.204792
vertex 0.004974 -0.085344 0.204781
endloop
endfacet
facet normal 0.136669 0.986901 -0.085723
outer loop
vertex 0.004974 -0.085344 0.204781
vertex -0.003995 -0.084101 0.204792
vertex -0.001463 -0.084093 0.208921
endloop
endfacet
facet normal 0.132881 0.986890 -0.091604
outer loop
vertex 0.004974 -0.085344 0.204781
vertex -0.001463 -0.084093 0.208921
vertex 0.007770 -0.085340 0.208880
endloop
endfacet
facet normal 0.132294 0.983567 -0.122857
outer loop
vertex 0.007770 -0.085340 0.208880
vertex -0.001463 -0.084093 0.208921
vertex 0.002481 -0.084086 0.213224
endloop
endfacet
facet normal 0.126367 0.983424 -0.130030
outer loop
vertex 0.007770 -0.085340 0.208880
vertex 0.002481 -0.084086 0.213224
vertex 0.012124 -0.085337 0.213134
endloop
endfacet
facet normal 0.125674 0.979881 -0.155044
outer loop
vertex 0.012124 -0.085337 0.213134
vertex 0.002481 -0.084086 0.213224
vertex 0.007450 -0.084082 0.217277
endloop
endfacet
facet normal 0.118387 0.979474 -0.163139
outer loop
vertex 0.012124 -0.085337 0.213134
vertex 0.007450 -0.084082 0.217277
vertex 0.017610 -0.085335 0.217127
endloop
endfacet
facet normal 0.117395 0.974691 -0.190252
outer loop
vertex 0.017610 -0.085335 0.217127
vertex 0.007450 -0.084082 0.217277
vertex 0.012958 -0.084080 0.220686
endloop
endfacet
facet normal 0.109686 0.973645 -0.199962
outer loop
vertex 0.017610 -0.085335 0.217127
vertex 0.012958 -0.084080 0.220686
vertex 0.023692 -0.085334 0.220468
endloop
endfacet
facet normal 0.041307 0.999080 -0.011552
outer loop
vertex -0.004867 -0.084111 0.201239
vertex -0.016815 -0.083617 0.201239
vertex -0.016086 -0.083606 0.204798
endloop
endfacet
facet normal 0.040896 0.999081 -0.012848
outer loop
vertex -0.004867 -0.084111 0.201239
vertex -0.016086 -0.083606 0.204798
vertex -0.003995 -0.084101 0.204792
endloop
endfacet
facet normal 0.040883 0.998888 -0.023499
outer loop
vertex -0.003995 -0.084101 0.204792
vertex -0.016086 -0.083606 0.204798
vertex -0.013971 -0.083595 0.208945
endloop
endfacet
facet normal 0.039718 0.998865 -0.026294
outer loop
vertex -0.003995 -0.084101 0.204792
vertex -0.013971 -0.083595 0.208945
vertex -0.001463 -0.084093 0.208921
endloop
endfacet
facet normal 0.039701 0.998697 -0.032061
outer loop
vertex -0.001463 -0.084093 0.208921
vertex -0.013971 -0.083595 0.208945
vertex -0.010676 -0.083587 0.213274
endloop
endfacet
facet normal 0.037737 0.998631 -0.036216
outer loop
vertex -0.001463 -0.084093 0.208921
vertex -0.010676 -0.083587 0.213274
vertex 0.002481 -0.084086 0.213224
endloop
endfacet
facet normal 0.037720 0.998506 -0.039527
outer loop
vertex 0.002481 -0.084086 0.213224
vertex -0.010676 -0.083587 0.213274
vertex -0.006524 -0.083582 0.217362
endloop
endfacet
facet normal 0.035453 0.998383 -0.044446
outer loop
vertex 0.002481 -0.084086 0.213224
vertex -0.006524 -0.083582 0.217362
vertex 0.007450 -0.084082 0.217277
endloop
endfacet
facet normal 0.035426 0.998225 -0.047873
outer loop
vertex 0.007450 -0.084082 0.217277
vertex -0.006524 -0.083582 0.217362
vertex -0.001922 -0.083580 0.220809
endloop
endfacet
facet normal 0.033088 0.997990 -0.054046
outer loop
vertex 0.007450 -0.084082 0.217277
vertex -0.001922 -0.083580 0.220809
vertex 0.012958 -0.084080 0.220686
endloop
endfacet
facet normal -0.006007 0.999979 -0.002220
outer loop
vertex -0.016815 -0.083617 0.201239
vertex -0.033794 -0.083719 0.201239
vertex -0.033281 -0.083708 0.204802
endloop
endfacet
facet normal -0.005933 0.999981 -0.001879
outer loop
vertex -0.016815 -0.083617 0.201239
vertex -0.033281 -0.083708 0.204802
vertex -0.016086 -0.083606 0.204798
endloop
endfacet
facet normal -0.005932 0.999982 -0.000279
outer loop
vertex -0.016086 -0.083606 0.204798
vertex -0.033281 -0.083708 0.204802
vertex -0.031792 -0.083698 0.208960
endloop
endfacet
facet normal -0.005779 0.999983 0.000293
outer loop
vertex -0.016086 -0.083606 0.204798
vertex -0.031792 -0.083698 0.208960
vertex -0.013971 -0.083595 0.208945
endloop
endfacet
facet normal -0.005778 0.999983 0.001246
outer loop
vertex -0.013971 -0.083595 0.208945
vertex -0.031792 -0.083698 0.208960
vertex -0.029472 -0.083690 0.213307
endloop
endfacet
facet normal -0.005476 0.999982 0.002323
outer loop
vertex -0.013971 -0.083595 0.208945
vertex -0.029472 -0.083690 0.213307
vertex -0.010676 -0.083587 0.213274
endloop
endfacet
facet normal -0.005475 0.999981 0.002676
outer loop
vertex -0.010676 -0.083587 0.213274
vertex -0.029472 -0.083690 0.213307
vertex -0.026550 -0.083685 0.217418
endloop
endfacet
facet normal -0.005132 0.999979 0.003996
outer loop
vertex -0.010676 -0.083587 0.213274
vertex -0.026550 -0.083685 0.217418
vertex -0.006524 -0.083582 0.217362
endloop
endfacet
facet normal -0.005132 0.999978 0.004213
outer loop
vertex -0.006524 -0.083582 0.217362
vertex -0.026550 -0.083685 0.217418
vertex -0.023310 -0.083683 0.220889
endloop
endfacet
facet normal -0.004794 0.999972 0.005820
outer loop
vertex -0.006524 -0.083582 0.217362
vertex -0.023310 -0.083683 0.220889
vertex -0.001922 -0.083580 0.220809
endloop
endfacet
facet normal -0.039441 0.999222 0.000910
outer loop
vertex -0.033794 -0.083719 0.201239
vertex -0.051376 -0.084413 0.201239
vertex -0.051091 -0.084405 0.204805
endloop
endfacet
facet normal -0.039104 0.999232 0.002548
outer loop
vertex -0.033794 -0.083719 0.201239
vertex -0.051091 -0.084405 0.204805
vertex -0.033281 -0.083708 0.204802
endloop
endfacet
facet normal -0.039103 0.999217 0.006091
outer loop
vertex -0.033281 -0.083708 0.204802
vertex -0.051091 -0.084405 0.204805
vertex -0.050263 -0.084398 0.208971
endloop
endfacet
facet normal -0.037861 0.999221 0.011157
outer loop
vertex -0.033281 -0.083708 0.204802
vertex -0.050263 -0.084398 0.208971
vertex -0.031792 -0.083698 0.208960
endloop
endfacet
facet normal -0.037862 0.999235 0.009809
outer loop
vertex -0.031792 -0.083698 0.208960
vertex -0.050263 -0.084398 0.208971
vertex -0.048975 -0.084392 0.213332
endloop
endfacet
facet normal -0.035944 0.999203 0.017345
outer loop
vertex -0.031792 -0.083698 0.208960
vertex -0.048975 -0.084392 0.213332
vertex -0.029472 -0.083690 0.213307
endloop
endfacet
facet normal -0.035951 0.999267 0.013178
outer loop
vertex -0.029472 -0.083690 0.213307
vertex -0.048975 -0.084392 0.213332
vertex -0.047351 -0.084388 0.217459
endloop
endfacet
facet normal -0.033724 0.999172 0.022760
outer loop
vertex -0.029472 -0.083690 0.213307
vertex -0.047351 -0.084388 0.217459
vertex -0.026550 -0.083685 0.217418
endloop
endfacet
facet normal -0.033739 0.999284 0.017118
outer loop
vertex -0.026550 -0.083685 0.217418
vertex -0.047351 -0.084388 0.217459
vertex -0.045551 -0.084387 0.220948
endloop
endfacet
facet normal -0.031547 0.999085 0.028871
outer loop
vertex -0.026550 -0.083685 0.217418
vertex -0.045551 -0.084387 0.220948
vertex -0.023310 -0.083683 0.220889
endloop
endfacet
facet normal -0.073107 0.997324 0.000845
outer loop
vertex -0.051376 -0.084413 0.201239
vertex -0.065741 -0.085466 0.201239
vertex -0.065645 -0.085462 0.204807
endloop
endfacet
facet normal -0.072435 0.997367 0.003553
outer loop
vertex -0.051376 -0.084413 0.201239
vertex -0.065645 -0.085462 0.204807
vertex -0.051091 -0.084405 0.204805
endloop
endfacet
facet normal -0.072434 0.997366 0.003907
outer loop
vertex -0.051091 -0.084405 0.204805
vertex -0.065645 -0.085462 0.204807
vertex -0.065365 -0.085458 0.208979
endloop
endfacet
facet normal -0.070005 0.997472 0.012236
outer loop
vertex -0.051091 -0.084405 0.204805
vertex -0.065365 -0.085458 0.208979
vertex -0.050263 -0.084398 0.208971
endloop
endfacet
facet normal -0.070012 0.997526 0.006322
outer loop
vertex -0.050263 -0.084398 0.208971
vertex -0.065365 -0.085458 0.208979
vertex -0.064928 -0.085455 0.213347
endloop
endfacet
facet normal -0.066458 0.997622 0.018254
outer loop
vertex -0.050263 -0.084398 0.208971
vertex -0.064928 -0.085455 0.213347
vertex -0.048975 -0.084392 0.213332
endloop
endfacet
facet normal -0.066475 0.997751 0.008594
outer loop
vertex -0.048975 -0.084392 0.213332
vertex -0.064928 -0.085455 0.213347
vertex -0.064378 -0.085454 0.217485
endloop
endfacet
facet normal -0.062430 0.997770 0.023604
outer loop
vertex -0.048975 -0.084392 0.213332
vertex -0.064378 -0.085454 0.217485
vertex -0.047351 -0.084388 0.217459
endloop
endfacet
facet normal -0.062464 0.997991 0.010586
outer loop
vertex -0.047351 -0.084388 0.217459
vertex -0.064378 -0.085454 0.217485
vertex -0.063769 -0.085453 0.220986
endloop
endfacet
facet normal -0.058326 0.997853 0.029801
outer loop
vertex -0.047351 -0.084388 0.217459
vertex -0.063769 -0.085453 0.220986
vertex -0.045551 -0.084387 0.220948
endloop
endfacet
facet normal -0.103969 0.994421 0.017799
outer loop
vertex -0.073054 -0.086424 0.220999
vertex -0.063769 -0.085453 0.220986
vertex -0.064378 -0.085454 0.217485
endloop
endfacet
facet normal -0.111111 0.993808 0.000003
outer loop
vertex -0.073054 -0.086424 0.220999
vertex -0.064378 -0.085454 0.217485
vertex -0.073054 -0.086424 0.217047
endloop
endfacet
facet normal -0.111827 0.993620 0.014624
outer loop
vertex -0.073054 -0.086424 0.217047
vertex -0.064378 -0.085454 0.217485
vertex -0.064928 -0.085455 0.213347
endloop
endfacet
facet normal -0.118408 0.992965 0.000000
outer loop
vertex -0.073054 -0.086424 0.217047
vertex -0.064928 -0.085455 0.213347
vertex -0.073054 -0.086424 0.213095
endloop
endfacet
facet normal -0.118743 0.992862 0.011200
outer loop
vertex -0.073054 -0.086424 0.213095
vertex -0.064928 -0.085455 0.213347
vertex -0.065365 -0.085458 0.208979
endloop
endfacet
facet normal -0.124654 0.992200 0.000000
outer loop
vertex -0.073054 -0.086424 0.213095
vertex -0.065365 -0.085458 0.208979
vertex -0.073054 -0.086424 0.209143
endloop
endfacet
facet normal -0.124495 0.992193 0.007402
outer loop
vertex -0.073054 -0.086424 0.209143
vertex -0.065365 -0.085458 0.208979
vertex -0.065645 -0.085462 0.204807
endloop
endfacet
facet normal -0.128762 0.991676 0.000000
outer loop
vertex -0.073054 -0.086424 0.209143
vertex -0.065645 -0.085462 0.204807
vertex -0.073054 -0.086424 0.205191
endloop
endfacet
facet normal -0.128642 0.991688 0.002350
outer loop
vertex -0.073054 -0.086424 0.205191
vertex -0.065645 -0.085462 0.204807
vertex -0.065741 -0.085466 0.201239
endloop
endfacet
facet normal -0.129891 0.991528 0.000000
outer loop
vertex -0.073054 -0.086424 0.205191
vertex -0.065741 -0.085466 0.201239
vertex -0.073054 -0.086424 0.201239
endloop
endfacet
facet normal 0.110565 -0.977578 -0.179213
outer loop
vertex 0.023692 -0.087514 0.220468
vertex 0.012958 -0.088768 0.220686
vertex 0.007450 -0.088766 0.217277
endloop
endfacet
facet normal 0.116518 -0.970209 -0.212409
outer loop
vertex 0.023692 -0.087514 0.220468
vertex 0.007450 -0.088766 0.217277
vertex 0.017610 -0.087513 0.217127
endloop
endfacet
facet normal 0.118939 -0.981991 -0.146788
outer loop
vertex 0.017610 -0.087513 0.217127
vertex 0.007450 -0.088766 0.217277
vertex 0.002481 -0.088762 0.213224
endloop
endfacet
facet normal 0.125145 -0.977041 -0.172425
outer loop
vertex 0.017610 -0.087513 0.217127
vertex 0.002481 -0.088762 0.213224
vertex 0.012124 -0.087511 0.213134
endloop
endfacet
facet normal 0.126678 -0.984935 -0.117713
outer loop
vertex 0.012124 -0.087511 0.213134
vertex 0.002481 -0.088762 0.213224
vertex -0.001463 -0.088755 0.208921
endloop
endfacet
facet normal 0.132011 -0.981901 -0.135806
outer loop
vertex 0.012124 -0.087511 0.213134
vertex -0.001463 -0.088755 0.208921
vertex 0.007770 -0.087508 0.208880
endloop
endfacet
facet normal 0.133012 -0.987592 -0.083479
outer loop
vertex 0.007770 -0.087508 0.208880
vertex -0.001463 -0.088755 0.208921
vertex -0.003995 -0.088747 0.204792
endloop
endfacet
facet normal 0.136554 -0.986152 -0.094111
outer loop
vertex 0.007770 -0.087508 0.208880
vertex -0.003995 -0.088747 0.204792
vertex 0.004974 -0.087504 0.204781
endloop
endfacet
facet normal 0.137145 -0.989890 -0.036169
outer loop
vertex 0.004974 -0.087504 0.204781
vertex -0.003995 -0.088747 0.204792
vertex -0.004867 -0.088738 0.201239
endloop
endfacet
facet normal 0.138006 -0.989678 -0.038636
outer loop
vertex 0.004974 -0.087504 0.204781
vertex -0.004867 -0.088738 0.201239
vertex 0.004011 -0.087500 0.201239
endloop
endfacet
facet normal 0.033179 -0.998441 -0.044883
outer loop
vertex 0.012958 -0.088768 0.220686
vertex -0.001922 -0.089268 0.220809
vertex -0.006525 -0.089266 0.217362
endloop
endfacet
facet normal 0.035345 -0.997709 -0.057692
outer loop
vertex 0.012958 -0.088768 0.220686
vertex -0.006525 -0.089266 0.217362
vertex 0.007450 -0.088766 0.217277
endloop
endfacet
facet normal 0.035504 -0.998674 -0.037275
outer loop
vertex 0.007450 -0.088766 0.217277
vertex -0.006525 -0.089266 0.217362
vertex -0.010676 -0.089261 0.213274
endloop
endfacet
facet normal 0.037678 -0.998176 -0.047176
outer loop
vertex 0.007450 -0.088766 0.217277
vertex -0.010676 -0.089261 0.213274
vertex 0.002481 -0.088762 0.213224
endloop
endfacet
facet normal 0.037766 -0.998818 -0.030597
outer loop
vertex 0.002481 -0.088762 0.213224
vertex -0.010676 -0.089261 0.213274
vertex -0.013971 -0.089253 0.208945
endloop
endfacet
facet normal 0.039682 -0.998490 -0.037992
outer loop
vertex 0.002481 -0.088762 0.213224
vertex -0.013971 -0.089253 0.208945
vertex -0.001463 -0.088755 0.208921
endloop
endfacet
facet normal 0.039729 -0.998953 -0.022666
outer loop
vertex -0.001463 -0.088755 0.208921
vertex -0.013971 -0.089253 0.208945
vertex -0.016086 -0.089243 0.204798
endloop
endfacet
facet normal 0.040959 -0.998794 -0.027055
outer loop
vertex -0.001463 -0.088755 0.208921
vertex -0.016086 -0.089243 0.204798
vertex -0.003995 -0.088747 0.204792
endloop
endfacet
facet normal 0.040980 -0.999094 -0.011484
outer loop
vertex -0.003995 -0.088747 0.204792
vertex -0.016086 -0.089243 0.204798
vertex -0.016815 -0.089232 0.201239
endloop
endfacet
facet normal 0.041307 -0.999066 -0.012674
outer loop
vertex -0.003995 -0.088747 0.204792
vertex -0.016815 -0.089232 0.201239
vertex -0.004867 -0.088738 0.201239
endloop
endfacet
facet normal -0.004801 -0.999981 0.003901
outer loop
vertex -0.001922 -0.089268 0.220809
vertex -0.023310 -0.089165 0.220889
vertex -0.026550 -0.089163 0.217418
endloop
endfacet
facet normal -0.005126 -0.999967 0.006267
outer loop
vertex -0.001922 -0.089268 0.220809
vertex -0.026550 -0.089163 0.217418
vertex -0.006525 -0.089266 0.217362
endloop
endfacet
facet normal -0.005137 -0.999984 0.002433
outer loop
vertex -0.006525 -0.089266 0.217362
vertex -0.026550 -0.089163 0.217418
vertex -0.029472 -0.089158 0.213307
endloop
endfacet
facet normal -0.005472 -0.999976 0.004331
outer loop
vertex -0.006525 -0.089266 0.217362
vertex -0.029472 -0.089158 0.213307
vertex -0.010676 -0.089261 0.213274
endloop
endfacet
facet normal -0.005478 -0.999984 0.001317
outer loop
vertex -0.010676 -0.089261 0.213274
vertex -0.029472 -0.089158 0.213307
vertex -0.031792 -0.089151 0.208960
endloop
endfacet
facet normal -0.005721 -0.999981 0.002503
outer loop
vertex -0.010676 -0.089261 0.213274
vertex -0.031792 -0.089151 0.208960
vertex -0.013971 -0.089253 0.208945
endloop
endfacet
facet normal -0.005724 -0.999984 -0.000359
outer loop
vertex -0.013971 -0.089253 0.208945
vertex -0.031792 -0.089151 0.208960
vertex -0.033281 -0.089141 0.204802
endloop
endfacet
facet normal -0.005932 -0.999982 0.000620
outer loop
vertex -0.013971 -0.089253 0.208945
vertex -0.033281 -0.089141 0.204802
vertex -0.016086 -0.089243 0.204798
endloop
endfacet
facet normal -0.005933 -0.999980 -0.002232
outer loop
vertex -0.016086 -0.089243 0.204798
vertex -0.033281 -0.089141 0.204802
vertex -0.033794 -0.089130 0.201239
endloop
endfacet
facet normal -0.006007 -0.999980 -0.001861
outer loop
vertex -0.016086 -0.089243 0.204798
vertex -0.033794 -0.089130 0.201239
vertex -0.016815 -0.089232 0.201239
endloop
endfacet
facet normal -0.031591 -0.999373 0.016010
outer loop
vertex -0.023310 -0.089165 0.220889
vertex -0.045551 -0.088461 0.220948
vertex -0.047351 -0.088460 0.217459
endloop
endfacet
facet normal -0.033700 -0.998955 0.030878
outer loop
vertex -0.023310 -0.089165 0.220889
vertex -0.047351 -0.088460 0.217459
vertex -0.026550 -0.089163 0.217418
endloop
endfacet
facet normal -0.033750 -0.999354 0.012315
outer loop
vertex -0.026550 -0.089163 0.217418
vertex -0.047351 -0.088460 0.217459
vertex -0.048975 -0.088456 0.213332
endloop
endfacet
facet normal -0.035930 -0.999058 0.024319
outer loop
vertex -0.026550 -0.089163 0.217418
vertex -0.048975 -0.088456 0.213332
vertex -0.029472 -0.089158 0.213307
endloop
endfacet
facet normal -0.035958 -0.999310 0.009241
outer loop
vertex -0.029472 -0.089158 0.213307
vertex -0.048975 -0.088456 0.213332
vertex -0.050263 -0.088450 0.208971
endloop
endfacet
facet normal -0.037907 -0.999108 0.018623
outer loop
vertex -0.029472 -0.089158 0.213307
vertex -0.050263 -0.088450 0.208971
vertex -0.031792 -0.089151 0.208960
endloop
endfacet
facet normal -0.037920 -0.999264 0.005860
outer loop
vertex -0.031792 -0.089151 0.208960
vertex -0.050263 -0.088450 0.208971
vertex -0.051091 -0.088443 0.204805
endloop
endfacet
facet normal -0.039157 -0.999165 0.011616
outer loop
vertex -0.031792 -0.089151 0.208960
vertex -0.051091 -0.088443 0.204805
vertex -0.033281 -0.089141 0.204802
endloop
endfacet
facet normal -0.039161 -0.999233 0.000886
outer loop
vertex -0.033281 -0.089141 0.204802
vertex -0.051091 -0.088443 0.204805
vertex -0.051376 -0.088435 0.201239
endloop
endfacet
facet normal -0.039498 -0.999216 0.002603
outer loop
vertex -0.033281 -0.089141 0.204802
vertex -0.051376 -0.088435 0.201239
vertex -0.033794 -0.089130 0.201239
endloop
endfacet
facet normal -0.058391 -0.998245 0.009878
outer loop
vertex -0.045551 -0.088461 0.220948
vertex -0.063769 -0.087395 0.220986
vertex -0.064378 -0.087394 0.217485
endloop
endfacet
facet normal -0.062405 -0.997541 0.031904
outer loop
vertex -0.045551 -0.088461 0.220948
vertex -0.064378 -0.087394 0.217485
vertex -0.047351 -0.088460 0.217459
endloop
endfacet
facet normal -0.062471 -0.998016 0.007819
outer loop
vertex -0.047351 -0.088460 0.217459
vertex -0.064378 -0.087394 0.217485
vertex -0.064928 -0.087392 0.213347
endloop
endfacet
facet normal -0.066503 -0.997468 0.025201
outer loop
vertex -0.047351 -0.088460 0.217459
vertex -0.064928 -0.087392 0.213347
vertex -0.048975 -0.088456 0.213332
endloop
endfacet
facet normal -0.066541 -0.997764 0.006200
outer loop
vertex -0.048975 -0.088456 0.213332
vertex -0.064928 -0.087392 0.213347
vertex -0.065365 -0.087390 0.208979
endloop
endfacet
facet normal -0.069995 -0.997361 0.019301
outer loop
vertex -0.048975 -0.088456 0.213332
vertex -0.065365 -0.087390 0.208979
vertex -0.050263 -0.088450 0.208971
endloop
endfacet
facet normal -0.070014 -0.997539 0.003742
outer loop
vertex -0.050263 -0.088450 0.208971
vertex -0.065365 -0.087390 0.208979
vertex -0.065645 -0.087386 0.204807
endloop
endfacet
facet normal -0.072428 -0.997292 0.012726
outer loop
vertex -0.050263 -0.088450 0.208971
vertex -0.065645 -0.087386 0.204807
vertex -0.051091 -0.088443 0.204805
endloop
endfacet
facet normal -0.072436 -0.997373 0.000833
outer loop
vertex -0.051091 -0.088443 0.204805
vertex -0.065645 -0.087386 0.204807
vertex -0.065741 -0.087382 0.201239
endloop
endfacet
facet normal -0.073107 -0.997318 0.003599
outer loop
vertex -0.051091 -0.088443 0.204805
vertex -0.065741 -0.087382 0.201239
vertex -0.051376 -0.088435 0.201239
endloop
endfacet
facet normal -0.129890 -0.991525 0.002383
outer loop
vertex -0.073054 -0.086424 0.201239
vertex -0.065741 -0.087382 0.201239
vertex -0.065645 -0.087386 0.204807
endloop
endfacet
facet normal -0.128761 -0.991676 0.000000
outer loop
vertex -0.073054 -0.086424 0.201239
vertex -0.065645 -0.087386 0.204807
vertex -0.073054 -0.086424 0.205191
endloop
endfacet
facet normal -0.128367 -0.991697 0.007663
outer loop
vertex -0.073054 -0.086424 0.205191
vertex -0.065645 -0.087386 0.204807
vertex -0.065365 -0.087390 0.208979
endloop
endfacet
facet normal -0.124654 -0.992200 0.000000
outer loop
vertex -0.073054 -0.086424 0.205191
vertex -0.065365 -0.087390 0.208979
vertex -0.073054 -0.086424 0.209143
endloop
endfacet
facet normal -0.124393 -0.992160 0.011989
outer loop
vertex -0.073054 -0.086424 0.209143
vertex -0.065365 -0.087390 0.208979
vertex -0.064928 -0.087392 0.213347
endloop
endfacet
facet normal -0.118288 -0.992979 0.000000
outer loop
vertex -0.073054 -0.086424 0.209143
vertex -0.064928 -0.087392 0.213347
vertex -0.073054 -0.086424 0.213095
endloop
endfacet
facet normal -0.118742 -0.992807 0.015302
outer loop
vertex -0.073054 -0.086424 0.213095
vertex -0.064928 -0.087392 0.213347
vertex -0.064378 -0.087394 0.217485
endloop
endfacet
facet normal -0.111111 -0.993808 0.000000
outer loop
vertex -0.073054 -0.086424 0.213095
vertex -0.064378 -0.087394 0.217485
vertex -0.073054 -0.086424 0.217047
endloop
endfacet
facet normal -0.112048 -0.993517 0.019209
outer loop
vertex -0.073054 -0.086424 0.217047
vertex -0.064378 -0.087394 0.217485
vertex -0.063769 -0.087395 0.220986
endloop
endfacet
facet normal -0.104011 -0.994576 -0.000003
outer loop
vertex -0.073054 -0.086424 0.217047
vertex -0.063769 -0.087395 0.220986
vertex -0.073054 -0.086424 0.220999
endloop
endfacet
facet normal 0.262521 -0.838126 -0.478150
outer loop
vertex 0.026855 -0.086424 0.220294
vertex 0.023692 -0.087514 0.220468
vertex 0.017610 -0.087513 0.217127
endloop
endfacet
facet normal 0.270685 -0.816935 -0.509261
outer loop
vertex 0.026855 -0.086424 0.220294
vertex 0.017610 -0.087513 0.217127
vertex 0.020669 -0.086424 0.217006
endloop
endfacet
facet normal 0.292801 -0.867227 -0.402722
outer loop
vertex 0.020669 -0.086424 0.217006
vertex 0.017610 -0.087513 0.217127
vertex 0.012124 -0.087511 0.213134
endloop
endfacet
facet normal 0.302035 -0.852159 -0.427317
outer loop
vertex 0.020669 -0.086424 0.217006
vertex 0.012124 -0.087511 0.213134
vertex 0.015089 -0.086424 0.213062
endloop
endfacet
facet normal 0.318354 -0.889987 -0.326456
outer loop
vertex 0.015089 -0.086424 0.213062
vertex 0.012124 -0.087511 0.213134
vertex 0.007770 -0.087508 0.208880
endloop
endfacet
facet normal 0.326366 -0.880870 -0.342861
outer loop
vertex 0.015089 -0.086424 0.213062
vertex 0.007770 -0.087508 0.208880
vertex 0.010660 -0.086424 0.208846
endloop
endfacet
facet normal 0.339194 -0.911593 -0.232261
outer loop
vertex 0.010660 -0.086424 0.208846
vertex 0.007770 -0.087508 0.208880
vertex 0.004974 -0.087504 0.204781
endloop
endfacet
facet normal 0.344131 -0.907676 -0.240204
outer loop
vertex 0.010660 -0.086424 0.208846
vertex 0.004974 -0.087504 0.204781
vertex 0.007817 -0.086424 0.204773
endloop
endfacet
facet normal 0.353203 -0.930496 -0.097078
outer loop
vertex 0.007817 -0.086424 0.204773
vertex 0.004974 -0.087504 0.204781
vertex 0.004011 -0.087500 0.201239
endloop
endfacet
facet normal 0.354110 -0.930034 -0.098198
outer loop
vertex 0.007817 -0.086424 0.204773
vertex 0.004011 -0.087500 0.201239
vertex 0.006837 -0.086424 0.201239
endloop
endfacet
facet normal 0.262520 -0.838123 -0.478156
outer loop
vertex 0.026855 0.086424 0.220294
vertex 0.023692 0.085334 0.220468
vertex 0.017610 0.085335 0.217127
endloop
endfacet
facet normal 0.270685 -0.816933 -0.509264
outer loop
vertex 0.026855 0.086424 0.220294
vertex 0.017610 0.085335 0.217127
vertex 0.020669 0.086424 0.217006
endloop
endfacet
facet normal 0.292802 -0.867230 -0.402715
outer loop
vertex 0.020669 0.086424 0.217006
vertex 0.017610 0.085335 0.217127
vertex 0.012124 0.085337 0.213134
endloop
endfacet
facet normal 0.302034 -0.852158 -0.427320
outer loop
vertex 0.020669 0.086424 0.217006
vertex 0.012124 0.085337 0.213134
vertex 0.015089 0.086424 0.213062
endloop
endfacet
facet normal 0.318352 -0.889987 -0.326460
outer loop
vertex 0.015089 0.086424 0.213062
vertex 0.012124 0.085337 0.213134
vertex 0.007770 0.085340 0.208880
endloop
endfacet
facet normal 0.326369 -0.880871 -0.342857
outer loop
vertex 0.015089 0.086424 0.213062
vertex 0.007770 0.085340 0.208880
vertex 0.010660 0.086424 0.208846
endloop
endfacet
facet normal 0.339194 -0.911592 -0.232266
outer loop
vertex 0.010660 0.086424 0.208846
vertex 0.007770 0.085340 0.208880
vertex 0.004974 0.085344 0.204781
endloop
endfacet
facet normal 0.344129 -0.907677 -0.240204
outer loop
vertex 0.010660 0.086424 0.208846
vertex 0.004974 0.085344 0.204781
vertex 0.007817 0.086424 0.204773
endloop
endfacet
facet normal 0.353206 -0.930495 -0.097078
outer loop
vertex 0.007817 0.086424 0.204773
vertex 0.004974 0.085344 0.204781
vertex 0.004011 0.085348 0.201239
endloop
endfacet
facet normal 0.354110 -0.930034 -0.098196
outer loop
vertex 0.007817 0.086424 0.204773
vertex 0.004011 0.085348 0.201239
vertex 0.006837 0.086424 0.201239
endloop
endfacet
facet normal 0.110565 -0.977576 -0.179222
outer loop
vertex 0.023692 0.085334 0.220468
vertex 0.012958 0.084080 0.220686
vertex 0.007450 0.084082 0.217277
endloop
endfacet
facet normal 0.116518 -0.970211 -0.212399
outer loop
vertex 0.023692 0.085334 0.220468
vertex 0.007450 0.084082 0.217277
vertex 0.017610 0.085335 0.217127
endloop
endfacet
facet normal 0.118939 -0.981991 -0.146788
outer loop
vertex 0.017610 0.085335 0.217127
vertex 0.007450 0.084082 0.217277
vertex 0.002481 0.084086 0.213224
endloop
endfacet
facet normal 0.125145 -0.977041 -0.172425
outer loop
vertex 0.017610 0.085335 0.217127
vertex 0.002481 0.084086 0.213224
vertex 0.012124 0.085337 0.213134
endloop
endfacet
facet normal 0.126678 -0.984935 -0.117711
outer loop
vertex 0.012124 0.085337 0.213134
vertex 0.002481 0.084086 0.213224
vertex -0.001463 0.084093 0.208921
endloop
endfacet
facet normal 0.132011 -0.981901 -0.135809
outer loop
vertex 0.012124 0.085337 0.213134
vertex -0.001463 0.084093 0.208921
vertex 0.007770 0.085340 0.208880
endloop
endfacet
facet normal 0.133014 -0.987592 -0.083480
outer loop
vertex 0.007770 0.085340 0.208880
vertex -0.001463 0.084093 0.208921
vertex -0.003995 0.084101 0.204792
endloop
endfacet
facet normal 0.136554 -0.986152 -0.094114
outer loop
vertex 0.007770 0.085340 0.208880
vertex -0.003995 0.084101 0.204792
vertex 0.004974 0.085344 0.204781
endloop
endfacet
facet normal 0.137141 -0.989881 -0.036437
outer loop
vertex 0.004974 0.085344 0.204781
vertex -0.003995 0.084101 0.204792
vertex -0.004867 0.084111 0.201239
endloop
endfacet
facet normal 0.137898 -0.989694 -0.038611
outer loop
vertex 0.004974 0.085344 0.204781
vertex -0.004867 0.084111 0.201239
vertex 0.004011 0.085348 0.201239
endloop
endfacet
facet normal 0.033179 -0.998441 -0.044879
outer loop
vertex 0.012958 0.084080 0.220686
vertex -0.001922 0.083580 0.220809
vertex -0.006524 0.083582 0.217362
endloop
endfacet
facet normal 0.035348 -0.997708 -0.057696
outer loop
vertex 0.012958 0.084080 0.220686
vertex -0.006524 0.083582 0.217362
vertex 0.007450 0.084082 0.217277
endloop
endfacet
facet normal 0.035507 -0.998674 -0.037286
outer loop
vertex 0.007450 0.084082 0.217277
vertex -0.006524 0.083582 0.217362
vertex -0.010676 0.083587 0.213274
endloop
endfacet
facet normal 0.037678 -0.998176 -0.047181
outer loop
vertex 0.007450 0.084082 0.217277
vertex -0.010676 0.083587 0.213274
vertex 0.002481 0.084086 0.213224
endloop
endfacet
facet normal 0.037766 -0.998818 -0.030594
outer loop
vertex 0.002481 0.084086 0.213224
vertex -0.010676 0.083587 0.213274
vertex -0.013971 0.083595 0.208945
endloop
endfacet
facet normal 0.039682 -0.998490 -0.037992
outer loop
vertex 0.002481 0.084086 0.213224
vertex -0.013971 0.083595 0.208945
vertex -0.001463 0.084093 0.208921
endloop
endfacet
facet normal 0.039728 -0.998948 -0.022910
outer loop
vertex -0.001463 0.084093 0.208921
vertex -0.013971 0.083595 0.208945
vertex -0.016086 0.083606 0.204798
endloop
endfacet
facet normal 0.040877 -0.998799 -0.027000
outer loop
vertex -0.001463 0.084093 0.208921
vertex -0.016086 0.083606 0.204798
vertex -0.003995 0.084101 0.204792
endloop
endfacet
facet normal 0.040897 -0.999098 -0.011467
outer loop
vertex -0.003995 0.084101 0.204792
vertex -0.016086 0.083606 0.204798
vertex -0.016815 0.083617 0.201239
endloop
endfacet
facet normal 0.041307 -0.999063 -0.012948
outer loop
vertex -0.003995 0.084101 0.204792
vertex -0.016815 0.083617 0.201239
vertex -0.004867 0.084111 0.201239
endloop
endfacet
facet normal -0.004801 -0.999981 0.003901
outer loop
vertex -0.001922 0.083580 0.220809
vertex -0.023310 0.083683 0.220889
vertex -0.026550 0.083685 0.217418
endloop
endfacet
facet normal -0.005126 -0.999967 0.006264
outer loop
vertex -0.001922 0.083580 0.220809
vertex -0.026550 0.083685 0.217418
vertex -0.006524 0.083582 0.217362
endloop
endfacet
facet normal -0.005137 -0.999984 0.002433
outer loop
vertex -0.006524 0.083582 0.217362
vertex -0.026550 0.083685 0.217418
vertex -0.029472 0.083690 0.213307
endloop
endfacet
facet normal -0.005472 -0.999976 0.004334
outer loop
vertex -0.006524 0.083582 0.217362
vertex -0.029472 0.083690 0.213307
vertex -0.010676 0.083587 0.213274
endloop
endfacet
facet normal -0.005478 -0.999984 0.001081
outer loop
vertex -0.010676 0.083587 0.213274
vertex -0.029472 0.083690 0.213307
vertex -0.031792 0.083698 0.208960
endloop
endfacet
facet normal -0.005777 -0.999980 0.002552
outer loop
vertex -0.010676 0.083587 0.213274
vertex -0.031792 0.083698 0.208960
vertex -0.013971 0.083595 0.208945
endloop
endfacet
facet normal -0.005780 -0.999983 -0.000337
outer loop
vertex -0.013971 0.083595 0.208945
vertex -0.031792 0.083698 0.208960
vertex -0.033281 0.083708 0.204802
endloop
endfacet
facet normal -0.005932 -0.999982 0.000375
outer loop
vertex -0.013971 0.083595 0.208945
vertex -0.033281 0.083708 0.204802
vertex -0.016086 0.083606 0.204798
endloop
endfacet
facet normal -0.005933 -0.999980 -0.002232
outer loop
vertex -0.016086 0.083606 0.204798
vertex -0.033281 0.083708 0.204802
vertex -0.033794 0.083719 0.201239
endloop
endfacet
facet normal -0.006007 -0.999980 -0.001865
outer loop
vertex -0.016086 0.083606 0.204798
vertex -0.033794 0.083719 0.201239
vertex -0.016815 0.083617 0.201239
endloop
endfacet
facet normal -0.031591 -0.999373 0.016012
outer loop
vertex -0.023310 0.083683 0.220889
vertex -0.045551 0.084387 0.220948
vertex -0.047351 0.084388 0.217459
endloop
endfacet
facet normal -0.033700 -0.998955 0.030878
outer loop
vertex -0.023310 0.083683 0.220889
vertex -0.047351 0.084388 0.217459
vertex -0.026550 0.083685 0.217418
endloop
endfacet
facet normal -0.033750 -0.999354 0.012316
outer loop
vertex -0.026550 0.083685 0.217418
vertex -0.047351 0.084388 0.217459
vertex -0.048975 0.084392 0.213332
endloop
endfacet
facet normal -0.035930 -0.999058 0.024319
outer loop
vertex -0.026550 0.083685 0.217418
vertex -0.048975 0.084392 0.213332
vertex -0.029472 0.083690 0.213307
endloop
endfacet
facet normal -0.035958 -0.999311 0.009241
outer loop
vertex -0.029472 0.083690 0.213307
vertex -0.048975 0.084392 0.213332
vertex -0.050263 0.084398 0.208971
endloop
endfacet
facet normal -0.037853 -0.999115 0.018365
outer loop
vertex -0.029472 0.083690 0.213307
vertex -0.050263 0.084398 0.208971
vertex -0.031792 0.083698 0.208960
endloop
endfacet
facet normal -0.037866 -0.999266 0.005846
outer loop
vertex -0.031792 0.083698 0.208960
vertex -0.050263 0.084398 0.208971
vertex -0.051091 0.084405 0.204805
endloop
endfacet
facet normal -0.039101 -0.999168 0.011598
outer loop
vertex -0.031792 0.083698 0.208960
vertex -0.051091 0.084405 0.204805
vertex -0.033281 0.083708 0.204802
endloop
endfacet
facet normal -0.039105 -0.999235 0.000886
outer loop
vertex -0.033281 0.083708 0.204802
vertex -0.051091 0.084405 0.204805
vertex -0.051376 0.084413 0.201239
endloop
endfacet
facet normal -0.039442 -0.999219 0.002592
outer loop
vertex -0.033281 0.083708 0.204802
vertex -0.051376 0.084413 0.201239
vertex -0.033794 0.083719 0.201239
endloop
endfacet
facet normal -0.058391 -0.998245 0.009871
outer loop
vertex -0.045551 0.084387 0.220948
vertex -0.063769 0.085453 0.220986
vertex -0.064378 0.085454 0.217485
endloop
endfacet
facet normal -0.062405 -0.997541 0.031908
outer loop
vertex -0.045551 0.084387 0.220948
vertex -0.064378 0.085454 0.217485
vertex -0.047351 0.084388 0.217459
endloop
endfacet
facet normal -0.062470 -0.998014 0.008061
outer loop
vertex -0.047351 0.084388 0.217459
vertex -0.064378 0.085454 0.217485
vertex -0.064928 0.085455 0.213347
endloop
endfacet
facet normal -0.066441 -0.997473 0.025177
outer loop
vertex -0.047351 0.084388 0.217459
vertex -0.064928 0.085455 0.213347
vertex -0.048975 0.084392 0.213332
endloop
endfacet
facet normal -0.066479 -0.997770 0.005965
outer loop
vertex -0.048975 0.084392 0.213332
vertex -0.064928 0.085455 0.213347
vertex -0.065365 0.085458 0.208979
endloop
endfacet
facet normal -0.069995 -0.997361 0.019301
outer loop
vertex -0.048975 0.084392 0.213332
vertex -0.065365 0.085458 0.208979
vertex -0.050263 0.084398 0.208971
endloop
endfacet
facet normal -0.070014 -0.997539 0.003743
outer loop
vertex -0.050263 0.084398 0.208971
vertex -0.065365 0.085458 0.208979
vertex -0.065645 0.085462 0.204807
endloop
endfacet
facet normal -0.072428 -0.997293 0.012718
outer loop
vertex -0.050263 0.084398 0.208971
vertex -0.065645 0.085462 0.204807
vertex -0.051091 0.084405 0.204805
endloop
endfacet
facet normal -0.072435 -0.997373 0.000834
outer loop
vertex -0.051091 0.084405 0.204805
vertex -0.065645 0.085462 0.204807
vertex -0.065741 0.085466 0.201239
endloop
endfacet
facet normal -0.073107 -0.997318 0.003599
outer loop
vertex -0.051091 0.084405 0.204805
vertex -0.065741 0.085466 0.201239
vertex -0.051376 0.084413 0.201239
endloop
endfacet
facet normal -0.129757 -0.991543 0.002384
outer loop
vertex -0.073054 0.086423 0.201239
vertex -0.065741 0.085466 0.201239
vertex -0.065645 0.085462 0.204807
endloop
endfacet
facet normal -0.128749 -0.991677 0.000248
outer loop
vertex -0.073054 0.086423 0.201239
vertex -0.065645 0.085462 0.204807
vertex -0.073054 0.086424 0.205191
endloop
endfacet
facet normal -0.128368 -0.991697 0.007668
outer loop
vertex -0.073054 0.086424 0.205191
vertex -0.065645 0.085462 0.204807
vertex -0.065365 0.085458 0.208979
endloop
endfacet
facet normal -0.124654 -0.992200 0.000000
outer loop
vertex -0.073054 0.086424 0.205191
vertex -0.065365 0.085458 0.208979
vertex -0.073054 0.086424 0.209143
endloop
endfacet
facet normal -0.124398 -0.992163 0.011766
outer loop
vertex -0.073054 0.086424 0.209143
vertex -0.065365 0.085458 0.208979
vertex -0.064928 0.085455 0.213347
endloop
endfacet
facet normal -0.118408 -0.992965 0.000000
outer loop
vertex -0.073054 0.086424 0.209143
vertex -0.064928 0.085455 0.213347
vertex -0.073054 0.086424 0.213095
endloop
endfacet
facet normal -0.118870 -0.992788 0.015553
outer loop
vertex -0.073054 0.086424 0.213095
vertex -0.064928 0.085455 0.213347
vertex -0.064378 0.085454 0.217485
endloop
endfacet
facet normal -0.111111 -0.993808 0.000000
outer loop
vertex -0.073054 0.086424 0.213095
vertex -0.064378 0.085454 0.217485
vertex -0.073054 0.086424 0.217047
endloop
endfacet
facet normal -0.112048 -0.993517 0.019209
outer loop
vertex -0.073054 0.086424 0.217047
vertex -0.064378 0.085454 0.217485
vertex -0.063769 0.085453 0.220986
endloop
endfacet
facet normal -0.104011 -0.994576 -0.000003
outer loop
vertex -0.073054 0.086424 0.217047
vertex -0.063769 0.085453 0.220986
vertex -0.073054 0.086424 0.220999
endloop
endfacet
facet normal 0.138019 0.989761 -0.036379
outer loop
vertex 0.004011 0.087500 0.201239
vertex -0.004867 0.088738 0.201239
vertex -0.003995 0.088747 0.204792
endloop
endfacet
facet normal 0.137127 0.989809 -0.038399
outer loop
vertex 0.004011 0.087500 0.201239
vertex -0.003995 0.088747 0.204792
vertex 0.004974 0.087504 0.204781
endloop
endfacet
facet normal 0.136670 0.986901 -0.085722
outer loop
vertex 0.004974 0.087504 0.204781
vertex -0.003995 0.088747 0.204792
vertex -0.001463 0.088755 0.208921
endloop
endfacet
facet normal 0.132881 0.986889 -0.091607
outer loop
vertex 0.004974 0.087504 0.204781
vertex -0.001463 0.088755 0.208921
vertex 0.007770 0.087508 0.208880
endloop
endfacet
facet normal 0.132293 0.983567 -0.122856
outer loop
vertex 0.007770 0.087508 0.208880
vertex -0.001463 0.088755 0.208921
vertex 0.002481 0.088762 0.213224
endloop
endfacet
facet normal 0.126366 0.983424 -0.130033
outer loop
vertex 0.007770 0.087508 0.208880
vertex 0.002481 0.088762 0.213224
vertex 0.012124 0.087511 0.213134
endloop
endfacet
facet normal 0.125676 0.979881 -0.155042
outer loop
vertex 0.012124 0.087511 0.213134
vertex 0.002481 0.088762 0.213224
vertex 0.007450 0.088766 0.217277
endloop
endfacet
facet normal 0.118386 0.979474 -0.163142
outer loop
vertex 0.012124 0.087511 0.213134
vertex 0.007450 0.088766 0.217277
vertex 0.017610 0.087513 0.217127
endloop
endfacet
facet normal 0.117395 0.974691 -0.190250
outer loop
vertex 0.017610 0.087513 0.217127
vertex 0.007450 0.088766 0.217277
vertex 0.012958 0.088768 0.220686
endloop
endfacet
facet normal 0.109686 0.973644 -0.199965
outer loop
vertex 0.017610 0.087513 0.217127
vertex 0.012958 0.088768 0.220686
vertex 0.023692 0.087514 0.220468
endloop
endfacet
facet normal 0.041307 0.999080 -0.011548
outer loop
vertex -0.004867 0.088738 0.201239
vertex -0.016815 0.089232 0.201239
vertex -0.016086 0.089243 0.204798
endloop
endfacet
facet normal 0.040979 0.999081 -0.012588
outer loop
vertex -0.004867 0.088738 0.201239
vertex -0.016086 0.089243 0.204798
vertex -0.003995 0.088747 0.204792
endloop
endfacet
facet normal 0.040965 0.998889 -0.023301
outer loop
vertex -0.003995 0.088747 0.204792
vertex -0.016086 0.089243 0.204798
vertex -0.013971 0.089253 0.208945
endloop
endfacet
facet normal 0.039719 0.998865 -0.026290
outer loop
vertex -0.003995 0.088747 0.204792
vertex -0.013971 0.089253 0.208945
vertex -0.001463 0.088755 0.208921
endloop
endfacet
facet normal 0.039702 0.998697 -0.032066
outer loop
vertex -0.001463 0.088755 0.208921
vertex -0.013971 0.089253 0.208945
vertex -0.010676 0.089261 0.213274
endloop
endfacet
facet normal 0.037737 0.998631 -0.036216
outer loop
vertex -0.001463 0.088755 0.208921
vertex -0.010676 0.089261 0.213274
vertex 0.002481 0.088762 0.213224
endloop
endfacet
facet normal 0.037720 0.998507 -0.039518
outer loop
vertex 0.002481 0.088762 0.213224
vertex -0.010676 0.089261 0.213274
vertex -0.006525 0.089266 0.217362
endloop
endfacet
facet normal 0.035450 0.998383 -0.044443
outer loop
vertex 0.002481 0.088762 0.213224
vertex -0.006525 0.089266 0.217362
vertex 0.007450 0.088766 0.217277
endloop
endfacet
facet normal 0.035423 0.998225 -0.047883
outer loop
vertex 0.007450 0.088766 0.217277
vertex -0.006525 0.089266 0.217362
vertex -0.001922 0.089268 0.220809
endloop
endfacet
facet normal 0.033088 0.997990 -0.054046
outer loop
vertex 0.007450 0.088766 0.217277
vertex -0.001922 0.089268 0.220809
vertex 0.012958 0.088768 0.220686
endloop
endfacet
facet normal -0.006007 0.999979 -0.002220
outer loop
vertex -0.016815 0.089232 0.201239
vertex -0.033794 0.089130 0.201239
vertex -0.033281 0.089141 0.204802
endloop
endfacet
facet normal -0.005933 0.999981 -0.001879
outer loop
vertex -0.016815 0.089232 0.201239
vertex -0.033281 0.089141 0.204802
vertex -0.016086 0.089243 0.204798
endloop
endfacet
facet normal -0.005932 0.999982 -0.000279
outer loop
vertex -0.016086 0.089243 0.204798
vertex -0.033281 0.089141 0.204802
vertex -0.031792 0.089151 0.208960
endloop
endfacet
facet normal -0.005723 0.999983 0.000504
outer loop
vertex -0.016086 0.089243 0.204798
vertex -0.031792 0.089151 0.208960
vertex -0.013971 0.089253 0.208945
endloop
endfacet
facet normal -0.005722 0.999983 0.001445
outer loop
vertex -0.013971 0.089253 0.208945
vertex -0.031792 0.089151 0.208960
vertex -0.029472 0.089158 0.213307
endloop
endfacet
facet normal -0.005476 0.999982 0.002320
outer loop
vertex -0.013971 0.089253 0.208945
vertex -0.029472 0.089158 0.213307
vertex -0.010676 0.089261 0.213274
endloop
endfacet
facet normal -0.005475 0.999981 0.002675
outer loop
vertex -0.010676 0.089261 0.213274
vertex -0.029472 0.089158 0.213307
vertex -0.026550 0.089163 0.217418
endloop
endfacet
facet normal -0.005132 0.999979 0.003990
outer loop
vertex -0.010676 0.089261 0.213274
vertex -0.026550 0.089163 0.217418
vertex -0.006525 0.089266 0.217362
endloop
endfacet
facet normal -0.005132 0.999978 0.004213
outer loop
vertex -0.006525 0.089266 0.217362
vertex -0.026550 0.089163 0.217418
vertex -0.023310 0.089165 0.220889
endloop
endfacet
facet normal -0.004794 0.999972 0.005823
outer loop
vertex -0.006525 0.089266 0.217362
vertex -0.023310 0.089165 0.220889
vertex -0.001922 0.089268 0.220809
endloop
endfacet
facet normal -0.039498 0.999219 0.000913
outer loop
vertex -0.033794 0.089130 0.201239
vertex -0.051376 0.088435 0.201239
vertex -0.051091 0.088443 0.204805
endloop
endfacet
facet normal -0.039160 0.999230 0.002555
outer loop
vertex -0.033794 0.089130 0.201239
vertex -0.051091 0.088443 0.204805
vertex -0.033281 0.089141 0.204802
endloop
endfacet
facet normal -0.039159 0.999214 0.006108
outer loop
vertex -0.033281 0.089141 0.204802
vertex -0.051091 0.088443 0.204805
vertex -0.050263 0.088450 0.208971
endloop
endfacet
facet normal -0.037915 0.999219 0.011172
outer loop
vertex -0.033281 0.089141 0.204802
vertex -0.050263 0.088450 0.208971
vertex -0.031792 0.089151 0.208960
endloop
endfacet
facet normal -0.037916 0.999233 0.009826
outer loop
vertex -0.031792 0.089151 0.208960
vertex -0.050263 0.088450 0.208971
vertex -0.048975 0.088456 0.213332
endloop
endfacet
facet normal -0.035943 0.999199 0.017572
outer loop
vertex -0.031792 0.089151 0.208960
vertex -0.048975 0.088456 0.213332
vertex -0.029472 0.089158 0.213307
endloop
endfacet
facet normal -0.035951 0.999267 0.013179
outer loop
vertex -0.029472 0.089158 0.213307
vertex -0.048975 0.088456 0.213332
vertex -0.047351 0.088460 0.217459
endloop
endfacet
facet normal -0.033724 0.999172 0.022760
outer loop
vertex -0.029472 0.089158 0.213307
vertex -0.047351 0.088460 0.217459
vertex -0.026550 0.089163 0.217418
endloop
endfacet
facet normal -0.033739 0.999284 0.017117
outer loop
vertex -0.026550 0.089163 0.217418
vertex -0.047351 0.088460 0.217459
vertex -0.045551 0.088461 0.220948
endloop
endfacet
facet normal -0.031548 0.999085 0.028868
outer loop
vertex -0.026550 0.089163 0.217418
vertex -0.045551 0.088461 0.220948
vertex -0.023310 0.089165 0.220889
endloop
endfacet
facet normal -0.073106 0.997324 0.000853
outer loop
vertex -0.051376 0.088435 0.201239
vertex -0.065741 0.087382 0.201239
vertex -0.065645 0.087386 0.204807
endloop
endfacet
facet normal -0.072435 0.997367 0.003544
outer loop
vertex -0.051376 0.088435 0.201239
vertex -0.065645 0.087386 0.204807
vertex -0.051091 0.088443 0.204805
endloop
endfacet
facet normal -0.072435 0.997366 0.003910
outer loop
vertex -0.051091 0.088443 0.204805
vertex -0.065645 0.087386 0.204807
vertex -0.065365 0.087390 0.208979
endloop
endfacet
facet normal -0.070005 0.997472 0.012236
outer loop
vertex -0.051091 0.088443 0.204805
vertex -0.065365 0.087390 0.208979
vertex -0.050263 0.088450 0.208971
endloop
endfacet
facet normal -0.070013 0.997525 0.006549
outer loop
vertex -0.050263 0.088450 0.208971
vertex -0.065365 0.087390 0.208979
vertex -0.064928 0.087392 0.213347
endloop
endfacet
facet normal -0.066519 0.997618 0.018274
outer loop
vertex -0.050263 0.088450 0.208971
vertex -0.064928 0.087392 0.213347
vertex -0.048975 0.088456 0.213332
endloop
endfacet
facet normal -0.066537 0.997749 0.008363
outer loop
vertex -0.048975 0.088456 0.213332
vertex -0.064928 0.087392 0.213347
vertex -0.064378 0.087394 0.217485
endloop
endfacet
facet normal -0.062430 0.997770 0.023600
outer loop
vertex -0.048975 0.088456 0.213332
vertex -0.064378 0.087394 0.217485
vertex -0.047351 0.088460 0.217459
endloop
endfacet
facet normal -0.062464 0.997991 0.010586
outer loop
vertex -0.047351 0.088460 0.217459
vertex -0.064378 0.087394 0.217485
vertex -0.063769 0.087395 0.220986
endloop
endfacet
facet normal -0.058326 0.997853 0.029798
outer loop
vertex -0.047351 0.088460 0.217459
vertex -0.063769 0.087395 0.220986
vertex -0.045551 0.088461 0.220948
endloop
endfacet
facet normal -0.103968 0.994421 0.017799
outer loop
vertex -0.073054 0.086424 0.220999
vertex -0.063769 0.087395 0.220986
vertex -0.064378 0.087394 0.217485
endloop
endfacet
facet normal -0.111111 0.993808 0.000003
outer loop
vertex -0.073054 0.086424 0.220999
vertex -0.064378 0.087394 0.217485
vertex -0.073054 0.086424 0.217047
endloop
endfacet
facet normal -0.111815 0.993625 0.014387
outer loop
vertex -0.073054 0.086424 0.217047
vertex -0.064378 0.087394 0.217485
vertex -0.064928 0.087392 0.213347
endloop
endfacet
facet normal -0.118287 0.992979 0.000000
outer loop
vertex -0.073054 0.086424 0.217047
vertex -0.064928 0.087392 0.213347
vertex -0.073054 0.086424 0.213095
endloop
endfacet
facet normal -0.118629 0.992873 0.011409
outer loop
vertex -0.073054 0.086424 0.213095
vertex -0.064928 0.087392 0.213347
vertex -0.065365 0.087390 0.208979
endloop
endfacet
facet normal -0.124655 0.992200 0.000000
outer loop
vertex -0.073054 0.086424 0.213095
vertex -0.065365 0.087390 0.208979
vertex -0.073054 0.086424 0.209143
endloop
endfacet
facet normal -0.124495 0.992193 0.007401
outer loop
vertex -0.073054 0.086424 0.209143
vertex -0.065365 0.087390 0.208979
vertex -0.065645 0.087386 0.204807
endloop
endfacet
facet normal -0.128761 0.991676 0.000000
outer loop
vertex -0.073054 0.086424 0.209143
vertex -0.065645 0.087386 0.204807
vertex -0.073054 0.086424 0.205191
endloop
endfacet
facet normal -0.128641 0.991688 0.002352
outer loop
vertex -0.073054 0.086424 0.205191
vertex -0.065645 0.087386 0.204807
vertex -0.065741 0.087382 0.201239
endloop
endfacet
facet normal -0.130023 0.991511 -0.000248
outer loop
vertex -0.073054 0.086424 0.205191
vertex -0.065741 0.087382 0.201239
vertex -0.073054 0.086423 0.201239
endloop
endfacet
facet normal 0.354140 0.930114 -0.097332
outer loop
vertex 0.006837 0.086424 0.201239
vertex 0.004011 0.087500 0.201239
vertex 0.004974 0.087504 0.204781
endloop
endfacet
facet normal 0.353174 0.930417 -0.097936
outer loop
vertex 0.006837 0.086424 0.201239
vertex 0.004974 0.087504 0.204781
vertex 0.007817 0.086424 0.204773
endloop
endfacet
facet normal 0.344518 0.908660 -0.235892
outer loop
vertex 0.007817 0.086424 0.204773
vertex 0.004974 0.087504 0.204781
vertex 0.007770 0.087508 0.208880
endloop
endfacet
facet normal 0.338791 0.910658 -0.236480
outer loop
vertex 0.007817 0.086424 0.204773
vertex 0.007770 0.087508 0.208880
vertex 0.010660 0.086424 0.208846
endloop
endfacet
facet normal 0.327354 0.883268 -0.335673
outer loop
vertex 0.010660 0.086424 0.208846
vertex 0.007770 0.087508 0.208880
vertex 0.012124 0.087511 0.213134
endloop
endfacet
facet normal 0.317366 0.887763 -0.333400
outer loop
vertex 0.010660 0.086424 0.208846
vertex 0.012124 0.087511 0.213134
vertex 0.015089 0.086424 0.213062
endloop
endfacet
facet normal 0.303771 0.856260 -0.417782
outer loop
vertex 0.015089 0.086424 0.213062
vertex 0.012124 0.087511 0.213134
vertex 0.017610 0.087513 0.217127
endloop
endfacet
facet normal 0.291109 0.863496 -0.411862
outer loop
vertex 0.015089 0.086424 0.213062
vertex 0.017610 0.087513 0.217127
vertex 0.020669 0.086424 0.217006
endloop
endfacet
facet normal 0.273331 0.823090 -0.497808
outer loop
vertex 0.020669 0.086424 0.217006
vertex 0.017610 0.087513 0.217127
vertex 0.023692 0.087514 0.220468
endloop
endfacet
facet normal 0.259993 0.832550 -0.489147
outer loop
vertex 0.020669 0.086424 0.217006
vertex 0.023692 0.087514 0.220468
vertex 0.026855 0.086424 0.220294
endloop
endfacet
facet normal 0.355830 0.934551 0.000000
outer loop
vertex 0.004011 -0.085348 0.201239
vertex 0.006837 -0.086424 0.201239
vertex 0.006837 -0.086424 0.081304
endloop
endfacet
facet normal 0.305328 0.952246 -0.001348
outer loop
vertex 0.004011 -0.085348 0.201239
vertex 0.006837 -0.086424 0.081304
vertex 0.004011 -0.085517 0.081924
endloop
endfacet
facet normal -0.035588 -0.692857 -0.720196
outer loop
vertex -0.105454 -0.257136 0.220474
vertex -0.097577 -0.257158 0.220106
vertex -0.098000 -0.258314 0.221239
endloop
endfacet
facet normal -0.042968 -0.721018 -0.691583
outer loop
vertex -0.105454 -0.257136 0.220474
vertex -0.098000 -0.258314 0.221239
vertex -0.105769 -0.257851 0.221239
endloop
endfacet
facet normal 0.023881 -0.495393 0.868340
outer loop
vertex -0.082923 -0.257195 0.221781
vertex -0.089727 -0.257204 0.221963
vertex -0.089643 -0.258469 0.221239
endloop
endfacet
facet normal 0.019863 -0.478289 0.877978
outer loop
vertex -0.082923 -0.257195 0.221781
vertex -0.089643 -0.258469 0.221239
vertex -0.084899 -0.258272 0.221239
endloop
endfacet
facet normal -0.085516 -0.000000 0.996337
outer loop
vertex -0.073054 -0.076424 0.221239
vertex -0.056498 -0.076424 0.222660
vertex -0.056498 -0.000000 0.222660
endloop
endfacet
facet normal -0.085514 -0.000000 0.996337
outer loop
vertex -0.073054 -0.076424 0.221239
vertex -0.056498 -0.000000 0.222660
vertex -0.073054 -0.000000 0.221239
endloop
endfacet
facet normal -0.074117 -0.561030 0.824471
outer loop
vertex -0.112740 -0.257178 0.221294
vertex -0.113451 -0.257165 0.221239
vertex -0.112724 -0.257261 0.221239
endloop
endfacet
facet normal 0.028228 -0.679886 -0.732774
outer loop
vertex -0.084899 -0.258272 0.221239
vertex -0.089643 -0.258469 0.221239
vertex -0.089557 -0.257171 0.220038
endloop
endfacet
facet normal 0.037546 -0.659801 -0.750501
outer loop
vertex -0.084899 -0.258272 0.221239
vertex -0.089557 -0.257171 0.220038
vertex -0.084416 -0.257181 0.220304
endloop
endfacet
facet normal -0.089737 0.022487 -0.995712
outer loop
vertex -0.039798 -0.096374 0.217438
vertex -0.104731 -0.255423 0.219698
vertex -0.112232 -0.255423 0.220374
endloop
endfacet
facet normal -0.086571 0.021040 -0.996023
outer loop
vertex -0.039798 -0.096374 0.217438
vertex -0.112232 -0.255423 0.220374
vertex -0.058990 -0.096378 0.219106
endloop
endfacet
facet normal 0.079379 -0.476206 0.875743
outer loop
vertex -0.084899 -0.258272 0.221239
vertex -0.080551 -0.257547 0.221239
vertex -0.080053 -0.257234 0.221364
endloop
endfacet
facet normal 0.107383 -0.597067 0.794972
outer loop
vertex -0.084899 -0.258272 0.221239
vertex -0.080053 -0.257234 0.221364
vertex -0.082923 -0.257195 0.221781
endloop
endfacet
facet normal 0.351150 0.000000 -0.936319
outer loop
vertex 0.036946 -0.076424 0.221239
vertex 0.031493 -0.076424 0.219194
vertex 0.031493 -0.000000 0.219194
endloop
endfacet
facet normal 0.351143 0.000000 -0.936322
outer loop
vertex 0.036946 -0.076424 0.221239
vertex 0.031493 -0.000000 0.219194
vertex 0.036946 -0.000000 0.221239
endloop
endfacet
facet normal -0.007741 -0.505197 0.862969
outer loop
vertex -0.089727 -0.257204 0.221963
vertex -0.098406 -0.257206 0.221884
vertex -0.098000 -0.258314 0.221239
endloop
endfacet
facet normal -0.009217 -0.497162 0.867609
outer loop
vertex -0.089727 -0.257204 0.221963
vertex -0.098000 -0.258314 0.221239
vertex -0.089643 -0.258469 0.221239
endloop
endfacet
facet normal -0.030466 -0.511153 0.858950
outer loop
vertex -0.105769 -0.257851 0.221239
vertex -0.098000 -0.258314 0.221239
vertex -0.098406 -0.257206 0.221884
endloop
endfacet
facet normal -0.026533 -0.538974 0.841905
outer loop
vertex -0.105769 -0.257851 0.221239
vertex -0.098406 -0.257206 0.221884
vertex -0.106060 -0.257190 0.221653
endloop
endfacet
facet normal -0.046213 -0.544749 0.837325
outer loop
vertex -0.112724 -0.257261 0.221239
vertex -0.105769 -0.257851 0.221239
vertex -0.106060 -0.257190 0.221653
endloop
endfacet
facet normal -0.045539 -0.557980 0.828604
outer loop
vertex -0.112724 -0.257261 0.221239
vertex -0.106060 -0.257190 0.221653
vertex -0.112740 -0.257178 0.221294
endloop
endfacet
facet normal -0.088813 0.024030 0.995758
outer loop
vertex -0.075748 -0.096380 0.221239
vertex -0.118783 -0.255423 0.221239
vertex -0.112549 -0.255423 0.221795
endloop
endfacet
facet normal -0.085564 0.023280 0.996061
outer loop
vertex -0.075748 -0.096380 0.221239
vertex -0.112549 -0.255423 0.221795
vertex -0.059799 -0.096378 0.222609
endloop
endfacet
facet normal -0.092705 -0.702137 -0.705981
outer loop
vertex -0.113451 -0.257165 0.221239
vertex -0.112704 -0.257154 0.221130
vertex -0.112724 -0.257261 0.221239
endloop
endfacet
facet normal -0.086518 0.000000 -0.996250
outer loop
vertex -0.055657 -0.076424 0.219027
vertex -0.055657 -0.000000 0.219027
vertex -0.035736 -0.000000 0.217297
endloop
endfacet
facet normal -0.086518 0.000000 -0.996250
outer loop
vertex -0.055657 -0.076424 0.219027
vertex -0.035736 -0.000000 0.217297
vertex -0.035736 -0.076424 0.217297
endloop
endfacet
facet normal -0.040194 0.000000 -0.999192
outer loop
vertex -0.035736 -0.076424 0.217297
vertex -0.035736 -0.000000 0.217297
vertex -0.014730 -0.000000 0.216452
endloop
endfacet
facet normal -0.040194 0.000000 -0.999192
outer loop
vertex -0.035736 -0.076424 0.217297
vertex -0.014730 -0.000000 0.216452
vertex -0.014730 -0.076424 0.216452
endloop
endfacet
facet normal -0.004781 0.000000 -0.999989
outer loop
vertex -0.014730 -0.076424 0.216452
vertex -0.014730 -0.000000 0.216452
vertex 0.006190 -0.000000 0.216352
endloop
endfacet
facet normal -0.004781 0.000000 -0.999989
outer loop
vertex -0.014730 -0.076424 0.216452
vertex 0.006190 -0.000000 0.216352
vertex 0.006190 -0.076424 0.216352
endloop
endfacet
facet normal 0.054616 0.000000 -0.998507
outer loop
vertex 0.006190 -0.076424 0.216352
vertex 0.006190 -0.000000 0.216352
vertex 0.020743 -0.000000 0.217148
endloop
endfacet
facet normal 0.054615 0.000000 -0.998508
outer loop
vertex 0.006190 -0.076424 0.216352
vertex 0.020743 -0.000000 0.217148
vertex 0.020743 -0.076424 0.217148
endloop
endfacet
facet normal 0.186968 0.000000 -0.982366
outer loop
vertex 0.020743 -0.076424 0.217148
vertex 0.020743 -0.000000 0.217148
vertex 0.031493 -0.000000 0.219194
endloop
endfacet
facet normal 0.186967 0.000000 -0.982366
outer loop
vertex 0.020743 -0.076424 0.217148
vertex 0.031493 -0.000000 0.219194
vertex 0.031493 -0.076424 0.219194
endloop
endfacet
facet normal 0.510191 -0.000000 0.860061
outer loop
vertex 0.036946 -0.076424 0.221239
vertex 0.036946 -0.000000 0.221239
vertex 0.034999 -0.000000 0.222394
endloop
endfacet
facet normal 0.510206 -0.000000 0.860052
outer loop
vertex 0.036946 -0.076424 0.221239
vertex 0.034999 -0.000000 0.222394
vertex 0.034999 -0.076424 0.222394
endloop
endfacet
facet normal 0.342959 -0.764146 0.546315
outer loop
vertex -0.080053 -0.257234 0.221364
vertex -0.080551 -0.257547 0.221239
vertex -0.079845 -0.257230 0.221239
endloop
endfacet
facet normal 0.166594 -0.000000 0.986026
outer loop
vertex 0.027642 -0.076424 0.223637
vertex 0.034999 -0.076424 0.222394
vertex 0.034999 -0.000000 0.222394
endloop
endfacet
facet normal 0.166593 -0.000000 0.986026
outer loop
vertex 0.027642 -0.076424 0.223637
vertex 0.034999 -0.000000 0.222394
vertex 0.027642 -0.000000 0.223637
endloop
endfacet
facet normal 0.027989 -0.000000 0.999608
outer loop
vertex 0.005463 -0.076424 0.224258
vertex 0.027642 -0.076424 0.223637
vertex 0.027642 -0.000000 0.223637
endloop
endfacet
facet normal 0.027989 -0.000000 0.999608
outer loop
vertex 0.005463 -0.076424 0.224258
vertex 0.027642 -0.000000 0.223637
vertex 0.005463 -0.000000 0.224258
endloop
endfacet
facet normal -0.007402 -0.000000 0.999973
outer loop
vertex -0.018447 -0.076424 0.224081
vertex 0.005463 -0.076424 0.224258
vertex 0.005463 -0.000000 0.224258
endloop
endfacet
facet normal -0.007405 -0.000000 0.999973
outer loop
vertex -0.018447 -0.076424 0.224081
vertex 0.005463 -0.000000 0.224258
vertex -0.018447 -0.000000 0.224081
endloop
endfacet
facet normal -0.025785 -0.000000 0.999668
outer loop
vertex -0.039112 -0.000000 0.223548
vertex -0.039112 -0.076424 0.223548
vertex -0.018447 -0.076424 0.224081
endloop
endfacet
facet normal -0.025780 -0.000000 0.999668
outer loop
vertex -0.039112 -0.000000 0.223548
vertex -0.018447 -0.076424 0.224081
vertex -0.018447 -0.000000 0.224081
endloop
endfacet
facet normal -0.051009 -0.000000 0.998698
outer loop
vertex -0.056498 -0.000000 0.222660
vertex -0.056498 -0.076424 0.222660
vertex -0.039112 -0.076424 0.223548
endloop
endfacet
facet normal -0.051008 -0.000000 0.998698
outer loop
vertex -0.056498 -0.000000 0.222660
vertex -0.039112 -0.076424 0.223548
vertex -0.039112 -0.000000 0.223548
endloop
endfacet
facet normal -0.126130 0.000000 -0.992014
outer loop
vertex -0.073054 -0.000000 0.221239
vertex -0.055657 -0.000000 0.219027
vertex -0.055657 -0.076424 0.219027
endloop
endfacet
facet normal -0.126136 0.000000 -0.992013
outer loop
vertex -0.073054 -0.000000 0.221239
vertex -0.055657 -0.076424 0.219027
vertex -0.073054 -0.076424 0.221239
endloop
endfacet
facet normal 0.482564 -0.326437 0.812755
outer loop
vertex -0.077383 -0.255432 0.221239
vertex 0.030268 -0.096296 0.221239
vertex 0.028387 -0.096303 0.222353
endloop
endfacet
facet normal 0.500922 -0.338550 0.796530
outer loop
vertex -0.077383 -0.255432 0.221239
vertex 0.028387 -0.096303 0.222353
vertex -0.078101 -0.255431 0.221691
endloop
endfacet
facet normal 0.171584 -0.118615 0.978003
outer loop
vertex 0.021282 -0.096328 0.223551
vertex -0.080869 -0.255428 0.222177
vertex -0.078101 -0.255431 0.221691
endloop
endfacet
facet normal 0.165567 -0.114868 0.979486
outer loop
vertex 0.021282 -0.096328 0.223551
vertex -0.078101 -0.255431 0.221691
vertex 0.028387 -0.096303 0.222353
endloop
endfacet
facet normal 0.056594 -0.049600 -0.997164
outer loop
vertex 0.014633 -0.096333 0.217294
vertex -0.083467 -0.255428 0.219640
vertex -0.088945 -0.255426 0.219329
endloop
endfacet
facet normal 0.054584 -0.048292 -0.997341
outer loop
vertex 0.014633 -0.096333 0.217294
vertex -0.088945 -0.255426 0.219329
vertex 0.000601 -0.096352 0.216527
endloop
endfacet
facet normal -0.004955 -0.014823 -0.999878
outer loop
vertex 0.000601 -0.096352 0.216527
vertex -0.088945 -0.255426 0.219329
vertex -0.096822 -0.255424 0.219368
endloop
endfacet
facet normal -0.004750 -0.014947 -0.999877
outer loop
vertex 0.000601 -0.096352 0.216527
vertex -0.096822 -0.255424 0.219368
vertex -0.019559 -0.096365 0.216623
endloop
endfacet
facet normal -0.026726 0.002263 0.999640
outer loop
vertex -0.043049 -0.096372 0.223465
vertex -0.106002 -0.255423 0.222142
vertex -0.098222 -0.255425 0.222350
endloop
endfacet
facet normal -0.025805 0.001944 0.999665
outer loop
vertex -0.043049 -0.096372 0.223465
vertex -0.098222 -0.255425 0.222350
vertex -0.023139 -0.096363 0.223979
endloop
endfacet
facet normal -0.052921 0.012442 0.998521
outer loop
vertex -0.059799 -0.096378 0.222609
vertex -0.112549 -0.255423 0.221795
vertex -0.106002 -0.255423 0.222142
endloop
endfacet
facet normal -0.051038 0.011894 0.998626
outer loop
vertex -0.059799 -0.096378 0.222609
vertex -0.106002 -0.255423 0.222142
vertex -0.043049 -0.096372 0.223465
endloop
endfacet
facet normal 0.132113 -0.607034 -0.783617
outer loop
vertex -0.084416 -0.257181 0.220304
vertex -0.080418 -0.257234 0.221019
vertex -0.080551 -0.257547 0.221239
endloop
endfacet
facet normal 0.112529 -0.674853 -0.729322
outer loop
vertex -0.084416 -0.257181 0.220304
vertex -0.080551 -0.257547 0.221239
vertex -0.084899 -0.258272 0.221239
endloop
endfacet
facet normal -0.041685 0.003008 -0.999126
outer loop
vertex -0.019559 -0.096365 0.216623
vertex -0.096822 -0.255424 0.219368
vertex -0.104731 -0.255423 0.219698
endloop
endfacet
facet normal -0.040239 0.002230 -0.999188
outer loop
vertex -0.019559 -0.096365 0.216623
vertex -0.104731 -0.255423 0.219698
vertex -0.039798 -0.096374 0.217438
endloop
endfacet
facet normal -0.012932 -0.697500 -0.716468
outer loop
vertex -0.089643 -0.258469 0.221239
vertex -0.098000 -0.258314 0.221239
vertex -0.097577 -0.257158 0.220106
endloop
endfacet
facet normal -0.007327 -0.678863 -0.734228
outer loop
vertex -0.089643 -0.258469 0.221239
vertex -0.097577 -0.257158 0.220106
vertex -0.089557 -0.257171 0.220038
endloop
endfacet
facet normal -0.007779 -0.006570 0.999948
outer loop
vertex -0.023139 -0.096363 0.223979
vertex -0.098222 -0.255425 0.222350
vertex -0.089219 -0.255426 0.222420
endloop
endfacet
facet normal -0.007417 -0.006720 0.999950
outer loop
vertex -0.023139 -0.096363 0.223979
vertex -0.089219 -0.255426 0.222420
vertex -0.000097 -0.096349 0.224150
endloop
endfacet
facet normal 0.029074 -0.027155 0.999208
outer loop
vertex -0.000097 -0.096349 0.224150
vertex -0.089219 -0.255426 0.222420
vertex -0.080869 -0.255428 0.222177
endloop
endfacet
facet normal 0.028023 -0.026623 0.999253
outer loop
vertex -0.000097 -0.096349 0.224150
vertex -0.080869 -0.255428 0.222177
vertex 0.021282 -0.096328 0.223551
endloop
endfacet
facet normal 0.192125 -0.133257 -0.972281
outer loop
vertex 0.025004 -0.096312 0.219267
vertex -0.079420 -0.255430 0.220440
vertex -0.083467 -0.255428 0.219640
endloop
endfacet
facet normal 0.185582 -0.128799 -0.974151
outer loop
vertex 0.025004 -0.096312 0.219267
vertex -0.083467 -0.255428 0.219640
vertex 0.014633 -0.096333 0.217294
endloop
endfacet
facet normal -0.061094 -0.716534 -0.694872
outer loop
vertex -0.112704 -0.257154 0.221130
vertex -0.105454 -0.257136 0.220474
vertex -0.105769 -0.257851 0.221239
endloop
endfacet
facet normal -0.059922 -0.706600 -0.705071
outer loop
vertex -0.112704 -0.257154 0.221130
vertex -0.105769 -0.257851 0.221239
vertex -0.112724 -0.257261 0.221239
endloop
endfacet
facet normal -0.130814 0.035895 -0.990757
outer loop
vertex -0.058990 -0.096378 0.219106
vertex -0.112232 -0.255423 0.220374
vertex -0.118783 -0.255423 0.221239
endloop
endfacet
facet normal -0.126194 0.034147 -0.991418
outer loop
vertex -0.058990 -0.096378 0.219106
vertex -0.118783 -0.255423 0.221239
vertex -0.075748 -0.096380 0.221239
endloop
endfacet
facet normal 0.186017 -0.107533 -0.976644
outer loop
vertex 0.025004 -0.096312 0.219267
vertex 0.014633 -0.096333 0.217294
vertex 0.016971 -0.091780 0.217238
endloop
endfacet
facet normal 0.185956 -0.107646 -0.976644
outer loop
vertex 0.025004 -0.096312 0.219267
vertex 0.016971 -0.091780 0.217238
vertex 0.027488 -0.091767 0.219239
endloop
endfacet
facet normal 0.186446 -0.077234 -0.979425
outer loop
vertex 0.027488 -0.091767 0.219239
vertex 0.016971 -0.091780 0.217238
vertex 0.018954 -0.086397 0.217191
endloop
endfacet
facet normal 0.186373 -0.077347 -0.979430
outer loop
vertex 0.027488 -0.091767 0.219239
vertex 0.018954 -0.086397 0.217191
vertex 0.029593 -0.086391 0.219215
endloop
endfacet
facet normal 0.186668 -0.051658 -0.981064
outer loop
vertex 0.029593 -0.086391 0.219215
vertex 0.018954 -0.086397 0.217191
vertex 0.020278 -0.081005 0.217159
endloop
endfacet
facet normal 0.186689 -0.051630 -0.981061
outer loop
vertex 0.029593 -0.086391 0.219215
vertex 0.020278 -0.081005 0.217159
vertex 0.030999 -0.081003 0.219199
endloop
endfacet
facet normal 0.186885 -0.021328 -0.982150
outer loop
vertex 0.030999 -0.081003 0.219199
vertex 0.020278 -0.081005 0.217159
vertex 0.020743 -0.076424 0.217148
endloop
endfacet
facet normal 0.186927 -0.021240 -0.982144
outer loop
vertex 0.030999 -0.081003 0.219199
vertex 0.020743 -0.076424 0.217148
vertex 0.031493 -0.076424 0.219194
endloop
endfacet
facet normal -0.007402 -0.001169 0.999972
outer loop
vertex 0.005463 -0.076424 0.224258
vertex -0.018447 -0.076424 0.224081
vertex -0.018804 -0.081007 0.224073
endloop
endfacet
facet normal -0.007424 -0.001059 0.999972
outer loop
vertex 0.005463 -0.076424 0.224258
vertex -0.018804 -0.081007 0.224073
vertex 0.005039 -0.081006 0.224250
endloop
endfacet
facet normal -0.007425 -0.002675 0.999969
outer loop
vertex 0.005039 -0.081006 0.224250
vertex -0.018804 -0.081007 0.224073
vertex -0.019821 -0.086406 0.224051
endloop
endfacet
facet normal -0.007439 -0.002602 0.999969
outer loop
vertex 0.005039 -0.081006 0.224250
vertex -0.019821 -0.086406 0.224051
vertex 0.003834 -0.086402 0.224227
endloop
endfacet
facet normal -0.007441 -0.004021 0.999964
outer loop
vertex 0.003834 -0.086402 0.224227
vertex -0.019821 -0.086406 0.224051
vertex -0.021343 -0.091798 0.224018
endloop
endfacet
facet normal -0.007442 -0.004005 0.999964
outer loop
vertex 0.003834 -0.086402 0.224227
vertex -0.021343 -0.091798 0.224018
vertex 0.002030 -0.091789 0.224192
endloop
endfacet
facet normal -0.007442 -0.005614 0.999957
outer loop
vertex 0.002030 -0.091789 0.224192
vertex -0.021343 -0.091798 0.224018
vertex -0.023139 -0.096363 0.223979
endloop
endfacet
facet normal -0.007419 -0.005748 0.999956
outer loop
vertex 0.002030 -0.091789 0.224192
vertex -0.023139 -0.096363 0.223979
vertex -0.000097 -0.096349 0.224150
endloop
endfacet
facet normal 0.027988 -0.004336 0.999599
outer loop
vertex 0.027642 -0.076424 0.223637
vertex 0.005463 -0.076424 0.224258
vertex 0.005039 -0.081006 0.224250
endloop
endfacet
facet normal 0.028019 -0.004489 0.999597
outer loop
vertex 0.027642 -0.076424 0.223637
vertex 0.005039 -0.081006 0.224250
vertex 0.027158 -0.081005 0.223630
endloop
endfacet
facet normal 0.028020 -0.010519 0.999552
outer loop
vertex 0.027158 -0.081005 0.223630
vertex 0.005039 -0.081006 0.224250
vertex 0.003834 -0.086402 0.224227
endloop
endfacet
facet normal 0.028016 -0.010504 0.999552
outer loop
vertex 0.027158 -0.081005 0.223630
vertex 0.003834 -0.086402 0.224227
vertex 0.025779 -0.086396 0.223612
endloop
endfacet
facet normal 0.028014 -0.015876 0.999481
outer loop
vertex 0.025779 -0.086396 0.223612
vertex 0.003834 -0.086402 0.224227
vertex 0.002030 -0.091789 0.224192
endloop
endfacet
facet normal 0.028029 -0.015947 0.999480
outer loop
vertex 0.025779 -0.086396 0.223612
vertex 0.002030 -0.091789 0.224192
vertex 0.023716 -0.091777 0.223584
endloop
endfacet
facet normal 0.028031 -0.022278 0.999359
outer loop
vertex 0.023716 -0.091777 0.223584
vertex 0.002030 -0.091789 0.224192
vertex -0.000097 -0.096349 0.224150
endloop
endfacet
facet normal 0.028023 -0.022231 0.999360
outer loop
vertex 0.023716 -0.091777 0.223584
vertex -0.000097 -0.096349 0.224150
vertex 0.021282 -0.096328 0.223551
endloop
endfacet
facet normal 0.166562 -0.019106 0.985846
outer loop
vertex 0.034999 -0.076424 0.222394
vertex 0.027642 -0.076424 0.223637
vertex 0.027158 -0.081005 0.223630
endloop
endfacet
facet normal 0.166494 -0.018973 0.985860
outer loop
vertex 0.034999 -0.076424 0.222394
vertex 0.027158 -0.081005 0.223630
vertex 0.034495 -0.081003 0.222391
endloop
endfacet
facet normal 0.166348 -0.045841 0.985001
outer loop
vertex 0.034495 -0.081003 0.222391
vertex 0.027158 -0.081005 0.223630
vertex 0.025779 -0.086396 0.223612
endloop
endfacet
facet normal 0.166396 -0.045917 0.984989
outer loop
vertex 0.034495 -0.081003 0.222391
vertex 0.025779 -0.086396 0.223612
vertex 0.033062 -0.086389 0.222382
endloop
endfacet
facet normal 0.166194 -0.068836 0.983688
outer loop
vertex 0.033062 -0.086389 0.222382
vertex 0.025779 -0.086396 0.223612
vertex 0.023716 -0.091777 0.223584
endloop
endfacet
facet normal 0.166261 -0.068948 0.983668
outer loop
vertex 0.033062 -0.086389 0.222382
vertex 0.023716 -0.091777 0.223584
vertex 0.030917 -0.091761 0.222368
endloop
endfacet
facet normal 0.165944 -0.095868 0.981464
outer loop
vertex 0.030917 -0.091761 0.222368
vertex 0.023716 -0.091777 0.223584
vertex 0.021282 -0.096328 0.223551
endloop
endfacet
facet normal 0.165838 -0.095616 0.981507
outer loop
vertex 0.030917 -0.091761 0.222368
vertex 0.021282 -0.096328 0.223551
vertex 0.028387 -0.096303 0.222353
endloop
endfacet
facet normal -0.086575 0.017632 -0.996089
outer loop
vertex -0.039798 -0.096374 0.217438
vertex -0.058990 -0.096378 0.219106
vertex -0.057714 -0.091808 0.219076
endloop
endfacet
facet normal -0.086566 0.017670 -0.996089
outer loop
vertex -0.039798 -0.096374 0.217438
vertex -0.057714 -0.091808 0.219076
vertex -0.038244 -0.091805 0.217384
endloop
endfacet
facet normal -0.086569 0.012543 -0.996167
outer loop
vertex -0.038244 -0.091805 0.217384
vertex -0.057714 -0.091808 0.219076
vertex -0.056633 -0.086411 0.219050
endloop
endfacet
facet normal -0.086491 0.012818 -0.996170
outer loop
vertex -0.038244 -0.091805 0.217384
vertex -0.056633 -0.086411 0.219050
vertex -0.036926 -0.086409 0.217339
endloop
endfacet
facet normal -0.086493 0.008424 -0.996217
outer loop
vertex -0.036926 -0.086409 0.217339
vertex -0.056633 -0.086411 0.219050
vertex -0.055911 -0.081008 0.219033
endloop
endfacet
facet normal -0.086503 0.008393 -0.996216
outer loop
vertex -0.036926 -0.086409 0.217339
vertex -0.055911 -0.081008 0.219033
vertex -0.036045 -0.081008 0.217308
endloop
endfacet
facet normal -0.086506 0.003488 -0.996245
outer loop
vertex -0.036045 -0.081008 0.217308
vertex -0.055911 -0.081008 0.219033
vertex -0.055657 -0.076424 0.219027
endloop
endfacet
facet normal -0.086516 0.003442 -0.996244
outer loop
vertex -0.036045 -0.081008 0.217308
vertex -0.055657 -0.076424 0.219027
vertex -0.035736 -0.076424 0.217297
endloop
endfacet
facet normal -0.040236 0.001876 -0.999188
outer loop
vertex -0.019559 -0.096365 0.216623
vertex -0.039798 -0.096374 0.217438
vertex -0.038244 -0.091805 0.217384
endloop
endfacet
facet normal -0.040195 0.002045 -0.999190
outer loop
vertex -0.019559 -0.096365 0.216623
vertex -0.038244 -0.091805 0.217384
vertex -0.017711 -0.091800 0.216558
endloop
endfacet
facet normal -0.040198 0.001485 -0.999191
outer loop
vertex -0.017711 -0.091800 0.216558
vertex -0.038244 -0.091805 0.217384
vertex -0.036926 -0.086409 0.217339
endloop
endfacet
facet normal -0.040242 0.001318 -0.999189
outer loop
vertex -0.017711 -0.091800 0.216558
vertex -0.036926 -0.086409 0.217339
vertex -0.016144 -0.086407 0.216502
endloop
endfacet
facet normal -0.040243 0.000830 -0.999190
outer loop
vertex -0.016144 -0.086407 0.216502
vertex -0.036926 -0.086409 0.217339
vertex -0.036045 -0.081008 0.217308
endloop
endfacet
facet normal -0.040209 0.000950 -0.999191
outer loop
vertex -0.016144 -0.086407 0.216502
vertex -0.036045 -0.081008 0.217308
vertex -0.015097 -0.081007 0.216465
endloop
endfacet
facet normal -0.040210 0.000313 -0.999191
outer loop
vertex -0.015097 -0.081007 0.216465
vertex -0.036045 -0.081008 0.217308
vertex -0.035736 -0.076424 0.217297
endloop
endfacet
facet normal -0.040194 0.000386 -0.999192
outer loop
vertex -0.015097 -0.081007 0.216465
vertex -0.035736 -0.076424 0.217297
vertex -0.014730 -0.076424 0.216452
endloop
endfacet
facet normal -0.004755 -0.012313 -0.999913
outer loop
vertex 0.000601 -0.096352 0.216527
vertex -0.019559 -0.096365 0.216623
vertex -0.017711 -0.091800 0.216558
endloop
endfacet
facet normal -0.004785 -0.012443 -0.999911
outer loop
vertex 0.000601 -0.096352 0.216527
vertex -0.017711 -0.091800 0.216558
vertex 0.002740 -0.091791 0.216460
endloop
endfacet
facet normal -0.004788 -0.008992 -0.999948
outer loop
vertex 0.002740 -0.091791 0.216460
vertex -0.017711 -0.091800 0.216558
vertex -0.016144 -0.086407 0.216502
endloop
endfacet
facet normal -0.004731 -0.008800 -0.999950
outer loop
vertex 0.002740 -0.091791 0.216460
vertex -0.016144 -0.086407 0.216502
vertex 0.004553 -0.086403 0.216404
endloop
endfacet
facet normal -0.004733 -0.005934 -0.999971
outer loop
vertex 0.004553 -0.086403 0.216404
vertex -0.016144 -0.086407 0.216502
vertex -0.015097 -0.081007 0.216465
endloop
endfacet
facet normal -0.004746 -0.005978 -0.999971
outer loop
vertex 0.004553 -0.086403 0.216404
vertex -0.015097 -0.081007 0.216465
vertex 0.005764 -0.081006 0.216366
endloop
endfacet
facet normal -0.004746 -0.002455 -0.999986
outer loop
vertex 0.005764 -0.081006 0.216366
vertex -0.015097 -0.081007 0.216465
vertex -0.014730 -0.076424 0.216452
endloop
endfacet
facet normal -0.004780 -0.002609 -0.999985
outer loop
vertex 0.005764 -0.081006 0.216366
vertex -0.014730 -0.076424 0.216452
vertex 0.006190 -0.076424 0.216352
endloop
endfacet
facet normal 0.054591 -0.040256 -0.997697
outer loop
vertex 0.014633 -0.096333 0.217294
vertex 0.000601 -0.096352 0.216527
vertex 0.002740 -0.091791 0.216460
endloop
endfacet
facet normal 0.054571 -0.040295 -0.997697
outer loop
vertex 0.014633 -0.096333 0.217294
vertex 0.002740 -0.091791 0.216460
vertex 0.016971 -0.091780 0.217238
endloop
endfacet
facet normal 0.054589 -0.028741 -0.998095
outer loop
vertex 0.016971 -0.091780 0.217238
vertex 0.002740 -0.091791 0.216460
vertex 0.004553 -0.086403 0.216404
endloop
endfacet
facet normal 0.054554 -0.028812 -0.998095
outer loop
vertex 0.016971 -0.091780 0.217238
vertex 0.004553 -0.086403 0.216404
vertex 0.018954 -0.086397 0.217191
endloop
endfacet
facet normal 0.054561 -0.019275 -0.998324
outer loop
vertex 0.018954 -0.086397 0.217191
vertex 0.004553 -0.086403 0.216404
vertex 0.005764 -0.081006 0.216366
endloop
endfacet
facet normal 0.054550 -0.019318 -0.998324
outer loop
vertex 0.018954 -0.086397 0.217191
vertex 0.005764 -0.081006 0.216366
vertex 0.020278 -0.081005 0.217159
endloop
endfacet
facet normal 0.054558 -0.008121 -0.998477
outer loop
vertex 0.020278 -0.081005 0.217159
vertex 0.005764 -0.081006 0.216366
vertex 0.006190 -0.076424 0.216352
endloop
endfacet
facet normal 0.054612 -0.007941 -0.998476
outer loop
vertex 0.020278 -0.081005 0.217159
vertex 0.006190 -0.076424 0.216352
vertex 0.020743 -0.076424 0.217148
endloop
endfacet
facet normal -0.025784 0.000375 0.999667
outer loop
vertex -0.018447 -0.076424 0.224081
vertex -0.039112 -0.076424 0.223548
vertex -0.039411 -0.081008 0.223542
endloop
endfacet
facet normal -0.025758 0.000261 0.999668
outer loop
vertex -0.018447 -0.076424 0.224081
vertex -0.039411 -0.081008 0.223542
vertex -0.018804 -0.081007 0.224073
endloop
endfacet
facet normal -0.025758 0.000741 0.999668
outer loop
vertex -0.018804 -0.081007 0.224073
vertex -0.039411 -0.081008 0.223542
vertex -0.040265 -0.086409 0.223524
endloop
endfacet
facet normal -0.025771 0.000782 0.999668
outer loop
vertex -0.018804 -0.081007 0.224073
vertex -0.040265 -0.086409 0.223524
vertex -0.019821 -0.086406 0.224051
endloop
endfacet
facet normal -0.025769 0.001096 0.999667
outer loop
vertex -0.019821 -0.086406 0.224051
vertex -0.040265 -0.086409 0.223524
vertex -0.041542 -0.091804 0.223497
endloop
endfacet
facet normal -0.025784 0.001159 0.999667
outer loop
vertex -0.019821 -0.086406 0.224051
vertex -0.041542 -0.091804 0.223497
vertex -0.021343 -0.091798 0.224018
endloop
endfacet
facet normal -0.025785 0.001502 0.999666
outer loop
vertex -0.021343 -0.091798 0.224018
vertex -0.041542 -0.091804 0.223497
vertex -0.043049 -0.096372 0.223465
endloop
endfacet
facet normal -0.025806 0.001614 0.999666
outer loop
vertex -0.021343 -0.091798 0.224018
vertex -0.043049 -0.096372 0.223465
vertex -0.023139 -0.096363 0.223979
endloop
endfacet
facet normal -0.051006 0.001920 0.998696
outer loop
vertex -0.039112 -0.076424 0.223548
vertex -0.056498 -0.076424 0.222660
vertex -0.056749 -0.081008 0.222656
endloop
endfacet
facet normal -0.051035 0.002024 0.998695
outer loop
vertex -0.039112 -0.076424 0.223548
vertex -0.056749 -0.081008 0.222656
vertex -0.039411 -0.081008 0.223542
endloop
endfacet
facet normal -0.051033 0.004731 0.998686
outer loop
vertex -0.039411 -0.081008 0.223542
vertex -0.056749 -0.081008 0.222656
vertex -0.057465 -0.086410 0.222645
endloop
endfacet
facet normal -0.051037 0.004742 0.998686
outer loop
vertex -0.039411 -0.081008 0.223542
vertex -0.057465 -0.086410 0.222645
vertex -0.040265 -0.086409 0.223524
endloop
endfacet
facet normal -0.051037 0.007167 0.998671
outer loop
vertex -0.040265 -0.086409 0.223524
vertex -0.057465 -0.086410 0.222645
vertex -0.058536 -0.091807 0.222629
endloop
endfacet
facet normal -0.051012 0.007076 0.998673
outer loop
vertex -0.040265 -0.086409 0.223524
vertex -0.058536 -0.091807 0.222629
vertex -0.041542 -0.091804 0.223497
endloop
endfacet
facet normal -0.051011 0.009725 0.998651
outer loop
vertex -0.041542 -0.091804 0.223497
vertex -0.058536 -0.091807 0.222629
vertex -0.059799 -0.096378 0.222609
endloop
endfacet
facet normal -0.051039 0.009840 0.998648
outer loop
vertex -0.041542 -0.091804 0.223497
vertex -0.059799 -0.096378 0.222609
vertex -0.043049 -0.096372 0.223465
endloop
endfacet
facet normal -0.085570 0.019286 0.996145
outer loop
vertex -0.075748 -0.096380 0.221239
vertex -0.059799 -0.096378 0.222609
vertex -0.058536 -0.091807 0.222629
endloop
endfacet
facet normal -0.085573 0.019302 0.996145
outer loop
vertex -0.075748 -0.096380 0.221239
vertex -0.058536 -0.091807 0.222629
vertex -0.074717 -0.091809 0.221239
endloop
endfacet
facet normal -0.085581 0.014029 0.996232
outer loop
vertex -0.074717 -0.091809 0.221239
vertex -0.058536 -0.091807 0.222629
vertex -0.057465 -0.086410 0.222645
endloop
endfacet
facet normal -0.085524 0.013848 0.996240
outer loop
vertex -0.074717 -0.091809 0.221239
vertex -0.057465 -0.086410 0.222645
vertex -0.073843 -0.086411 0.221239
endloop
endfacet
facet normal -0.085529 0.009308 0.996292
outer loop
vertex -0.073843 -0.086411 0.221239
vertex -0.057465 -0.086410 0.222645
vertex -0.056749 -0.081008 0.222656
endloop
endfacet
facet normal -0.085510 0.009244 0.996294
outer loop
vertex -0.073843 -0.086411 0.221239
vertex -0.056749 -0.081008 0.222656
vertex -0.073259 -0.081009 0.221239
endloop
endfacet
facet normal -0.085512 0.003811 0.996330
outer loop
vertex -0.073259 -0.081009 0.221239
vertex -0.056749 -0.081008 0.222656
vertex -0.056498 -0.076424 0.222660
endloop
endfacet
facet normal -0.085515 0.003824 0.996330
outer loop
vertex -0.073259 -0.081009 0.221239
vertex -0.056498 -0.076424 0.222660
vertex -0.073054 -0.076424 0.221239
endloop
endfacet
facet normal -0.126130 0.005690 -0.991997
outer loop
vertex -0.073054 -0.076424 0.221239
vertex -0.055657 -0.076424 0.219027
vertex -0.055911 -0.081008 0.219033
endloop
endfacet
facet normal -0.126146 0.005640 -0.991996
outer loop
vertex -0.073054 -0.076424 0.221239
vertex -0.055911 -0.081008 0.219033
vertex -0.073259 -0.081009 0.221239
endloop
endfacet
facet normal -0.126138 0.013734 -0.991918
outer loop
vertex -0.073259 -0.081009 0.221239
vertex -0.055911 -0.081008 0.219033
vertex -0.056633 -0.086411 0.219050
endloop
endfacet
facet normal -0.126163 0.013639 -0.991916
outer loop
vertex -0.073259 -0.081009 0.221239
vertex -0.056633 -0.086411 0.219050
vertex -0.073843 -0.086411 0.221239
endloop
endfacet
facet normal -0.126151 0.020492 -0.991799
outer loop
vertex -0.073843 -0.086411 0.221239
vertex -0.056633 -0.086411 0.219050
vertex -0.057714 -0.091808 0.219076
endloop
endfacet
facet normal -0.126172 0.020429 -0.991798
outer loop
vertex -0.073843 -0.086411 0.221239
vertex -0.057714 -0.091808 0.219076
vertex -0.074717 -0.091809 0.221239
endloop
endfacet
facet normal -0.126145 0.028710 -0.991596
outer loop
vertex -0.074717 -0.091809 0.221239
vertex -0.057714 -0.091808 0.219076
vertex -0.058990 -0.096378 0.219106
endloop
endfacet
facet normal -0.126218 0.028469 -0.991594
outer loop
vertex -0.074717 -0.091809 0.221239
vertex -0.058990 -0.096378 0.219106
vertex -0.075748 -0.096380 0.221239
endloop
endfacet
facet normal 0.344664 -0.194027 -0.918455
outer loop
vertex 0.030268 -0.096296 0.221239
vertex 0.025004 -0.096312 0.219267
vertex 0.027488 -0.091767 0.219239
endloop
endfacet
facet normal 0.344611 -0.194061 -0.918468
outer loop
vertex 0.030268 -0.096296 0.221239
vertex 0.027488 -0.091767 0.219239
vertex 0.032824 -0.091757 0.221239
endloop
endfacet
facet normal 0.347733 -0.140292 -0.927038
outer loop
vertex 0.032824 -0.091757 0.221239
vertex 0.027488 -0.091767 0.219239
vertex 0.029593 -0.086391 0.219215
endloop
endfacet
facet normal 0.347781 -0.140254 -0.927026
outer loop
vertex 0.032824 -0.091757 0.221239
vertex 0.029593 -0.086391 0.219215
vertex 0.034990 -0.086386 0.221239
endloop
endfacet
facet normal 0.349661 -0.094014 -0.932148
outer loop
vertex 0.034990 -0.086386 0.221239
vertex 0.029593 -0.086391 0.219215
vertex 0.030999 -0.081003 0.219199
endloop
endfacet
facet normal 0.349640 -0.094033 -0.932153
outer loop
vertex 0.034990 -0.086386 0.221239
vertex 0.030999 -0.081003 0.219199
vertex 0.036438 -0.081002 0.221239
endloop
endfacet
facet normal 0.350922 -0.038882 -0.935597
outer loop
vertex 0.036438 -0.081002 0.221239
vertex 0.030999 -0.081003 0.219199
vertex 0.031493 -0.076424 0.219194
endloop
endfacet
facet normal 0.350881 -0.038935 -0.935610
outer loop
vertex 0.036438 -0.081002 0.221239
vertex 0.031493 -0.076424 0.219194
vertex 0.036946 -0.076424 0.221239
endloop
endfacet
facet normal 0.509384 -0.056631 0.858674
outer loop
vertex 0.036946 -0.076424 0.221239
vertex 0.034999 -0.076424 0.222394
vertex 0.034495 -0.081003 0.222391
endloop
endfacet
facet normal 0.509195 -0.056503 0.858794
outer loop
vertex 0.036946 -0.076424 0.221239
vertex 0.034495 -0.081003 0.222391
vertex 0.036438 -0.081002 0.221239
endloop
endfacet
facet normal 0.505309 -0.135870 0.852175
outer loop
vertex 0.036438 -0.081002 0.221239
vertex 0.034495 -0.081003 0.222391
vertex 0.033062 -0.086389 0.222382
endloop
endfacet
facet normal 0.505374 -0.135920 0.852129
outer loop
vertex 0.036438 -0.081002 0.221239
vertex 0.033062 -0.086389 0.222382
vertex 0.034990 -0.086386 0.221239
endloop
endfacet
facet normal 0.499722 -0.201722 0.842370
outer loop
vertex 0.034990 -0.086386 0.221239
vertex 0.033062 -0.086389 0.222382
vertex 0.030917 -0.091761 0.222368
endloop
endfacet
facet normal 0.499320 -0.201365 0.842693
outer loop
vertex 0.034990 -0.086386 0.221239
vertex 0.030917 -0.091761 0.222368
vertex 0.032824 -0.091757 0.221239
endloop
endfacet
facet normal 0.490115 -0.275744 0.826893
outer loop
vertex 0.032824 -0.091757 0.221239
vertex 0.030917 -0.091761 0.222368
vertex 0.028387 -0.096303 0.222353
endloop
endfacet
facet normal 0.490521 -0.276215 0.826496
outer loop
vertex 0.032824 -0.091757 0.221239
vertex 0.028387 -0.096303 0.222353
vertex 0.030268 -0.096296 0.221239
endloop
endfacet
facet normal 0.354362 -0.239214 -0.903994
outer loop
vertex -0.077383 -0.255432 0.221239
vertex -0.079420 -0.255430 0.220440
vertex 0.025004 -0.096312 0.219267
endloop
endfacet
facet normal 0.341917 -0.231297 -0.910821
outer loop
vertex -0.077383 -0.255432 0.221239
vertex 0.025004 -0.096312 0.219267
vertex 0.030268 -0.096296 0.221239
endloop
endfacet
facet normal 0.185284 -0.292634 -0.938102
outer loop
vertex -0.083467 -0.255428 0.219640
vertex -0.079420 -0.255430 0.220440
vertex -0.079892 -0.256370 0.220640
endloop
endfacet
facet normal 0.181868 -0.302923 -0.935501
outer loop
vertex -0.083467 -0.255428 0.219640
vertex -0.079892 -0.256370 0.220640
vertex -0.083924 -0.256354 0.219851
endloop
endfacet
facet normal 0.166704 -0.479434 -0.861599
outer loop
vertex -0.083924 -0.256354 0.219851
vertex -0.079892 -0.256370 0.220640
vertex -0.080418 -0.257234 0.221019
endloop
endfacet
facet normal 0.141358 -0.538966 -0.830382
outer loop
vertex -0.083924 -0.256354 0.219851
vertex -0.080418 -0.257234 0.221019
vertex -0.084416 -0.257181 0.220304
endloop
endfacet
facet normal -0.007707 -0.145241 0.989366
outer loop
vertex -0.089219 -0.255426 0.222420
vertex -0.098222 -0.255425 0.222350
vertex -0.098318 -0.256360 0.222212
endloop
endfacet
facet normal -0.007612 -0.146179 0.989229
outer loop
vertex -0.089219 -0.255426 0.222420
vertex -0.098318 -0.256360 0.222212
vertex -0.089478 -0.256360 0.222280
endloop
endfacet
facet normal -0.007171 -0.360830 0.932604
outer loop
vertex -0.089478 -0.256360 0.222280
vertex -0.098318 -0.256360 0.222212
vertex -0.098406 -0.257206 0.221884
endloop
endfacet
facet normal -0.008453 -0.349412 0.936931
outer loop
vertex -0.089478 -0.256360 0.222280
vertex -0.098406 -0.257206 0.221884
vertex -0.089727 -0.257204 0.221963
endloop
endfacet
facet normal 0.028698 -0.155970 0.987345
outer loop
vertex -0.080869 -0.255428 0.222177
vertex -0.089219 -0.255426 0.222420
vertex -0.089478 -0.256360 0.222280
endloop
endfacet
facet normal 0.028490 -0.154010 0.987659
outer loop
vertex -0.080869 -0.255428 0.222177
vertex -0.089478 -0.256360 0.222280
vertex -0.081736 -0.256358 0.222057
endloop
endfacet
facet normal 0.026973 -0.358440 0.933163
outer loop
vertex -0.081736 -0.256358 0.222057
vertex -0.089478 -0.256360 0.222280
vertex -0.089727 -0.257204 0.221963
endloop
endfacet
facet normal 0.025545 -0.345525 0.938062
outer loop
vertex -0.081736 -0.256358 0.222057
vertex -0.089727 -0.257204 0.221963
vertex -0.082923 -0.257195 0.221781
endloop
endfacet
facet normal 0.165883 -0.276784 0.946506
outer loop
vertex -0.078101 -0.255431 0.221691
vertex -0.080869 -0.255428 0.222177
vertex -0.081736 -0.256358 0.222057
endloop
endfacet
facet normal 0.155381 -0.229950 0.960718
outer loop
vertex -0.078101 -0.255431 0.221691
vertex -0.081736 -0.256358 0.222057
vertex -0.079027 -0.256370 0.221616
endloop
endfacet
facet normal 0.138709 -0.481966 0.865141
outer loop
vertex -0.079027 -0.256370 0.221616
vertex -0.081736 -0.256358 0.222057
vertex -0.082923 -0.257195 0.221781
endloop
endfacet
facet normal 0.125514 -0.412250 0.902384
outer loop
vertex -0.079027 -0.256370 0.221616
vertex -0.082923 -0.257195 0.221781
vertex -0.080053 -0.257234 0.221364
endloop
endfacet
facet normal -0.087713 -0.212247 -0.973272
outer loop
vertex -0.112232 -0.255423 0.220374
vertex -0.104731 -0.255423 0.219698
vertex -0.105100 -0.256339 0.219931
endloop
endfacet
facet normal -0.087536 -0.210722 -0.973619
outer loop
vertex -0.112232 -0.255423 0.220374
vertex -0.105100 -0.256339 0.219931
vertex -0.112484 -0.256344 0.220596
endloop
endfacet
facet normal -0.075230 -0.538449 -0.839293
outer loop
vertex -0.112484 -0.256344 0.220596
vertex -0.105100 -0.256339 0.219931
vertex -0.105454 -0.257136 0.220474
endloop
endfacet
facet normal -0.074836 -0.534606 -0.841781
outer loop
vertex -0.112484 -0.256344 0.220596
vertex -0.105454 -0.257136 0.220474
vertex -0.112704 -0.257154 0.221130
endloop
endfacet
facet normal -0.040708 -0.218082 -0.975081
outer loop
vertex -0.104731 -0.255423 0.219698
vertex -0.096822 -0.255424 0.219368
vertex -0.097200 -0.256346 0.219590
endloop
endfacet
facet normal -0.042170 -0.230313 -0.972203
outer loop
vertex -0.104731 -0.255423 0.219698
vertex -0.097200 -0.256346 0.219590
vertex -0.105100 -0.256339 0.219931
endloop
endfacet
facet normal -0.037204 -0.523624 -0.851137
outer loop
vertex -0.105100 -0.256339 0.219931
vertex -0.097200 -0.256346 0.219590
vertex -0.097577 -0.257158 0.220106
endloop
endfacet
facet normal -0.040499 -0.550223 -0.834035
outer loop
vertex -0.105100 -0.256339 0.219931
vertex -0.097577 -0.257158 0.220106
vertex -0.105454 -0.257136 0.220474
endloop
endfacet
facet normal -0.004881 -0.228107 -0.973624
outer loop
vertex -0.096822 -0.255424 0.219368
vertex -0.088945 -0.255426 0.219329
vertex -0.089246 -0.256350 0.219547
endloop
endfacet
facet normal -0.005373 -0.232002 -0.972700
outer loop
vertex -0.096822 -0.255424 0.219368
vertex -0.089246 -0.256350 0.219547
vertex -0.097200 -0.256346 0.219590
endloop
endfacet
facet normal -0.004903 -0.511883 -0.859041
outer loop
vertex -0.097200 -0.256346 0.219590
vertex -0.089246 -0.256350 0.219547
vertex -0.089557 -0.257171 0.220038
endloop
endfacet
facet normal -0.008038 -0.533681 -0.845648
outer loop
vertex -0.097200 -0.256346 0.219590
vertex -0.089557 -0.257171 0.220038
vertex -0.097577 -0.257158 0.220106
endloop
endfacet
facet normal 0.054829 -0.247475 -0.967342
outer loop
vertex -0.088945 -0.255426 0.219329
vertex -0.083467 -0.255428 0.219640
vertex -0.083924 -0.256354 0.219851
endloop
endfacet
facet normal 0.055096 -0.246254 -0.967638
outer loop
vertex -0.088945 -0.255426 0.219329
vertex -0.083924 -0.256354 0.219851
vertex -0.089246 -0.256350 0.219547
endloop
endfacet
facet normal 0.048945 -0.502090 -0.863429
outer loop
vertex -0.089246 -0.256350 0.219547
vertex -0.083924 -0.256354 0.219851
vertex -0.084416 -0.257181 0.220304
endloop
endfacet
facet normal 0.042970 -0.524733 -0.850181
outer loop
vertex -0.089246 -0.256350 0.219547
vertex -0.084416 -0.257181 0.220304
vertex -0.089557 -0.257171 0.220038
endloop
endfacet
facet normal -0.026470 -0.148588 0.988545
outer loop
vertex -0.098222 -0.255425 0.222350
vertex -0.106002 -0.255423 0.222142
vertex -0.106036 -0.256355 0.222001
endloop
endfacet
facet normal -0.027139 -0.143230 0.989317
outer loop
vertex -0.098222 -0.255425 0.222350
vertex -0.106036 -0.256355 0.222001
vertex -0.098318 -0.256360 0.222212
endloop
endfacet
facet normal -0.025485 -0.383948 0.923003
outer loop
vertex -0.098318 -0.256360 0.222212
vertex -0.106036 -0.256355 0.222001
vertex -0.106060 -0.257190 0.221653
endloop
endfacet
facet normal -0.028908 -0.358763 0.932981
outer loop
vertex -0.098318 -0.256360 0.222212
vertex -0.106060 -0.257190 0.221653
vertex -0.098406 -0.257206 0.221884
endloop
endfacet
facet normal -0.052363 -0.146082 0.987886
outer loop
vertex -0.106002 -0.255423 0.222142
vertex -0.112549 -0.255423 0.221795
vertex -0.112655 -0.256352 0.221652
endloop
endfacet
facet normal -0.052143 -0.147519 0.987684
outer loop
vertex -0.106002 -0.255423 0.222142
vertex -0.112655 -0.256352 0.221652
vertex -0.106036 -0.256355 0.222001
endloop
endfacet
facet normal -0.048596 -0.392987 0.918259
outer loop
vertex -0.106036 -0.256355 0.222001
vertex -0.112655 -0.256352 0.221652
vertex -0.112740 -0.257178 0.221294
endloop
endfacet
facet normal -0.050255 -0.382959 0.922397
outer loop
vertex -0.106036 -0.256355 0.222001
vertex -0.112740 -0.257178 0.221294
vertex -0.106060 -0.257190 0.221653
endloop
endfacet
facet normal -0.087987 -0.137828 0.986540
outer loop
vertex -0.112549 -0.255423 0.221795
vertex -0.118783 -0.255423 0.221239
vertex -0.117334 -0.256348 0.221239
endloop
endfacet
facet normal -0.087159 -0.141840 0.986045
outer loop
vertex -0.112549 -0.255423 0.221795
vertex -0.117334 -0.256348 0.221239
vertex -0.112655 -0.256352 0.221652
endloop
endfacet
facet normal -0.081403 -0.386878 0.918531
outer loop
vertex -0.112655 -0.256352 0.221652
vertex -0.117334 -0.256348 0.221239
vertex -0.113451 -0.257165 0.221239
endloop
endfacet
facet normal -0.078115 -0.389676 0.917633
outer loop
vertex -0.112655 -0.256352 0.221652
vertex -0.113451 -0.257165 0.221239
vertex -0.112740 -0.257178 0.221294
endloop
endfacet
facet normal -0.128280 -0.199076 -0.971552
outer loop
vertex -0.118783 -0.255423 0.221239
vertex -0.112232 -0.255423 0.220374
vertex -0.112484 -0.256344 0.220596
endloop
endfacet
facet normal -0.128581 -0.201415 -0.971030
outer loop
vertex -0.118783 -0.255423 0.221239
vertex -0.112484 -0.256344 0.220596
vertex -0.117334 -0.256348 0.221239
endloop
endfacet
facet normal -0.111365 -0.525718 -0.843338
outer loop
vertex -0.117334 -0.256348 0.221239
vertex -0.112484 -0.256344 0.220596
vertex -0.112704 -0.257154 0.221130
endloop
endfacet
facet normal -0.113692 -0.540279 -0.833771
outer loop
vertex -0.117334 -0.256348 0.221239
vertex -0.112704 -0.257154 0.221130
vertex -0.113451 -0.257165 0.221239
endloop
endfacet
facet normal 0.340013 -0.362503 -0.867745
outer loop
vertex -0.079420 -0.255430 0.220440
vertex -0.077383 -0.255432 0.221239
vertex -0.078382 -0.256369 0.221239
endloop
endfacet
facet normal 0.344546 -0.357685 -0.867957
outer loop
vertex -0.079420 -0.255430 0.220440
vertex -0.078382 -0.256369 0.221239
vertex -0.079892 -0.256370 0.220640
endloop
endfacet
facet normal 0.312697 -0.531290 -0.787370
outer loop
vertex -0.079892 -0.256370 0.220640
vertex -0.078382 -0.256369 0.221239
vertex -0.079845 -0.257230 0.221239
endloop
endfacet
facet normal 0.306577 -0.532679 -0.788837
outer loop
vertex -0.079892 -0.256370 0.220640
vertex -0.079845 -0.257230 0.221239
vertex -0.080418 -0.257234 0.221019
endloop
endfacet
facet normal 0.457836 -0.509692 0.728423
outer loop
vertex -0.077383 -0.255432 0.221239
vertex -0.078101 -0.255431 0.221691
vertex -0.079027 -0.256370 0.221616
endloop
endfacet
facet normal 0.444808 -0.474233 0.759769
outer loop
vertex -0.077383 -0.255432 0.221239
vertex -0.079027 -0.256370 0.221616
vertex -0.078382 -0.256369 0.221239
endloop
endfacet
facet normal 0.384860 -0.648592 0.656667
outer loop
vertex -0.078382 -0.256369 0.221239
vertex -0.079027 -0.256370 0.221616
vertex -0.080053 -0.257234 0.221364
endloop
endfacet
facet normal 0.392774 -0.667460 0.632634
outer loop
vertex -0.078382 -0.256369 0.221239
vertex -0.080053 -0.257234 0.221364
vertex -0.079845 -0.257230 0.221239
endloop
endfacet
facet normal 0.282443 -0.629077 -0.724216
outer loop
vertex -0.080551 -0.257547 0.221239
vertex -0.080418 -0.257234 0.221019
vertex -0.079845 -0.257230 0.221239
endloop
endfacet
facet normal -0.042970 0.721018 -0.691582
outer loop
vertex -0.105454 0.257136 0.220474
vertex -0.105769 0.257851 0.221239
vertex -0.098000 0.258314 0.221239
endloop
endfacet
facet normal -0.035588 0.692852 -0.720201
outer loop
vertex -0.105454 0.257136 0.220474
vertex -0.098000 0.258314 0.221239
vertex -0.097577 0.257158 0.220106
endloop
endfacet
facet normal 0.019866 0.478289 0.877978
outer loop
vertex -0.082923 0.257195 0.221781
vertex -0.084899 0.258272 0.221239
vertex -0.089643 0.258469 0.221239
endloop
endfacet
facet normal 0.023887 0.495393 0.868340
outer loop
vertex -0.082923 0.257195 0.221781
vertex -0.089643 0.258469 0.221239
vertex -0.089727 0.257204 0.221963
endloop
endfacet
facet normal -0.085516 -0.000000 0.996337
outer loop
vertex -0.073054 0.076424 0.221239
vertex -0.073054 -0.000000 0.221239
vertex -0.056498 -0.000000 0.222660
endloop
endfacet
facet normal -0.085514 -0.000000 0.996337
outer loop
vertex -0.073054 0.076424 0.221239
vertex -0.056498 -0.000000 0.222660
vertex -0.056498 0.076424 0.222660
endloop
endfacet
facet normal -0.074117 0.561030 0.824471
outer loop
vertex -0.112740 0.257178 0.221294
vertex -0.112724 0.257261 0.221239
vertex -0.113451 0.257165 0.221239
endloop
endfacet
facet normal 0.037547 0.659801 -0.750502
outer loop
vertex -0.084899 0.258272 0.221239
vertex -0.084416 0.257181 0.220304
vertex -0.089557 0.257171 0.220038
endloop
endfacet
facet normal 0.028228 0.679884 -0.732776
outer loop
vertex -0.084899 0.258272 0.221239
vertex -0.089557 0.257171 0.220038
vertex -0.089643 0.258469 0.221239
endloop
endfacet
facet normal -0.086571 -0.021039 -0.996023
outer loop
vertex -0.039798 0.096374 0.217438
vertex -0.058990 0.096378 0.219106
vertex -0.112232 0.255423 0.220374
endloop
endfacet
facet normal -0.089737 -0.022486 -0.995712
outer loop
vertex -0.039798 0.096374 0.217438
vertex -0.112232 0.255423 0.220374
vertex -0.104731 0.255423 0.219698
endloop
endfacet
facet normal 0.107380 0.597067 0.794972
outer loop
vertex -0.084899 0.258272 0.221239
vertex -0.082923 0.257195 0.221781
vertex -0.080053 0.257234 0.221364
endloop
endfacet
facet normal 0.079385 0.476162 0.875767
outer loop
vertex -0.084899 0.258272 0.221239
vertex -0.080053 0.257234 0.221364
vertex -0.080551 0.257547 0.221239
endloop
endfacet
facet normal 0.351141 0.000000 -0.936322
outer loop
vertex 0.036946 0.076424 0.221239
vertex 0.036946 -0.000000 0.221239
vertex 0.031493 -0.000000 0.219194
endloop
endfacet
facet normal 0.351142 0.000000 -0.936322
outer loop
vertex 0.036946 0.076424 0.221239
vertex 0.031493 -0.000000 0.219194
vertex 0.031493 0.076424 0.219194
endloop
endfacet
facet normal -0.009217 0.497178 0.867599
outer loop
vertex -0.089727 0.257204 0.221963
vertex -0.089643 0.258469 0.221239
vertex -0.098000 0.258314 0.221239
endloop
endfacet
facet normal -0.007741 0.505201 0.862967
outer loop
vertex -0.089727 0.257204 0.221963
vertex -0.098000 0.258314 0.221239
vertex -0.098406 0.257206 0.221884
endloop
endfacet
facet normal -0.026534 0.538974 0.841904
outer loop
vertex -0.105769 0.257851 0.221239
vertex -0.106060 0.257190 0.221653
vertex -0.098406 0.257206 0.221884
endloop
endfacet
facet normal -0.030466 0.511159 0.858946
outer loop
vertex -0.105769 0.257851 0.221239
vertex -0.098406 0.257206 0.221884
vertex -0.098000 0.258314 0.221239
endloop
endfacet
facet normal -0.045528 0.557812 0.828718
outer loop
vertex -0.112724 0.257261 0.221239
vertex -0.112740 0.257178 0.221294
vertex -0.106060 0.257190 0.221653
endloop
endfacet
facet normal -0.046215 0.544762 0.837316
outer loop
vertex -0.112724 0.257261 0.221239
vertex -0.106060 0.257190 0.221653
vertex -0.105769 0.257851 0.221239
endloop
endfacet
facet normal -0.085564 -0.023281 0.996061
outer loop
vertex -0.075748 0.096380 0.221239
vertex -0.059799 0.096378 0.222609
vertex -0.112549 0.255423 0.221795
endloop
endfacet
facet normal -0.088813 -0.024031 0.995758
outer loop
vertex -0.075748 0.096380 0.221239
vertex -0.112549 0.255423 0.221795
vertex -0.118783 0.255423 0.221239
endloop
endfacet
facet normal -0.092723 0.702031 -0.706084
outer loop
vertex -0.113451 0.257165 0.221239
vertex -0.112724 0.257261 0.221239
vertex -0.112704 0.257154 0.221130
endloop
endfacet
facet normal -0.086516 0.000000 -0.996251
outer loop
vertex -0.055657 0.076424 0.219027
vertex -0.035736 0.076424 0.217297
vertex -0.035736 -0.000000 0.217297
endloop
endfacet
facet normal -0.086518 0.000000 -0.996250
outer loop
vertex -0.055657 0.076424 0.219027
vertex -0.035736 -0.000000 0.217297
vertex -0.055657 -0.000000 0.219027
endloop
endfacet
facet normal -0.040194 0.000000 -0.999192
outer loop
vertex -0.035736 0.076424 0.217297
vertex -0.014730 0.076424 0.216452
vertex -0.014730 -0.000000 0.216452
endloop
endfacet
facet normal -0.040197 0.000000 -0.999192
outer loop
vertex -0.035736 0.076424 0.217297
vertex -0.014730 -0.000000 0.216452
vertex -0.035736 -0.000000 0.217297
endloop
endfacet
facet normal -0.004781 0.000000 -0.999989
outer loop
vertex -0.014730 0.076424 0.216452
vertex 0.006190 0.076424 0.216352
vertex 0.006190 -0.000000 0.216352
endloop
endfacet
facet normal -0.004777 0.000000 -0.999989
outer loop
vertex -0.014730 0.076424 0.216452
vertex 0.006190 -0.000000 0.216352
vertex -0.014730 -0.000000 0.216452
endloop
endfacet
facet normal 0.054615 0.000000 -0.998507
outer loop
vertex 0.006190 0.076424 0.216352
vertex 0.020743 0.076424 0.217148
vertex 0.020743 -0.000000 0.217148
endloop
endfacet
facet normal 0.054615 0.000000 -0.998507
outer loop
vertex 0.006190 0.076424 0.216352
vertex 0.020743 -0.000000 0.217148
vertex 0.006190 -0.000000 0.216352
endloop
endfacet
facet normal 0.186971 0.000000 -0.982365
outer loop
vertex 0.020743 0.076424 0.217148
vertex 0.031493 0.076424 0.219194
vertex 0.031493 -0.000000 0.219194
endloop
endfacet
facet normal 0.186966 0.000000 -0.982366
outer loop
vertex 0.020743 0.076424 0.217148
vertex 0.031493 -0.000000 0.219194
vertex 0.020743 -0.000000 0.217148
endloop
endfacet
facet normal 0.510206 -0.000000 0.860052
outer loop
vertex 0.036946 0.076424 0.221239
vertex 0.034999 0.076424 0.222394
vertex 0.034999 -0.000000 0.222394
endloop
endfacet
facet normal 0.510190 -0.000000 0.860062
outer loop
vertex 0.036946 0.076424 0.221239
vertex 0.034999 -0.000000 0.222394
vertex 0.036946 -0.000000 0.221239
endloop
endfacet
facet normal 0.342959 0.764146 0.546315
outer loop
vertex -0.080053 0.257234 0.221364
vertex -0.079845 0.257230 0.221239
vertex -0.080551 0.257547 0.221239
endloop
endfacet
facet normal 0.166594 -0.000000 0.986026
outer loop
vertex 0.027642 0.076424 0.223637
vertex 0.027642 -0.000000 0.223637
vertex 0.034999 -0.000000 0.222394
endloop
endfacet
facet normal 0.166594 -0.000000 0.986026
outer loop
vertex 0.027642 0.076424 0.223637
vertex 0.034999 -0.000000 0.222394
vertex 0.034999 0.076424 0.222394
endloop
endfacet
facet normal 0.027987 -0.000000 0.999608
outer loop
vertex 0.005463 0.076424 0.224258
vertex 0.005463 -0.000000 0.224258
vertex 0.027642 -0.000000 0.223637
endloop
endfacet
facet normal 0.027991 -0.000000 0.999608
outer loop
vertex 0.005463 0.076424 0.224258
vertex 0.027642 -0.000000 0.223637
vertex 0.027642 0.076424 0.223637
endloop
endfacet
facet normal -0.007404 -0.000000 0.999973
outer loop
vertex -0.018447 0.076424 0.224081
vertex -0.018447 -0.000000 0.224081
vertex 0.005463 -0.000000 0.224258
endloop
endfacet
facet normal -0.007402 -0.000000 0.999973
outer loop
vertex -0.018447 0.076424 0.224081
vertex 0.005463 -0.000000 0.224258
vertex 0.005463 0.076424 0.224258
endloop
endfacet
facet normal -0.025785 -0.000000 0.999667
outer loop
vertex -0.039112 -0.000000 0.223548
vertex -0.018447 -0.000000 0.224081
vertex -0.018447 0.076424 0.224081
endloop
endfacet
facet normal -0.025783 -0.000000 0.999668
outer loop
vertex -0.039112 -0.000000 0.223548
vertex -0.018447 0.076424 0.224081
vertex -0.039112 0.076424 0.223548
endloop
endfacet
facet normal -0.051008 -0.000000 0.998698
outer loop
vertex -0.056498 -0.000000 0.222660
vertex -0.039112 -0.000000 0.223548
vertex -0.039112 0.076424 0.223548
endloop
endfacet
facet normal -0.051011 -0.000000 0.998698
outer loop
vertex -0.056498 -0.000000 0.222660
vertex -0.039112 0.076424 0.223548
vertex -0.056498 0.076424 0.222660
endloop
endfacet
facet normal -0.126133 0.000000 -0.992013
outer loop
vertex -0.073054 -0.000000 0.221239
vertex -0.073054 0.076424 0.221239
vertex -0.055657 0.076424 0.219027
endloop
endfacet
facet normal -0.126133 0.000000 -0.992013
outer loop
vertex -0.073054 -0.000000 0.221239
vertex -0.055657 0.076424 0.219027
vertex -0.055657 -0.000000 0.219027
endloop
endfacet
facet normal 0.500923 0.338549 0.796531
outer loop
vertex -0.077383 0.255432 0.221239
vertex -0.078101 0.255431 0.221691
vertex 0.028387 0.096303 0.222353
endloop
endfacet
facet normal 0.482563 0.326436 0.812756
outer loop
vertex -0.077383 0.255432 0.221239
vertex 0.028387 0.096303 0.222353
vertex 0.030268 0.096296 0.221239
endloop
endfacet
facet normal 0.165560 0.114867 0.979487
outer loop
vertex 0.021282 0.096328 0.223551
vertex 0.028387 0.096303 0.222353
vertex -0.078101 0.255431 0.221691
endloop
endfacet
facet normal 0.171584 0.118614 0.978003
outer loop
vertex 0.021282 0.096328 0.223551
vertex -0.078101 0.255431 0.221691
vertex -0.080869 0.255428 0.222177
endloop
endfacet
facet normal 0.054581 0.048292 -0.997341
outer loop
vertex 0.014633 0.096333 0.217294
vertex 0.000601 0.096352 0.216527
vertex -0.088945 0.255426 0.219329
endloop
endfacet
facet normal 0.056594 0.049601 -0.997164
outer loop
vertex 0.014633 0.096333 0.217294
vertex -0.088945 0.255426 0.219329
vertex -0.083467 0.255428 0.219640
endloop
endfacet
facet normal -0.004750 0.014948 -0.999877
outer loop
vertex 0.000601 0.096352 0.216527
vertex -0.019559 0.096365 0.216623
vertex -0.096822 0.255424 0.219368
endloop
endfacet
facet normal -0.004955 0.014824 -0.999878
outer loop
vertex 0.000601 0.096352 0.216527
vertex -0.096822 0.255424 0.219368
vertex -0.088945 0.255426 0.219329
endloop
endfacet
facet normal -0.025805 -0.001945 0.999665
outer loop
vertex -0.043049 0.096372 0.223465
vertex -0.023139 0.096363 0.223979
vertex -0.098222 0.255425 0.222350
endloop
endfacet
facet normal -0.026727 -0.002263 0.999640
outer loop
vertex -0.043049 0.096372 0.223465
vertex -0.098222 0.255425 0.222350
vertex -0.106002 0.255423 0.222142
endloop
endfacet
facet normal -0.051037 -0.011895 0.998626
outer loop
vertex -0.059799 0.096378 0.222609
vertex -0.043049 0.096372 0.223465
vertex -0.106002 0.255423 0.222142
endloop
endfacet
facet normal -0.052921 -0.012443 0.998521
outer loop
vertex -0.059799 0.096378 0.222609
vertex -0.106002 0.255423 0.222142
vertex -0.112549 0.255423 0.221795
endloop
endfacet
facet normal 0.112534 0.674852 -0.729322
outer loop
vertex -0.084416 0.257181 0.220304
vertex -0.084899 0.258272 0.221239
vertex -0.080551 0.257547 0.221239
endloop
endfacet
facet normal 0.132106 0.607041 -0.783613
outer loop
vertex -0.084416 0.257181 0.220304
vertex -0.080551 0.257547 0.221239
vertex -0.080418 0.257234 0.221019
endloop
endfacet
facet normal -0.040239 -0.002229 -0.999188
outer loop
vertex -0.019559 0.096365 0.216623
vertex -0.039798 0.096374 0.217438
vertex -0.104731 0.255423 0.219698
endloop
endfacet
facet normal -0.041685 -0.003007 -0.999126
outer loop
vertex -0.019559 0.096365 0.216623
vertex -0.104731 0.255423 0.219698
vertex -0.096822 0.255424 0.219368
endloop
endfacet
facet normal -0.007326 0.678880 -0.734213
outer loop
vertex -0.089643 0.258469 0.221239
vertex -0.089557 0.257171 0.220038
vertex -0.097577 0.257158 0.220106
endloop
endfacet
facet normal -0.012932 0.697496 -0.716472
outer loop
vertex -0.089643 0.258469 0.221239
vertex -0.097577 0.257158 0.220106
vertex -0.098000 0.258314 0.221239
endloop
endfacet
facet normal -0.007415 0.006719 0.999950
outer loop
vertex -0.023139 0.096363 0.223979
vertex -0.000097 0.096349 0.224150
vertex -0.089219 0.255426 0.222420
endloop
endfacet
facet normal -0.007779 0.006570 0.999948
outer loop
vertex -0.023139 0.096363 0.223979
vertex -0.089219 0.255426 0.222420
vertex -0.098222 0.255425 0.222350
endloop
endfacet
facet normal 0.028023 0.026622 0.999253
outer loop
vertex -0.000097 0.096349 0.224150
vertex 0.021282 0.096328 0.223551
vertex -0.080869 0.255428 0.222177
endloop
endfacet
facet normal 0.029069 0.027154 0.999209
outer loop
vertex -0.000097 0.096349 0.224150
vertex -0.080869 0.255428 0.222177
vertex -0.089219 0.255426 0.222420
endloop
endfacet
facet normal 0.185590 0.128799 -0.974149
outer loop
vertex 0.025004 0.096312 0.219267
vertex 0.014633 0.096333 0.217294
vertex -0.083467 0.255428 0.219640
endloop
endfacet
facet normal 0.192124 0.133257 -0.972281
outer loop
vertex 0.025004 0.096312 0.219267
vertex -0.083467 0.255428 0.219640
vertex -0.079420 0.255430 0.220440
endloop
endfacet
facet normal -0.059949 0.706600 -0.705069
outer loop
vertex -0.112704 0.257154 0.221130
vertex -0.112724 0.257261 0.221239
vertex -0.105769 0.257851 0.221239
endloop
endfacet
facet normal -0.061091 0.716539 -0.694867
outer loop
vertex -0.112704 0.257154 0.221130
vertex -0.105769 0.257851 0.221239
vertex -0.105454 0.257136 0.220474
endloop
endfacet
facet normal -0.126194 -0.034146 -0.991418
outer loop
vertex -0.058990 0.096378 0.219106
vertex -0.075748 0.096380 0.221239
vertex -0.118783 0.255423 0.221239
endloop
endfacet
facet normal -0.130814 -0.035894 -0.990757
outer loop
vertex -0.058990 0.096378 0.219106
vertex -0.118783 0.255423 0.221239
vertex -0.112232 0.255423 0.220374
endloop
endfacet
facet normal 0.185956 0.107646 -0.976643
outer loop
vertex 0.025004 0.096312 0.219267
vertex 0.027488 0.091767 0.219239
vertex 0.016971 0.091780 0.217238
endloop
endfacet
facet normal 0.186012 0.107533 -0.976645
outer loop
vertex 0.025004 0.096312 0.219267
vertex 0.016971 0.091780 0.217238
vertex 0.014633 0.096333 0.217294
endloop
endfacet
facet normal 0.186378 0.077347 -0.979429
outer loop
vertex 0.027488 0.091767 0.219239
vertex 0.029593 0.086391 0.219215
vertex 0.018954 0.086397 0.217191
endloop
endfacet
facet normal 0.186443 0.077234 -0.979425
outer loop
vertex 0.027488 0.091767 0.219239
vertex 0.018954 0.086397 0.217191
vertex 0.016971 0.091780 0.217238
endloop
endfacet
facet normal 0.186689 0.051630 -0.981062
outer loop
vertex 0.029593 0.086391 0.219215
vertex 0.030999 0.081003 0.219199
vertex 0.020278 0.081005 0.217159
endloop
endfacet
facet normal 0.186668 0.051658 -0.981064
outer loop
vertex 0.029593 0.086391 0.219215
vertex 0.020278 0.081005 0.217159
vertex 0.018954 0.086397 0.217191
endloop
endfacet
facet normal 0.186923 0.021240 -0.982145
outer loop
vertex 0.030999 0.081003 0.219199
vertex 0.031493 0.076424 0.219194
vertex 0.020743 0.076424 0.217148
endloop
endfacet
facet normal 0.186890 0.021328 -0.982149
outer loop
vertex 0.030999 0.081003 0.219199
vertex 0.020743 0.076424 0.217148
vertex 0.020278 0.081005 0.217159
endloop
endfacet
facet normal -0.007426 0.001059 0.999972
outer loop
vertex 0.005463 0.076424 0.224258
vertex 0.005039 0.081006 0.224250
vertex -0.018804 0.081007 0.224073
endloop
endfacet
facet normal -0.007402 0.001169 0.999972
outer loop
vertex 0.005463 0.076424 0.224258
vertex -0.018804 0.081007 0.224073
vertex -0.018447 0.076424 0.224081
endloop
endfacet
facet normal -0.007437 0.002602 0.999969
outer loop
vertex 0.005039 0.081006 0.224250
vertex 0.003834 0.086402 0.224227
vertex -0.019821 0.086406 0.224051
endloop
endfacet
facet normal -0.007426 0.002675 0.999969
outer loop
vertex 0.005039 0.081006 0.224250
vertex -0.019821 0.086406 0.224051
vertex -0.018804 0.081007 0.224073
endloop
endfacet
facet normal -0.007444 0.004005 0.999964
outer loop
vertex 0.003834 0.086402 0.224227
vertex 0.002030 0.091789 0.224192
vertex -0.021343 0.091798 0.224018
endloop
endfacet
facet normal -0.007439 0.004021 0.999964
outer loop
vertex 0.003834 0.086402 0.224227
vertex -0.021343 0.091798 0.224018
vertex -0.019821 0.086406 0.224051
endloop
endfacet
facet normal -0.007417 0.005748 0.999956
outer loop
vertex 0.002030 0.091789 0.224192
vertex -0.000097 0.096349 0.224150
vertex -0.023139 0.096363 0.223979
endloop
endfacet
facet normal -0.007444 0.005614 0.999956
outer loop
vertex 0.002030 0.091789 0.224192
vertex -0.023139 0.096363 0.223979
vertex -0.021343 0.091798 0.224018
endloop
endfacet
facet normal 0.028019 0.004489 0.999597
outer loop
vertex 0.027642 0.076424 0.223637
vertex 0.027158 0.081005 0.223630
vertex 0.005039 0.081006 0.224250
endloop
endfacet
facet normal 0.027991 0.004336 0.999599
outer loop
vertex 0.027642 0.076424 0.223637
vertex 0.005039 0.081006 0.224250
vertex 0.005463 0.076424 0.224258
endloop
endfacet
facet normal 0.028016 0.010504 0.999552
outer loop
vertex 0.027158 0.081005 0.223630
vertex 0.025779 0.086396 0.223612
vertex 0.003834 0.086402 0.224227
endloop
endfacet
facet normal 0.028018 0.010519 0.999552
outer loop
vertex 0.027158 0.081005 0.223630
vertex 0.003834 0.086402 0.224227
vertex 0.005039 0.081006 0.224250
endloop
endfacet
facet normal 0.028029 0.015947 0.999480
outer loop
vertex 0.025779 0.086396 0.223612
vertex 0.023716 0.091777 0.223584
vertex 0.002030 0.091789 0.224192
endloop
endfacet
facet normal 0.028014 0.015876 0.999481
outer loop
vertex 0.025779 0.086396 0.223612
vertex 0.002030 0.091789 0.224192
vertex 0.003834 0.086402 0.224227
endloop
endfacet
facet normal 0.028021 0.022231 0.999360
outer loop
vertex 0.023716 0.091777 0.223584
vertex 0.021282 0.096328 0.223551
vertex -0.000097 0.096349 0.224150
endloop
endfacet
facet normal 0.028031 0.022278 0.999359
outer loop
vertex 0.023716 0.091777 0.223584
vertex -0.000097 0.096349 0.224150
vertex 0.002030 0.091789 0.224192
endloop
endfacet
facet normal 0.166486 0.018973 0.985861
outer loop
vertex 0.034999 0.076424 0.222394
vertex 0.034495 0.081003 0.222391
vertex 0.027158 0.081005 0.223630
endloop
endfacet
facet normal 0.166562 0.019105 0.985846
outer loop
vertex 0.034999 0.076424 0.222394
vertex 0.027158 0.081005 0.223630
vertex 0.027642 0.076424 0.223637
endloop
endfacet
facet normal 0.166396 0.045917 0.984989
outer loop
vertex 0.034495 0.081003 0.222391
vertex 0.033062 0.086389 0.222382
vertex 0.025779 0.086396 0.223612
endloop
endfacet
facet normal 0.166349 0.045841 0.985001
outer loop
vertex 0.034495 0.081003 0.222391
vertex 0.025779 0.086396 0.223612
vertex 0.027158 0.081005 0.223630
endloop
endfacet
facet normal 0.166261 0.068948 0.983668
outer loop
vertex 0.033062 0.086389 0.222382
vertex 0.030917 0.091761 0.222368
vertex 0.023716 0.091777 0.223584
endloop
endfacet
facet normal 0.166200 0.068837 0.983687
outer loop
vertex 0.033062 0.086389 0.222382
vertex 0.023716 0.091777 0.223584
vertex 0.025779 0.086396 0.223612
endloop
endfacet
facet normal 0.165838 0.095616 0.981507
outer loop
vertex 0.030917 0.091761 0.222368
vertex 0.028387 0.096303 0.222353
vertex 0.021282 0.096328 0.223551
endloop
endfacet
facet normal 0.165950 0.095868 0.981463
outer loop
vertex 0.030917 0.091761 0.222368
vertex 0.021282 0.096328 0.223551
vertex 0.023716 0.091777 0.223584
endloop
endfacet
facet normal -0.086566 -0.017670 -0.996089
outer loop
vertex -0.039798 0.096374 0.217438
vertex -0.038244 0.091805 0.217384
vertex -0.057714 0.091808 0.219076
endloop
endfacet
facet normal -0.086573 -0.017632 -0.996090
outer loop
vertex -0.039798 0.096374 0.217438
vertex -0.057714 0.091808 0.219076
vertex -0.058990 0.096378 0.219106
endloop
endfacet
facet normal -0.086492 -0.012818 -0.996170
outer loop
vertex -0.038244 0.091805 0.217384
vertex -0.036926 0.086409 0.217339
vertex -0.056633 0.086411 0.219050
endloop
endfacet
facet normal -0.086571 -0.012543 -0.996167
outer loop
vertex -0.038244 0.091805 0.217384
vertex -0.056633 0.086411 0.219050
vertex -0.057714 0.091808 0.219076
endloop
endfacet
facet normal -0.086503 -0.008393 -0.996216
outer loop
vertex -0.036926 0.086409 0.217339
vertex -0.036045 0.081008 0.217308
vertex -0.055911 0.081008 0.219033
endloop
endfacet
facet normal -0.086494 -0.008423 -0.996217
outer loop
vertex -0.036926 0.086409 0.217339
vertex -0.055911 0.081008 0.219033
vertex -0.056633 0.086411 0.219050
endloop
endfacet
facet normal -0.086516 -0.003442 -0.996245
outer loop
vertex -0.036045 0.081008 0.217308
vertex -0.035736 0.076424 0.217297
vertex -0.055657 0.076424 0.219027
endloop
endfacet
facet normal -0.086505 -0.003488 -0.996245
outer loop
vertex -0.036045 0.081008 0.217308
vertex -0.055657 0.076424 0.219027
vertex -0.055911 0.081008 0.219033
endloop
endfacet
facet normal -0.040196 -0.002045 -0.999190
outer loop
vertex -0.019559 0.096365 0.216623
vertex -0.017711 0.091800 0.216558
vertex -0.038244 0.091805 0.217384
endloop
endfacet
facet normal -0.040239 -0.001876 -0.999188
outer loop
vertex -0.019559 0.096365 0.216623
vertex -0.038244 0.091805 0.217384
vertex -0.039798 0.096374 0.217438
endloop
endfacet
facet normal -0.040243 -0.001318 -0.999189
outer loop
vertex -0.017711 0.091800 0.216558
vertex -0.016144 0.086407 0.216502
vertex -0.036926 0.086409 0.217339
endloop
endfacet
facet normal -0.040193 -0.001485 -0.999191
outer loop
vertex -0.017711 0.091800 0.216558
vertex -0.036926 0.086409 0.217339
vertex -0.038244 0.091805 0.217384
endloop
endfacet
facet normal -0.040211 -0.000950 -0.999191
outer loop
vertex -0.016144 0.086407 0.216502
vertex -0.015097 0.081007 0.216465
vertex -0.036045 0.081008 0.217308
endloop
endfacet
facet normal -0.040241 -0.000830 -0.999190
outer loop
vertex -0.016144 0.086407 0.216502
vertex -0.036045 0.081008 0.217308
vertex -0.036926 0.086409 0.217339
endloop
endfacet
facet normal -0.040195 -0.000386 -0.999192
outer loop
vertex -0.015097 0.081007 0.216465
vertex -0.014730 0.076424 0.216452
vertex -0.035736 0.076424 0.217297
endloop
endfacet
facet normal -0.040210 -0.000313 -0.999191
outer loop
vertex -0.015097 0.081007 0.216465
vertex -0.035736 0.076424 0.217297
vertex -0.036045 0.081008 0.217308
endloop
endfacet
facet normal -0.004787 0.012443 -0.999911
outer loop
vertex 0.000601 0.096352 0.216527
vertex 0.002740 0.091791 0.216460
vertex -0.017711 0.091800 0.216558
endloop
endfacet
facet normal -0.004752 0.012313 -0.999913
outer loop
vertex 0.000601 0.096352 0.216527
vertex -0.017711 0.091800 0.216558
vertex -0.019559 0.096365 0.216623
endloop
endfacet
facet normal -0.004731 0.008800 -0.999950
outer loop
vertex 0.002740 0.091791 0.216460
vertex 0.004553 0.086403 0.216404
vertex -0.016144 0.086407 0.216502
endloop
endfacet
facet normal -0.004788 0.008992 -0.999948
outer loop
vertex 0.002740 0.091791 0.216460
vertex -0.016144 0.086407 0.216502
vertex -0.017711 0.091800 0.216558
endloop
endfacet
facet normal -0.004744 0.005978 -0.999971
outer loop
vertex 0.004553 0.086403 0.216404
vertex 0.005764 0.081006 0.216366
vertex -0.015097 0.081007 0.216465
endloop
endfacet
facet normal -0.004733 0.005934 -0.999971
outer loop
vertex 0.004553 0.086403 0.216404
vertex -0.015097 0.081007 0.216465
vertex -0.016144 0.086407 0.216502
endloop
endfacet
facet normal -0.004783 0.002609 -0.999985
outer loop
vertex 0.005764 0.081006 0.216366
vertex 0.006190 0.076424 0.216352
vertex -0.014730 0.076424 0.216452
endloop
endfacet
facet normal -0.004744 0.002455 -0.999986
outer loop
vertex 0.005764 0.081006 0.216366
vertex -0.014730 0.076424 0.216452
vertex -0.015097 0.081007 0.216465
endloop
endfacet
facet normal 0.054576 0.040295 -0.997696
outer loop
vertex 0.014633 0.096333 0.217294
vertex 0.016971 0.091780 0.217238
vertex 0.002740 0.091791 0.216460
endloop
endfacet
facet normal 0.054591 0.040256 -0.997697
outer loop
vertex 0.014633 0.096333 0.217294
vertex 0.002740 0.091791 0.216460
vertex 0.000601 0.096352 0.216527
endloop
endfacet
facet normal 0.054554 0.028812 -0.998095
outer loop
vertex 0.016971 0.091780 0.217238
vertex 0.018954 0.086397 0.217191
vertex 0.004553 0.086403 0.216404
endloop
endfacet
facet normal 0.054586 0.028741 -0.998095
outer loop
vertex 0.016971 0.091780 0.217238
vertex 0.004553 0.086403 0.216404
vertex 0.002740 0.091791 0.216460
endloop
endfacet
facet normal 0.054550 0.019317 -0.998324
outer loop
vertex 0.018954 0.086397 0.217191
vertex 0.020278 0.081005 0.217159
vertex 0.005764 0.081006 0.216366
endloop
endfacet
facet normal 0.054561 0.019275 -0.998324
outer loop
vertex 0.018954 0.086397 0.217191
vertex 0.005764 0.081006 0.216366
vertex 0.004553 0.086403 0.216404
endloop
endfacet
facet normal 0.054612 0.007941 -0.998476
outer loop
vertex 0.020278 0.081005 0.217159
vertex 0.020743 0.076424 0.217148
vertex 0.006190 0.076424 0.216352
endloop
endfacet
facet normal 0.054558 0.008121 -0.998478
outer loop
vertex 0.020278 0.081005 0.217159
vertex 0.006190 0.076424 0.216352
vertex 0.005764 0.081006 0.216366
endloop
endfacet
facet normal -0.025758 -0.000261 0.999668
outer loop
vertex -0.018447 0.076424 0.224081
vertex -0.018804 0.081007 0.224073
vertex -0.039411 0.081008 0.223542
endloop
endfacet
facet normal -0.025784 -0.000375 0.999667
outer loop
vertex -0.018447 0.076424 0.224081
vertex -0.039411 0.081008 0.223542
vertex -0.039112 0.076424 0.223548
endloop
endfacet
facet normal -0.025769 -0.000782 0.999668
outer loop
vertex -0.018804 0.081007 0.224073
vertex -0.019821 0.086406 0.224051
vertex -0.040265 0.086409 0.223524
endloop
endfacet
facet normal -0.025758 -0.000741 0.999668
outer loop
vertex -0.018804 0.081007 0.224073
vertex -0.040265 0.086409 0.223524
vertex -0.039411 0.081008 0.223542
endloop
endfacet
facet normal -0.025784 -0.001159 0.999667
outer loop
vertex -0.019821 0.086406 0.224051
vertex -0.021343 0.091798 0.224018
vertex -0.041542 0.091804 0.223497
endloop
endfacet
facet normal -0.025769 -0.001096 0.999667
outer loop
vertex -0.019821 0.086406 0.224051
vertex -0.041542 0.091804 0.223497
vertex -0.040265 0.086409 0.223524
endloop
endfacet
facet normal -0.025806 -0.001614 0.999666
outer loop
vertex -0.021343 0.091798 0.224018
vertex -0.023139 0.096363 0.223979
vertex -0.043049 0.096372 0.223465
endloop
endfacet
facet normal -0.025785 -0.001502 0.999666
outer loop
vertex -0.021343 0.091798 0.224018
vertex -0.043049 0.096372 0.223465
vertex -0.041542 0.091804 0.223497
endloop
endfacet
facet normal -0.051034 -0.002024 0.998695
outer loop
vertex -0.039112 0.076424 0.223548
vertex -0.039411 0.081008 0.223542
vertex -0.056749 0.081008 0.222656
endloop
endfacet
facet normal -0.051009 -0.001920 0.998696
outer loop
vertex -0.039112 0.076424 0.223548
vertex -0.056749 0.081008 0.222656
vertex -0.056498 0.076424 0.222660
endloop
endfacet
facet normal -0.051036 -0.004742 0.998686
outer loop
vertex -0.039411 0.081008 0.223542
vertex -0.040265 0.086409 0.223524
vertex -0.057465 0.086410 0.222645
endloop
endfacet
facet normal -0.051038 -0.004731 0.998686
outer loop
vertex -0.039411 0.081008 0.223542
vertex -0.057465 0.086410 0.222645
vertex -0.056749 0.081008 0.222656
endloop
endfacet
facet normal -0.051013 -0.007076 0.998673
outer loop
vertex -0.040265 0.086409 0.223524
vertex -0.041542 0.091804 0.223497
vertex -0.058536 0.091807 0.222629
endloop
endfacet
facet normal -0.051037 -0.007167 0.998671
outer loop
vertex -0.040265 0.086409 0.223524
vertex -0.058536 0.091807 0.222629
vertex -0.057465 0.086410 0.222645
endloop
endfacet
facet normal -0.051038 -0.009840 0.998648
outer loop
vertex -0.041542 0.091804 0.223497
vertex -0.043049 0.096372 0.223465
vertex -0.059799 0.096378 0.222609
endloop
endfacet
facet normal -0.051008 -0.009725 0.998651
outer loop
vertex -0.041542 0.091804 0.223497
vertex -0.059799 0.096378 0.222609
vertex -0.058536 0.091807 0.222629
endloop
endfacet
facet normal -0.085573 -0.019302 0.996145
outer loop
vertex -0.075748 0.096380 0.221239
vertex -0.074717 0.091809 0.221239
vertex -0.058536 0.091807 0.222629
endloop
endfacet
facet normal -0.085573 -0.019286 0.996145
outer loop
vertex -0.075748 0.096380 0.221239
vertex -0.058536 0.091807 0.222629
vertex -0.059799 0.096378 0.222609
endloop
endfacet
facet normal -0.085527 -0.013848 0.996240
outer loop
vertex -0.074717 0.091809 0.221239
vertex -0.073843 0.086411 0.221239
vertex -0.057465 0.086410 0.222645
endloop
endfacet
facet normal -0.085581 -0.014029 0.996232
outer loop
vertex -0.074717 0.091809 0.221239
vertex -0.057465 0.086410 0.222645
vertex -0.058536 0.091807 0.222629
endloop
endfacet
facet normal -0.085507 -0.009244 0.996295
outer loop
vertex -0.073843 0.086411 0.221239
vertex -0.073259 0.081009 0.221239
vertex -0.056749 0.081008 0.222656
endloop
endfacet
facet normal -0.085529 -0.009308 0.996292
outer loop
vertex -0.073843 0.086411 0.221239
vertex -0.056749 0.081008 0.222656
vertex -0.057465 0.086410 0.222645
endloop
endfacet
facet normal -0.085515 -0.003824 0.996329
outer loop
vertex -0.073259 0.081009 0.221239
vertex -0.073054 0.076424 0.221239
vertex -0.056498 0.076424 0.222660
endloop
endfacet
facet normal -0.085512 -0.003811 0.996330
outer loop
vertex -0.073259 0.081009 0.221239
vertex -0.056498 0.076424 0.222660
vertex -0.056749 0.081008 0.222656
endloop
endfacet
facet normal -0.126144 -0.005641 -0.991996
outer loop
vertex -0.073054 0.076424 0.221239
vertex -0.073259 0.081009 0.221239
vertex -0.055911 0.081008 0.219033
endloop
endfacet
facet normal -0.126133 -0.005689 -0.991997
outer loop
vertex -0.073054 0.076424 0.221239
vertex -0.055911 0.081008 0.219033
vertex -0.055657 0.076424 0.219027
endloop
endfacet
facet normal -0.126163 -0.013639 -0.991916
outer loop
vertex -0.073259 0.081009 0.221239
vertex -0.073843 0.086411 0.221239
vertex -0.056633 0.086411 0.219050
endloop
endfacet
facet normal -0.126138 -0.013734 -0.991918
outer loop
vertex -0.073259 0.081009 0.221239
vertex -0.056633 0.086411 0.219050
vertex -0.055911 0.081008 0.219033
endloop
endfacet
facet normal -0.126169 -0.020429 -0.991798
outer loop
vertex -0.073843 0.086411 0.221239
vertex -0.074717 0.091809 0.221239
vertex -0.057714 0.091808 0.219076
endloop
endfacet
facet normal -0.126151 -0.020492 -0.991799
outer loop
vertex -0.073843 0.086411 0.221239
vertex -0.057714 0.091808 0.219076
vertex -0.056633 0.086411 0.219050
endloop
endfacet
facet normal -0.126219 -0.028469 -0.991594
outer loop
vertex -0.074717 0.091809 0.221239
vertex -0.075748 0.096380 0.221239
vertex -0.058990 0.096378 0.219106
endloop
endfacet
facet normal -0.126145 -0.028710 -0.991596
outer loop
vertex -0.074717 0.091809 0.221239
vertex -0.058990 0.096378 0.219106
vertex -0.057714 0.091808 0.219076
endloop
endfacet
facet normal 0.344619 0.194060 -0.918465
outer loop
vertex 0.030268 0.096296 0.221239
vertex 0.032824 0.091757 0.221239
vertex 0.027488 0.091767 0.219239
endloop
endfacet
facet normal 0.344665 0.194028 -0.918455
outer loop
vertex 0.030268 0.096296 0.221239
vertex 0.027488 0.091767 0.219239
vertex 0.025004 0.096312 0.219267
endloop
endfacet
facet normal 0.347781 0.140254 -0.927026
outer loop
vertex 0.032824 0.091757 0.221239
vertex 0.034990 0.086386 0.221239
vertex 0.029593 0.086391 0.219215
endloop
endfacet
facet normal 0.347733 0.140292 -0.927038
outer loop
vertex 0.032824 0.091757 0.221239
vertex 0.029593 0.086391 0.219215
vertex 0.027488 0.091767 0.219239
endloop
endfacet
facet normal 0.349639 0.094034 -0.932153
outer loop
vertex 0.034990 0.086386 0.221239
vertex 0.036438 0.081002 0.221239
vertex 0.030999 0.081003 0.219199
endloop
endfacet
facet normal 0.349654 0.094014 -0.932150
outer loop
vertex 0.034990 0.086386 0.221239
vertex 0.030999 0.081003 0.219199
vertex 0.029593 0.086391 0.219215
endloop
endfacet
facet normal 0.350872 0.038935 -0.935614
outer loop
vertex 0.036438 0.081002 0.221239
vertex 0.036946 0.076424 0.221239
vertex 0.031493 0.076424 0.219194
endloop
endfacet
facet normal 0.350929 0.038881 -0.935595
outer loop
vertex 0.036438 0.081002 0.221239
vertex 0.031493 0.076424 0.219194
vertex 0.030999 0.081003 0.219199
endloop
endfacet
facet normal 0.509195 0.056504 0.858794
outer loop
vertex 0.036946 0.076424 0.221239
vertex 0.036438 0.081002 0.221239
vertex 0.034495 0.081003 0.222391
endloop
endfacet
facet normal 0.509401 0.056630 0.858664
outer loop
vertex 0.036946 0.076424 0.221239
vertex 0.034495 0.081003 0.222391
vertex 0.034999 0.076424 0.222394
endloop
endfacet
facet normal 0.505376 0.135920 0.852127
outer loop
vertex 0.036438 0.081002 0.221239
vertex 0.034990 0.086386 0.221239
vertex 0.033062 0.086389 0.222382
endloop
endfacet
facet normal 0.505321 0.135869 0.852168
outer loop
vertex 0.036438 0.081002 0.221239
vertex 0.033062 0.086389 0.222382
vertex 0.034495 0.081003 0.222391
endloop
endfacet
facet normal 0.499320 0.201365 0.842693
outer loop
vertex 0.034990 0.086386 0.221239
vertex 0.032824 0.091757 0.221239
vertex 0.030917 0.091761 0.222368
endloop
endfacet
facet normal 0.499723 0.201722 0.842369
outer loop
vertex 0.034990 0.086386 0.221239
vertex 0.030917 0.091761 0.222368
vertex 0.033062 0.086389 0.222382
endloop
endfacet
facet normal 0.490506 0.276220 0.826503
outer loop
vertex 0.032824 0.091757 0.221239
vertex 0.030268 0.096296 0.221239
vertex 0.028387 0.096303 0.222353
endloop
endfacet
facet normal 0.490113 0.275743 0.826895
outer loop
vertex 0.032824 0.091757 0.221239
vertex 0.028387 0.096303 0.222353
vertex 0.030917 0.091761 0.222368
endloop
endfacet
facet normal 0.341916 0.231297 -0.910821
outer loop
vertex -0.077383 0.255432 0.221239
vertex 0.030268 0.096296 0.221239
vertex 0.025004 0.096312 0.219267
endloop
endfacet
facet normal 0.354362 0.239214 -0.903993
outer loop
vertex -0.077383 0.255432 0.221239
vertex 0.025004 0.096312 0.219267
vertex -0.079420 0.255430 0.220440
endloop
endfacet
facet normal 0.181867 0.302923 -0.935501
outer loop
vertex -0.083467 0.255428 0.219640
vertex -0.083924 0.256354 0.219851
vertex -0.079892 0.256370 0.220640
endloop
endfacet
facet normal 0.185290 0.292634 -0.938101
outer loop
vertex -0.083467 0.255428 0.219640
vertex -0.079892 0.256370 0.220640
vertex -0.079420 0.255430 0.220440
endloop
endfacet
facet normal 0.141361 0.538969 -0.830379
outer loop
vertex -0.083924 0.256354 0.219851
vertex -0.084416 0.257181 0.220304
vertex -0.080418 0.257234 0.221019
endloop
endfacet
facet normal 0.166705 0.479432 -0.861600
outer loop
vertex -0.083924 0.256354 0.219851
vertex -0.080418 0.257234 0.221019
vertex -0.079892 0.256370 0.220640
endloop
endfacet
facet normal -0.007608 0.146179 0.989229
outer loop
vertex -0.089219 0.255426 0.222420
vertex -0.089478 0.256360 0.222280
vertex -0.098318 0.256360 0.222212
endloop
endfacet
facet normal -0.007707 0.145241 0.989366
outer loop
vertex -0.089219 0.255426 0.222420
vertex -0.098318 0.256360 0.222212
vertex -0.098222 0.255425 0.222350
endloop
endfacet
facet normal -0.008449 0.349393 0.936938
outer loop
vertex -0.089478 0.256360 0.222280
vertex -0.089727 0.257204 0.221963
vertex -0.098406 0.257206 0.221884
endloop
endfacet
facet normal -0.007171 0.360829 0.932604
outer loop
vertex -0.089478 0.256360 0.222280
vertex -0.098406 0.257206 0.221884
vertex -0.098318 0.256360 0.222212
endloop
endfacet
facet normal 0.028486 0.154009 0.987659
outer loop
vertex -0.080869 0.255428 0.222177
vertex -0.081736 0.256358 0.222057
vertex -0.089478 0.256360 0.222280
endloop
endfacet
facet normal 0.028696 0.155960 0.987346
outer loop
vertex -0.080869 0.255428 0.222177
vertex -0.089478 0.256360 0.222280
vertex -0.089219 0.255426 0.222420
endloop
endfacet
facet normal 0.025550 0.345538 0.938057
outer loop
vertex -0.081736 0.256358 0.222057
vertex -0.082923 0.257195 0.221781
vertex -0.089727 0.257204 0.221963
endloop
endfacet
facet normal 0.026968 0.358437 0.933164
outer loop
vertex -0.081736 0.256358 0.222057
vertex -0.089727 0.257204 0.221963
vertex -0.089478 0.256360 0.222280
endloop
endfacet
facet normal 0.155383 0.229947 0.960719
outer loop
vertex -0.078101 0.255431 0.221691
vertex -0.079027 0.256370 0.221616
vertex -0.081736 0.256358 0.222057
endloop
endfacet
facet normal 0.165902 0.276797 0.946499
outer loop
vertex -0.078101 0.255431 0.221691
vertex -0.081736 0.256358 0.222057
vertex -0.080869 0.255428 0.222177
endloop
endfacet
facet normal 0.125508 0.412250 0.902384
outer loop
vertex -0.079027 0.256370 0.221616
vertex -0.080053 0.257234 0.221364
vertex -0.082923 0.257195 0.221781
endloop
endfacet
facet normal 0.138707 0.481958 0.865146
outer loop
vertex -0.079027 0.256370 0.221616
vertex -0.082923 0.257195 0.221781
vertex -0.081736 0.256358 0.222057
endloop
endfacet
facet normal -0.087540 0.210722 -0.973618
outer loop
vertex -0.112232 0.255423 0.220374
vertex -0.112484 0.256344 0.220596
vertex -0.105100 0.256339 0.219931
endloop
endfacet
facet normal -0.087707 0.212242 -0.973273
outer loop
vertex -0.112232 0.255423 0.220374
vertex -0.105100 0.256339 0.219931
vertex -0.104731 0.255423 0.219698
endloop
endfacet
facet normal -0.074835 0.534606 -0.841781
outer loop
vertex -0.112484 0.256344 0.220596
vertex -0.112704 0.257154 0.221130
vertex -0.105454 0.257136 0.220474
endloop
endfacet
facet normal -0.075231 0.538455 -0.839289
outer loop
vertex -0.112484 0.256344 0.220596
vertex -0.105454 0.257136 0.220474
vertex -0.105100 0.256339 0.219931
endloop
endfacet
facet normal -0.042171 0.230313 -0.972203
outer loop
vertex -0.104731 0.255423 0.219698
vertex -0.105100 0.256339 0.219931
vertex -0.097200 0.256346 0.219590
endloop
endfacet
facet normal -0.040712 0.218085 -0.975080
outer loop
vertex -0.104731 0.255423 0.219698
vertex -0.097200 0.256346 0.219590
vertex -0.096822 0.255424 0.219368
endloop
endfacet
facet normal -0.040500 0.550224 -0.834035
outer loop
vertex -0.105100 0.256339 0.219931
vertex -0.105454 0.257136 0.220474
vertex -0.097577 0.257158 0.220106
endloop
endfacet
facet normal -0.037204 0.523629 -0.851134
outer loop
vertex -0.105100 0.256339 0.219931
vertex -0.097577 0.257158 0.220106
vertex -0.097200 0.256346 0.219590
endloop
endfacet
facet normal -0.005374 0.232002 -0.972701
outer loop
vertex -0.096822 0.255424 0.219368
vertex -0.097200 0.256346 0.219590
vertex -0.089246 0.256350 0.219547
endloop
endfacet
facet normal -0.004877 0.228109 -0.973623
outer loop
vertex -0.096822 0.255424 0.219368
vertex -0.089246 0.256350 0.219547
vertex -0.088945 0.255426 0.219329
endloop
endfacet
facet normal -0.008039 0.533681 -0.845648
outer loop
vertex -0.097200 0.256346 0.219590
vertex -0.097577 0.257158 0.220106
vertex -0.089557 0.257171 0.220038
endloop
endfacet
facet normal -0.004903 0.511887 -0.859039
outer loop
vertex -0.097200 0.256346 0.219590
vertex -0.089557 0.257171 0.220038
vertex -0.089246 0.256350 0.219547
endloop
endfacet
facet normal 0.055090 0.246254 -0.967638
outer loop
vertex -0.088945 0.255426 0.219329
vertex -0.089246 0.256350 0.219547
vertex -0.083924 0.256354 0.219851
endloop
endfacet
facet normal 0.054828 0.247471 -0.967343
outer loop
vertex -0.088945 0.255426 0.219329
vertex -0.083924 0.256354 0.219851
vertex -0.083467 0.255428 0.219640
endloop
endfacet
facet normal 0.042968 0.524713 -0.850194
outer loop
vertex -0.089246 0.256350 0.219547
vertex -0.089557 0.257171 0.220038
vertex -0.084416 0.257181 0.220304
endloop
endfacet
facet normal 0.048946 0.502098 -0.863425
outer loop
vertex -0.089246 0.256350 0.219547
vertex -0.084416 0.257181 0.220304
vertex -0.083924 0.256354 0.219851
endloop
endfacet
facet normal -0.027138 0.143229 0.989317
outer loop
vertex -0.098222 0.255425 0.222350
vertex -0.098318 0.256360 0.222212
vertex -0.106036 0.256355 0.222001
endloop
endfacet
facet normal -0.026474 0.148589 0.988545
outer loop
vertex -0.098222 0.255425 0.222350
vertex -0.106036 0.256355 0.222001
vertex -0.106002 0.255423 0.222142
endloop
endfacet
facet normal -0.028911 0.358763 0.932981
outer loop
vertex -0.098318 0.256360 0.222212
vertex -0.098406 0.257206 0.221884
vertex -0.106060 0.257190 0.221653
endloop
endfacet
facet normal -0.025485 0.383947 0.923003
outer loop
vertex -0.098318 0.256360 0.222212
vertex -0.106060 0.257190 0.221653
vertex -0.106036 0.256355 0.222001
endloop
endfacet
facet normal -0.052142 0.147520 0.987684
outer loop
vertex -0.106002 0.255423 0.222142
vertex -0.106036 0.256355 0.222001
vertex -0.112655 0.256352 0.221652
endloop
endfacet
facet normal -0.052358 0.146082 0.987886
outer loop
vertex -0.106002 0.255423 0.222142
vertex -0.112655 0.256352 0.221652
vertex -0.112549 0.255423 0.221795
endloop
endfacet
facet normal -0.050256 0.382974 0.922391
outer loop
vertex -0.106036 0.256355 0.222001
vertex -0.106060 0.257190 0.221653
vertex -0.112740 0.257178 0.221294
endloop
endfacet
facet normal -0.048596 0.392985 0.918260
outer loop
vertex -0.106036 0.256355 0.222001
vertex -0.112740 0.257178 0.221294
vertex -0.112655 0.256352 0.221652
endloop
endfacet
facet normal -0.087161 0.141829 0.986046
outer loop
vertex -0.112549 0.255423 0.221795
vertex -0.112655 0.256352 0.221652
vertex -0.117334 0.256348 0.221239
endloop
endfacet
facet normal -0.087985 0.137828 0.986540
outer loop
vertex -0.112549 0.255423 0.221795
vertex -0.117334 0.256348 0.221239
vertex -0.118783 0.255423 0.221239
endloop
endfacet
facet normal -0.078109 0.389674 0.917635
outer loop
vertex -0.112655 0.256352 0.221652
vertex -0.112740 0.257178 0.221294
vertex -0.113451 0.257165 0.221239
endloop
endfacet
facet normal -0.081407 0.386898 0.918522
outer loop
vertex -0.112655 0.256352 0.221652
vertex -0.113451 0.257165 0.221239
vertex -0.117334 0.256348 0.221239
endloop
endfacet
facet normal -0.128581 0.201415 -0.971030
outer loop
vertex -0.118783 0.255423 0.221239
vertex -0.117334 0.256348 0.221239
vertex -0.112484 0.256344 0.220596
endloop
endfacet
facet normal -0.128276 0.199077 -0.971552
outer loop
vertex -0.118783 0.255423 0.221239
vertex -0.112484 0.256344 0.220596
vertex -0.112232 0.255423 0.220374
endloop
endfacet
facet normal -0.113684 0.540262 -0.833782
outer loop
vertex -0.117334 0.256348 0.221239
vertex -0.113451 0.257165 0.221239
vertex -0.112704 0.257154 0.221130
endloop
endfacet
facet normal -0.111366 0.525725 -0.843333
outer loop
vertex -0.117334 0.256348 0.221239
vertex -0.112704 0.257154 0.221130
vertex -0.112484 0.256344 0.220596
endloop
endfacet
facet normal 0.344545 0.357689 -0.867956
outer loop
vertex -0.079420 0.255430 0.220440
vertex -0.079892 0.256370 0.220640
vertex -0.078382 0.256369 0.221239
endloop
endfacet
facet normal 0.340002 0.362505 -0.867749
outer loop
vertex -0.079420 0.255430 0.220440
vertex -0.078382 0.256369 0.221239
vertex -0.077383 0.255432 0.221239
endloop
endfacet
facet normal 0.306590 0.532698 -0.788819
outer loop
vertex -0.079892 0.256370 0.220640
vertex -0.080418 0.257234 0.221019
vertex -0.079845 0.257230 0.221239
endloop
endfacet
facet normal 0.312681 0.531293 -0.787374
outer loop
vertex -0.079892 0.256370 0.220640
vertex -0.079845 0.257230 0.221239
vertex -0.078382 0.256369 0.221239
endloop
endfacet
facet normal 0.444795 0.474220 0.759785
outer loop
vertex -0.077383 0.255432 0.221239
vertex -0.078382 0.256369 0.221239
vertex -0.079027 0.256370 0.221616
endloop
endfacet
facet normal 0.457835 0.509695 0.728422
outer loop
vertex -0.077383 0.255432 0.221239
vertex -0.079027 0.256370 0.221616
vertex -0.078101 0.255431 0.221691
endloop
endfacet
facet normal 0.392763 0.667450 0.632651
outer loop
vertex -0.078382 0.256369 0.221239
vertex -0.079845 0.257230 0.221239
vertex -0.080053 0.257234 0.221364
endloop
endfacet
facet normal 0.384906 0.648613 0.656619
outer loop
vertex -0.078382 0.256369 0.221239
vertex -0.080053 0.257234 0.221364
vertex -0.079027 0.256370 0.221616
endloop
endfacet
facet normal 0.282440 0.629069 -0.724223
outer loop
vertex -0.080551 0.257547 0.221239
vertex -0.079845 0.257230 0.221239
vertex -0.080418 0.257234 0.221019
endloop
endfacet
endsolid Rear_Wing_Extended_Applied_Low_Poly_RA_Origin
