solid Wing_Extended_Applied_Low_Poly
facet normal 0.000001 1.000000 0.000000
outer loop
vertex 0.744962 -0.306424 -0.202846
vertex 0.748837 -0.306424 -0.153861
vertex 0.766946 -0.306424 -0.178761
endloop
endfacet
facet normal -0.000000 1.000000 -0.000000
outer loop
vertex 0.689258 -0.306424 -0.222910
vertex 0.698132 -0.306424 -0.137110
vertex 0.748837 -0.306424 -0.153861
endloop
endfacet
facet normal 0.000000 1.000000 0.000000
outer loop
vertex 0.689258 -0.306424 -0.222910
vertex 0.748837 -0.306424 -0.153861
vertex 0.744962 -0.306424 -0.202846
endloop
endfacet
facet normal 0.000000 1.000000 0.000000
outer loop
vertex 0.689258 -0.306424 -0.222910
vertex 0.611824 -0.306424 -0.232952
vertex 0.621169 -0.306424 -0.132583
endloop
endfacet
facet normal -0.000000 1.000000 -0.000001
outer loop
vertex 0.689258 -0.306424 -0.222910
vertex 0.621169 -0.306424 -0.132583
vertex 0.698132 -0.306424 -0.137110
endloop
endfacet
facet normal 0.000000 1.000000 -0.000001
outer loop
vertex 0.366882 -0.306424 -0.228506
vertex 0.358588 -0.306424 -0.133488
vertex 0.621169 -0.306424 -0.132583
endloop
endfacet
facet normal 0.000000 1.000000 -0.000001
outer loop
vertex 0.366882 -0.306424 -0.228506
vertex 0.621169 -0.306424 -0.132583
vertex 0.611824 -0.306424 -0.232952
endloop
endfacet
facet normal 0.000000 1.000000 0.000000
outer loop
vertex 0.366882 -0.306424 -0.228506
vertex 0.297325 -0.306424 -0.218220
vertex 0.304442 -0.306424 -0.139373
endloop
endfacet
facet normal 0.000001 1.000000 -0.000001
outer loop
vertex 0.366882 -0.306424 -0.228506
vertex 0.304442 -0.306424 -0.139373
vertex 0.358588 -0.306424 -0.133488
endloop
endfacet
facet normal -0.000000 1.000000 0.000000
outer loop
vertex 0.297325 -0.306424 -0.218220
vertex 0.263353 -0.306424 -0.202918
vertex 0.256227 -0.306424 -0.166763
endloop
endfacet
facet normal 0.000000 1.000000 -0.000001
outer loop
vertex 0.297325 -0.306424 -0.218220
vertex 0.256227 -0.306424 -0.166763
vertex 0.304442 -0.306424 -0.139373
endloop
endfacet
facet normal 0.000001 1.000000 -0.000001
outer loop
vertex 0.263353 -0.306424 -0.202918
vertex 0.246946 -0.306424 -0.178761
vertex 0.256227 -0.306424 -0.166763
endloop
endfacet
facet normal 0.026622 0.737851 0.674439
outer loop
vertex 0.675391 -0.139552 0.188388
vertex 0.675391 -0.140424 0.189342
vertex 0.683269 -0.140424 0.189031
endloop
endfacet
facet normal 0.029902 0.753986 0.656209
outer loop
vertex 0.675391 -0.139552 0.188388
vertex 0.683269 -0.140424 0.189031
vertex 0.683269 -0.139867 0.188391
endloop
endfacet
facet normal -0.015070 -0.725672 0.687876
outer loop
vertex 0.651359 -0.140424 0.189038
vertex 0.651359 -0.141043 0.188385
vertex 0.662426 -0.141269 0.188389
endloop
endfacet
facet normal -0.018220 -0.748096 0.663341
outer loop
vertex 0.651359 -0.140424 0.189038
vertex 0.662426 -0.141269 0.188389
vertex 0.662426 -0.140424 0.189342
endloop
endfacet
facet normal -0.018895 0.725623 0.687833
outer loop
vertex 0.651359 -0.139805 0.188385
vertex 0.651359 -0.140424 0.189038
vertex 0.662426 -0.140424 0.189342
endloop
endfacet
facet normal -0.015517 0.748138 0.663362
outer loop
vertex 0.651359 -0.139805 0.188385
vertex 0.662426 -0.140424 0.189342
vertex 0.662426 -0.139579 0.188389
endloop
endfacet
facet normal -0.719688 -0.624344 -0.303716
outer loop
vertex 0.263353 -0.306424 -0.202918
vertex 0.361402 -0.432725 -0.175621
vertex 0.349353 -0.425804 -0.161297
endloop
endfacet
facet normal -0.648547 -0.620776 -0.440481
outer loop
vertex 0.263353 -0.306424 -0.202918
vertex 0.349353 -0.425804 -0.161297
vertex 0.246946 -0.306424 -0.178761
endloop
endfacet
facet normal -0.001507 -0.748241 0.663425
outer loop
vertex 0.662426 -0.140424 0.189342
vertex 0.662426 -0.141269 0.188389
vertex 0.675391 -0.141296 0.188388
endloop
endfacet
facet normal 0.000000 -0.738109 0.674681
outer loop
vertex 0.662426 -0.140424 0.189342
vertex 0.675391 -0.141296 0.188388
vertex 0.675391 -0.140424 0.189342
endloop
endfacet
facet normal -0.408129 -0.251665 0.877551
outer loop
vertex 0.256227 -0.306424 -0.166763
vertex 0.354987 -0.422429 -0.154100
vertex 0.385367 -0.413785 -0.137492
endloop
endfacet
facet normal -0.465176 -0.336286 0.818855
outer loop
vertex 0.256227 -0.306424 -0.166763
vertex 0.385367 -0.413785 -0.137492
vertex 0.304442 -0.306424 -0.139373
endloop
endfacet
facet normal 0.029242 -0.737799 0.674387
outer loop
vertex 0.675391 -0.140424 0.189342
vertex 0.675391 -0.141296 0.188388
vertex 0.683269 -0.140981 0.188391
endloop
endfacet
facet normal 0.025909 -0.754070 0.656283
outer loop
vertex 0.675391 -0.140424 0.189342
vertex 0.683269 -0.140981 0.188391
vertex 0.683269 -0.140424 0.189031
endloop
endfacet
facet normal 0.108543 -0.796440 0.594896
outer loop
vertex 0.683269 -0.140981 0.188391
vertex 0.685986 -0.140604 0.188400
vertex 0.685986 -0.140424 0.188641
endloop
endfacet
facet normal 0.093818 -0.750996 0.653608
outer loop
vertex 0.683269 -0.140981 0.188391
vertex 0.685986 -0.140424 0.188641
vertex 0.683269 -0.140424 0.189031
endloop
endfacet
facet normal -0.024763 -0.735498 0.677074
outer loop
vertex 0.641286 -0.140424 0.188689
vertex 0.641286 -0.140702 0.188387
vertex 0.651359 -0.141043 0.188385
endloop
endfacet
facet normal -0.023830 -0.725555 0.687751
outer loop
vertex 0.641286 -0.140424 0.188689
vertex 0.651359 -0.141043 0.188385
vertex 0.651359 -0.140424 0.189038
endloop
endfacet
facet normal 0.670134 -0.338045 0.660792
outer loop
vertex 0.748837 -0.306424 -0.153861
vertex 0.685471 -0.417445 -0.146395
vertex 0.696583 -0.424826 -0.161440
endloop
endfacet
facet normal 0.752295 -0.367029 0.547122
outer loop
vertex 0.748837 -0.306424 -0.153861
vertex 0.696583 -0.424826 -0.161440
vertex 0.766946 -0.306424 -0.178761
endloop
endfacet
facet normal 0.275563 -0.111279 0.954820
outer loop
vertex 0.698132 -0.306424 -0.137110
vertex 0.651954 -0.412160 -0.136106
vertex 0.685471 -0.417445 -0.146395
endloop
endfacet
facet normal 0.311627 -0.114428 0.943289
outer loop
vertex 0.698132 -0.306424 -0.137110
vertex 0.685471 -0.417445 -0.146395
vertex 0.748837 -0.306424 -0.153861
endloop
endfacet
facet normal 0.053322 -0.017741 0.998420
outer loop
vertex 0.621169 -0.306424 -0.132583
vertex 0.599738 -0.410846 -0.133294
vertex 0.651954 -0.412160 -0.136106
endloop
endfacet
facet normal 0.058711 -0.016163 0.998144
outer loop
vertex 0.621169 -0.306424 -0.132583
vertex 0.651954 -0.412160 -0.136106
vertex 0.698132 -0.306424 -0.137110
endloop
endfacet
facet normal -0.003143 -0.005400 0.999980
outer loop
vertex 0.358588 -0.306424 -0.133488
vertex 0.421353 -0.411463 -0.133858
vertex 0.599738 -0.410846 -0.133294
endloop
endfacet
facet normal -0.003446 -0.006101 0.999976
outer loop
vertex 0.358588 -0.306424 -0.133488
vertex 0.599738 -0.410846 -0.133294
vertex 0.621169 -0.306424 -0.132583
endloop
endfacet
facet normal -0.023504 0.734289 0.678430
outer loop
vertex 0.641286 -0.140145 0.188387
vertex 0.641286 -0.140424 0.188689
vertex 0.651359 -0.140424 0.189038
endloop
endfacet
facet normal -0.024351 0.725534 0.687756
outer loop
vertex 0.641286 -0.140145 0.188387
vertex 0.651359 -0.140424 0.189038
vertex 0.651359 -0.139805 0.188385
endloop
endfacet
facet normal -0.096771 -0.055531 0.993756
outer loop
vertex 0.304442 -0.306424 -0.139373
vertex 0.385367 -0.413785 -0.137492
vertex 0.421353 -0.411463 -0.133858
endloop
endfacet
facet normal -0.107802 -0.067909 0.991850
outer loop
vertex 0.304442 -0.306424 -0.139373
vertex 0.421353 -0.411463 -0.133858
vertex 0.358588 -0.306424 -0.133488
endloop
endfacet
facet normal 0.000000 0.748229 0.663441
outer loop
vertex 0.662426 -0.139579 0.188389
vertex 0.662426 -0.140424 0.189342
vertex 0.675391 -0.140424 0.189342
endloop
endfacet
facet normal -0.001485 0.738122 0.674666
outer loop
vertex 0.662426 -0.139579 0.188389
vertex 0.675391 -0.140424 0.189342
vertex 0.675391 -0.139552 0.188388
endloop
endfacet
facet normal 0.551828 0.829609 0.085055
outer loop
vertex 0.676966 -0.470572 -0.034203
vertex 0.676910 -0.461796 -0.119440
vertex 0.665234 -0.455370 -0.106366
endloop
endfacet
facet normal 0.414745 0.901652 0.122514
outer loop
vertex 0.676966 -0.470572 -0.034203
vertex 0.665234 -0.455370 -0.106366
vertex 0.663086 -0.463527 -0.039063
endloop
endfacet
facet normal -0.395929 -0.467455 -0.790396
outer loop
vertex 0.297325 -0.306424 -0.218220
vertex 0.384635 -0.437314 -0.184545
vertex 0.361402 -0.432725 -0.175621
endloop
endfacet
facet normal -0.364985 -0.458470 -0.810303
outer loop
vertex 0.297325 -0.306424 -0.218220
vertex 0.361402 -0.432725 -0.175621
vertex 0.263353 -0.306424 -0.202918
endloop
endfacet
facet normal -0.017568 -0.280403 -0.959722
outer loop
vertex 0.611824 -0.306424 -0.232952
vertex 0.592043 -0.441879 -0.193014
vertex 0.430918 -0.440481 -0.190473
endloop
endfacet
facet normal -0.017419 -0.280587 -0.959670
outer loop
vertex 0.611824 -0.306424 -0.232952
vertex 0.430918 -0.440481 -0.190473
vertex 0.366882 -0.306424 -0.228506
endloop
endfacet
facet normal -0.142165 -0.332425 -0.932353
outer loop
vertex 0.366882 -0.306424 -0.228506
vertex 0.430918 -0.440481 -0.190473
vertex 0.384635 -0.437314 -0.184545
endloop
endfacet
facet normal -0.137985 -0.332107 -0.933094
outer loop
vertex 0.366882 -0.306424 -0.228506
vertex 0.384635 -0.437314 -0.184545
vertex 0.297325 -0.306424 -0.218220
endloop
endfacet
facet normal 0.124774 -0.298396 -0.946251
outer loop
vertex 0.689258 -0.306424 -0.222910
vertex 0.643227 -0.438666 -0.187278
vertex 0.592043 -0.441879 -0.193014
endloop
endfacet
facet normal 0.122799 -0.297123 -0.946910
outer loop
vertex 0.689258 -0.306424 -0.222910
vertex 0.592043 -0.441879 -0.193014
vertex 0.611824 -0.306424 -0.232952
endloop
endfacet
facet normal 0.330321 -0.356982 -0.873757
outer loop
vertex 0.744962 -0.306424 -0.202846
vertex 0.680843 -0.432264 -0.175673
vertex 0.643227 -0.438666 -0.187278
endloop
endfacet
facet normal 0.317669 -0.348212 -0.881949
outer loop
vertex 0.744962 -0.306424 -0.202846
vertex 0.643227 -0.438666 -0.187278
vertex 0.689258 -0.306424 -0.222910
endloop
endfacet
facet normal 0.700279 -0.491846 -0.517394
outer loop
vertex 0.766946 -0.306424 -0.178761
vertex 0.696583 -0.424826 -0.161440
vertex 0.680843 -0.432264 -0.175673
endloop
endfacet
facet normal 0.654775 -0.462681 -0.597659
outer loop
vertex 0.766946 -0.306424 -0.178761
vertex 0.680843 -0.432264 -0.175673
vertex 0.744962 -0.306424 -0.202846
endloop
endfacet
facet normal 0.539578 -0.837472 -0.086579
outer loop
vertex 0.665146 -0.468137 -0.131420
vertex 0.676910 -0.461796 -0.119440
vertex 0.676966 -0.470572 -0.034203
endloop
endfacet
facet normal 0.536217 -0.839665 -0.086227
outer loop
vertex 0.665146 -0.468137 -0.131420
vertex 0.676966 -0.470572 -0.034203
vertex 0.667737 -0.477006 -0.028941
endloop
endfacet
facet normal 0.153703 0.978628 0.136613
outer loop
vertex 0.636992 -0.451154 -0.098339
vertex 0.636692 -0.458934 -0.042269
vertex 0.663086 -0.463527 -0.039063
endloop
endfacet
facet normal 0.180896 0.975651 0.124020
outer loop
vertex 0.636992 -0.451154 -0.098339
vertex 0.663086 -0.463527 -0.039063
vertex 0.665234 -0.455370 -0.106366
endloop
endfacet
facet normal 0.027841 0.989551 0.141468
outer loop
vertex 0.593110 -0.450037 -0.095926
vertex 0.593546 -0.457603 -0.043088
vertex 0.636692 -0.458934 -0.042269
endloop
endfacet
facet normal 0.032762 0.989955 0.137535
outer loop
vertex 0.593110 -0.450037 -0.095926
vertex 0.636692 -0.458934 -0.042269
vertex 0.636992 -0.451154 -0.098339
endloop
endfacet
facet normal -0.029721 0.981939 0.186848
outer loop
vertex 0.468674 -0.451310 -0.096022
vertex 0.510153 -0.461015 -0.038422
vertex 0.593546 -0.457603 -0.043088
endloop
endfacet
facet normal -0.010235 0.989839 0.141821
outer loop
vertex 0.468674 -0.451310 -0.096022
vertex 0.593546 -0.457603 -0.043088
vertex 0.593110 -0.450037 -0.095926
endloop
endfacet
facet normal -0.086571 0.969404 0.229698
outer loop
vertex 0.428713 -0.453886 -0.099203
vertex 0.461009 -0.466515 -0.033732
vertex 0.510153 -0.461015 -0.038422
endloop
endfacet
facet normal -0.080284 0.971837 0.221557
outer loop
vertex 0.428713 -0.453886 -0.099203
vertex 0.510153 -0.461015 -0.038422
vertex 0.468674 -0.451310 -0.096022
endloop
endfacet
facet normal -0.181570 0.958288 0.220720
outer loop
vertex 0.395774 -0.460581 -0.113159
vertex 0.426137 -0.474259 -0.028797
vertex 0.461009 -0.466515 -0.033732
endloop
endfacet
facet normal -0.320057 0.888350 0.329238
outer loop
vertex 0.395774 -0.460581 -0.113159
vertex 0.461009 -0.466515 -0.033732
vertex 0.428713 -0.453886 -0.099203
endloop
endfacet
facet normal -0.577551 0.760765 0.296092
outer loop
vertex 0.395774 -0.460581 -0.113159
vertex 0.388805 -0.463614 -0.118960
vertex 0.417819 -0.477420 -0.026895
endloop
endfacet
facet normal -0.292115 0.921871 0.254603
outer loop
vertex 0.395774 -0.460581 -0.113159
vertex 0.417819 -0.477420 -0.026895
vertex 0.426137 -0.474259 -0.028797
endloop
endfacet
facet normal -0.039898 -0.735119 0.676763
outer loop
vertex 0.636164 -0.140424 0.188387
vertex 0.641286 -0.140702 0.188387
vertex 0.641286 -0.140424 0.188689
endloop
endfacet
facet normal 0.190445 -0.977617 -0.089422
outer loop
vertex 0.634263 -0.473210 -0.141731
vertex 0.665146 -0.468137 -0.131420
vertex 0.667737 -0.477006 -0.028941
endloop
endfacet
facet normal 0.142318 -0.986941 -0.075452
outer loop
vertex 0.634263 -0.473210 -0.141731
vertex 0.667737 -0.477006 -0.028941
vertex 0.641131 -0.481078 -0.025862
endloop
endfacet
facet normal 0.051514 -0.997504 -0.048298
outer loop
vertex 0.590657 -0.481054 -0.026240
vertex 0.588156 -0.475313 -0.147475
vertex 0.634263 -0.473210 -0.141731
endloop
endfacet
facet normal 0.000033 -0.997702 -0.067749
outer loop
vertex 0.590657 -0.481054 -0.026240
vertex 0.634263 -0.473210 -0.141731
vertex 0.641131 -0.481078 -0.025862
endloop
endfacet
facet normal -0.014694 -0.998787 -0.046993
outer loop
vertex 0.464751 -0.473565 -0.146041
vertex 0.588156 -0.475313 -0.147475
vertex 0.590657 -0.481054 -0.026240
endloop
endfacet
facet normal -0.051892 -0.998622 -0.007888
outer loop
vertex 0.464751 -0.473565 -0.146041
vertex 0.590657 -0.481054 -0.026240
vertex 0.525785 -0.477653 -0.030039
endloop
endfacet
facet normal -0.060722 -0.998150 -0.003226
outer loop
vertex 0.424471 -0.471130 -0.141272
vertex 0.464751 -0.473565 -0.146041
vertex 0.525785 -0.477653 -0.030039
endloop
endfacet
facet normal -0.020421 -0.998992 -0.039981
outer loop
vertex 0.424471 -0.471130 -0.141272
vertex 0.525785 -0.477653 -0.030039
vertex 0.483049 -0.476775 -0.030149
endloop
endfacet
facet normal -0.116172 -0.993170 0.010786
outer loop
vertex 0.400589 -0.468238 -0.132201
vertex 0.424471 -0.471130 -0.141272
vertex 0.483049 -0.476775 -0.030149
endloop
endfacet
facet normal 0.016314 -0.995206 -0.096433
outer loop
vertex 0.400589 -0.468238 -0.132201
vertex 0.483049 -0.476775 -0.030149
vertex 0.440974 -0.477637 -0.028371
endloop
endfacet
facet normal -0.324886 -0.944871 0.040833
outer loop
vertex 0.388805 -0.463614 -0.118960
vertex 0.400589 -0.468238 -0.132201
vertex 0.440974 -0.477637 -0.028371
endloop
endfacet
facet normal -0.018364 -0.989608 -0.142612
outer loop
vertex 0.388805 -0.463614 -0.118960
vertex 0.440974 -0.477637 -0.028371
vertex 0.417819 -0.477420 -0.026895
endloop
endfacet
facet normal 0.685819 -0.448599 0.573072
outer loop
vertex 0.709518 -0.282456 0.106264
vertex 0.707144 -0.283114 0.108590
vertex 0.673754 -0.452866 0.015670
endloop
endfacet
facet normal 0.657634 -0.456575 0.599214
outer loop
vertex 0.709518 -0.282456 0.106264
vertex 0.673754 -0.452866 0.015670
vertex 0.681451 -0.447453 0.011347
endloop
endfacet
facet normal 0.285498 0.436765 -0.853069
outer loop
vertex 0.644831 -0.437638 0.003405
vertex 0.695960 -0.280904 0.100763
vertex 0.704955 -0.281643 0.103395
endloop
endfacet
facet normal 0.192776 0.475777 -0.858180
outer loop
vertex 0.644831 -0.437638 0.003405
vertex 0.704955 -0.281643 0.103395
vertex 0.668059 -0.441476 0.006495
endloop
endfacet
facet normal 0.068842 0.504202 -0.860838
outer loop
vertex 0.605377 -0.436375 0.002458
vertex 0.676265 -0.280472 0.099441
vertex 0.695960 -0.280904 0.100763
endloop
endfacet
facet normal 0.037104 0.518528 -0.854255
outer loop
vertex 0.605377 -0.436375 0.002458
vertex 0.695960 -0.280904 0.100763
vertex 0.644831 -0.437638 0.003405
endloop
endfacet
facet normal -0.045391 0.534955 -0.843660
outer loop
vertex 0.547159 -0.439831 0.005340
vertex 0.649500 -0.280778 0.100687
vertex 0.676265 -0.280472 0.099441
endloop
endfacet
facet normal -0.073852 0.550763 -0.831388
outer loop
vertex 0.547159 -0.439831 0.005340
vertex 0.676265 -0.280472 0.099441
vertex 0.605377 -0.436375 0.002458
endloop
endfacet
facet normal -0.084122 0.539975 -0.837466
outer loop
vertex 0.495886 -0.445462 0.009933
vertex 0.624067 -0.281401 0.102840
vertex 0.649500 -0.280778 0.100687
endloop
endfacet
facet normal -0.135291 0.572022 -0.809004
outer loop
vertex 0.495886 -0.445462 0.009933
vertex 0.649500 -0.280778 0.100687
vertex 0.547159 -0.439831 0.005340
endloop
endfacet
facet normal -0.137517 0.554980 -0.820418
outer loop
vertex 0.460513 -0.451134 0.015437
vertex 0.604736 -0.282210 0.105533
vertex 0.624067 -0.281401 0.102840
endloop
endfacet
facet normal -0.216193 0.603528 -0.767473
outer loop
vertex 0.460513 -0.451134 0.015437
vertex 0.624067 -0.281401 0.102840
vertex 0.495886 -0.445462 0.009933
endloop
endfacet
facet normal -0.168754 0.572145 -0.802604
outer loop
vertex 0.595034 -0.282663 0.107250
vertex 0.604736 -0.282210 0.105533
vertex 0.460513 -0.451134 0.015437
endloop
endfacet
facet normal -0.327970 0.640376 -0.694517
outer loop
vertex 0.595034 -0.282663 0.107250
vertex 0.460513 -0.451134 0.015437
vertex 0.449175 -0.455071 0.017161
endloop
endfacet
facet normal 0.066704 -0.505835 0.860048
outer loop
vertex 0.595034 -0.282663 0.107250
vertex 0.449175 -0.455071 0.017161
vertex 0.474567 -0.453632 0.016038
endloop
endfacet
facet normal -0.037969 -0.449406 0.892520
outer loop
vertex 0.595034 -0.282663 0.107250
vertex 0.474567 -0.453632 0.016038
vertex 0.614396 -0.283137 0.107835
endloop
endfacet
facet normal 0.047688 -0.511260 0.858102
outer loop
vertex 0.474567 -0.453632 0.016038
vertex 0.517882 -0.451866 0.014683
vertex 0.638858 -0.283062 0.108534
endloop
endfacet
facet normal -0.023978 -0.458616 0.888311
outer loop
vertex 0.474567 -0.453632 0.016038
vertex 0.638858 -0.283062 0.108534
vertex 0.614396 -0.283137 0.107835
endloop
endfacet
facet normal -0.015958 -0.482437 0.875785
outer loop
vertex 0.517882 -0.451866 0.014683
vertex 0.558251 -0.452359 0.015147
vertex 0.663940 -0.283391 0.110151
endloop
endfacet
facet normal -0.063332 -0.449892 0.890835
outer loop
vertex 0.517882 -0.451866 0.014683
vertex 0.663940 -0.283391 0.110151
vertex 0.638858 -0.283062 0.108534
endloop
endfacet
facet normal -0.086265 -0.443980 0.891874
outer loop
vertex 0.558251 -0.452359 0.015147
vertex 0.603805 -0.455728 0.017876
vertex 0.684510 -0.283694 0.111322
endloop
endfacet
facet normal -0.057190 -0.461882 0.885096
outer loop
vertex 0.558251 -0.452359 0.015147
vertex 0.684510 -0.283694 0.111322
vertex 0.663940 -0.283391 0.110151
endloop
endfacet
facet normal -0.012161 -0.468967 0.883132
outer loop
vertex 0.603805 -0.455728 0.017876
vertex 0.650643 -0.456178 0.018282
vertex 0.700334 -0.283564 0.110629
endloop
endfacet
facet normal 0.042123 -0.492080 0.869530
outer loop
vertex 0.603805 -0.455728 0.017876
vertex 0.700334 -0.283564 0.110629
vertex 0.684510 -0.283694 0.111322
endloop
endfacet
facet normal 0.167570 -0.498526 0.850525
outer loop
vertex 0.650643 -0.456178 0.018282
vertex 0.673754 -0.452866 0.015670
vertex 0.707144 -0.283114 0.108590
endloop
endfacet
facet normal 0.277029 -0.514048 0.811794
outer loop
vertex 0.650643 -0.456178 0.018282
vertex 0.707144 -0.283114 0.108590
vertex 0.700334 -0.283564 0.110629
endloop
endfacet
facet normal -0.055085 0.998478 -0.002678
outer loop
vertex 0.633575 -0.140436 0.188040
vertex 0.641206 -0.140015 0.188040
vertex 0.629078 -0.140766 0.157506
endloop
endfacet
facet normal -0.141671 0.989862 0.010168
outer loop
vertex 0.633575 -0.140436 0.188040
vertex 0.629078 -0.140766 0.157506
vertex 0.619790 -0.142115 0.159424
endloop
endfacet
facet normal 0.490949 -0.202654 0.847290
outer loop
vertex 0.713946 -0.152612 0.146935
vertex 0.712032 -0.153561 0.147817
vertex 0.712227 -0.227717 0.129968
endloop
endfacet
facet normal 0.675533 -0.177155 0.715732
outer loop
vertex 0.713946 -0.152612 0.146935
vertex 0.712227 -0.227717 0.129968
vertex 0.713946 -0.227303 0.128448
endloop
endfacet
facet normal 0.190426 0.249667 -0.949423
outer loop
vertex 0.703421 -0.226145 0.124183
vertex 0.700977 -0.149226 0.143920
vertex 0.709682 -0.150728 0.145271
endloop
endfacet
facet normal 0.294248 0.234638 -0.926479
outer loop
vertex 0.703421 -0.226145 0.124183
vertex 0.709682 -0.150728 0.145271
vertex 0.710572 -0.226722 0.126308
endloop
endfacet
facet normal 0.067537 0.252443 -0.965252
outer loop
vertex 0.686943 -0.225802 0.122911
vertex 0.684335 -0.148192 0.143026
vertex 0.700977 -0.149226 0.143920
endloop
endfacet
facet normal 0.079694 0.250127 -0.964928
outer loop
vertex 0.686943 -0.225802 0.122911
vertex 0.700977 -0.149226 0.143920
vertex 0.703421 -0.226145 0.124183
endloop
endfacet
facet normal -0.008889 0.245648 -0.969318
outer loop
vertex 0.666150 -0.225958 0.123485
vertex 0.666389 -0.148289 0.143166
vertex 0.684335 -0.148192 0.143026
endloop
endfacet
facet normal -0.028592 0.249887 -0.967853
outer loop
vertex 0.666150 -0.225958 0.123485
vertex 0.684335 -0.148192 0.143026
vertex 0.686943 -0.225802 0.122911
endloop
endfacet
facet normal -0.043851 0.240849 -0.969571
outer loop
vertex 0.644671 -0.226307 0.124768
vertex 0.645495 -0.149094 0.143911
vertex 0.666389 -0.148289 0.143166
endloop
endfacet
facet normal -0.061776 0.245340 -0.967467
outer loop
vertex 0.644671 -0.226307 0.124768
vertex 0.666389 -0.148289 0.143166
vertex 0.666150 -0.225958 0.123485
endloop
endfacet
facet normal -0.092406 0.236514 -0.967224
outer loop
vertex 0.626661 -0.226833 0.126701
vertex 0.625396 -0.150788 0.145417
vertex 0.645495 -0.149094 0.143911
endloop
endfacet
facet normal -0.110526 0.240274 -0.964392
outer loop
vertex 0.626661 -0.226833 0.126701
vertex 0.645495 -0.149094 0.143911
vertex 0.644671 -0.226307 0.124768
endloop
endfacet
facet normal -0.223425 0.229437 -0.947333
outer loop
vertex 0.617147 -0.152553 0.146935
vertex 0.625396 -0.150788 0.145417
vertex 0.626661 -0.226833 0.126701
endloop
endfacet
facet normal -0.181146 0.236810 -0.954519
outer loop
vertex 0.617147 -0.152553 0.146935
vertex 0.626661 -0.226833 0.126701
vertex 0.616953 -0.227298 0.128428
endloop
endfacet
facet normal -0.045176 -0.239988 0.969724
outer loop
vertex 0.617147 -0.152553 0.146935
vertex 0.616953 -0.227298 0.128428
vertex 0.634935 -0.227511 0.129213
endloop
endfacet
facet normal -0.038867 -0.238633 0.970332
outer loop
vertex 0.617147 -0.152553 0.146935
vertex 0.634935 -0.227511 0.129213
vertex 0.631917 -0.153019 0.147412
endloop
endfacet
facet normal -0.042694 -0.235733 0.970880
outer loop
vertex 0.634935 -0.227511 0.129213
vertex 0.656799 -0.227756 0.130115
vertex 0.654779 -0.153709 0.148005
endloop
endfacet
facet normal -0.032373 -0.238441 0.970617
outer loop
vertex 0.634935 -0.227511 0.129213
vertex 0.654779 -0.153709 0.148005
vertex 0.631917 -0.153019 0.147412
endloop
endfacet
facet normal -0.071407 -0.231274 0.970265
outer loop
vertex 0.656799 -0.227756 0.130115
vertex 0.678824 -0.228171 0.131637
vertex 0.675335 -0.154692 0.148895
endloop
endfacet
facet normal -0.053293 -0.235886 0.970318
outer loop
vertex 0.656799 -0.227756 0.130115
vertex 0.675335 -0.154692 0.148895
vertex 0.654779 -0.153709 0.148005
endloop
endfacet
facet normal -0.039831 -0.227090 0.973059
outer loop
vertex 0.678824 -0.228171 0.131637
vertex 0.696192 -0.228355 0.132305
vertex 0.694763 -0.155175 0.149325
endloop
endfacet
facet normal -0.027244 -0.229788 0.972859
outer loop
vertex 0.678824 -0.228171 0.131637
vertex 0.694763 -0.155175 0.149325
vertex 0.675335 -0.154692 0.148895
endloop
endfacet
facet normal 0.074087 -0.226434 0.971205
outer loop
vertex 0.696192 -0.228355 0.132305
vertex 0.707890 -0.228126 0.131466
vertex 0.707912 -0.154431 0.148646
endloop
endfacet
facet normal 0.062938 -0.224915 0.972344
outer loop
vertex 0.696192 -0.228355 0.132305
vertex 0.707912 -0.154431 0.148646
vertex 0.694763 -0.155175 0.149325
endloop
endfacet
facet normal 0.336936 -0.219491 0.915586
outer loop
vertex 0.707890 -0.228126 0.131466
vertex 0.712227 -0.227717 0.129968
vertex 0.712032 -0.153561 0.147817
endloop
endfacet
facet normal 0.236963 -0.220629 0.946135
outer loop
vertex 0.707890 -0.228126 0.131466
vertex 0.712032 -0.153561 0.147817
vertex 0.707912 -0.154431 0.148646
endloop
endfacet
facet normal -0.039975 0.733932 0.678045
outer loop
vertex 0.641286 -0.140145 0.188387
vertex 0.636164 -0.140424 0.188387
vertex 0.641286 -0.140424 0.188689
endloop
endfacet
facet normal 0.331482 0.927261 0.174090
outer loop
vertex 0.687084 -0.140436 0.188041
vertex 0.707188 -0.142189 0.159099
vertex 0.703781 -0.140702 0.157666
endloop
endfacet
facet normal 0.296234 0.942522 0.154588
outer loop
vertex 0.687084 -0.140436 0.188041
vertex 0.703781 -0.140702 0.157666
vertex 0.686101 -0.140127 0.188041
endloop
endfacet
facet normal 0.141553 0.987691 0.066557
outer loop
vertex 0.696463 -0.139489 0.156537
vertex 0.683352 -0.139733 0.188041
vertex 0.686101 -0.140127 0.188041
endloop
endfacet
facet normal 0.152580 0.985799 0.070148
outer loop
vertex 0.696463 -0.139489 0.156537
vertex 0.686101 -0.140127 0.188041
vertex 0.703781 -0.140702 0.157666
endloop
endfacet
facet normal 0.059384 -0.989557 0.131343
outer loop
vertex 0.689433 -0.144302 0.161423
vertex 0.701390 -0.143665 0.160816
vertex 0.683400 -0.141131 0.188042
endloop
endfacet
facet normal 0.040349 -0.991055 0.127208
outer loop
vertex 0.689433 -0.144302 0.161423
vertex 0.683400 -0.141131 0.188042
vertex 0.675494 -0.141453 0.188041
endloop
endfacet
facet normal -0.021265 -0.995213 0.095383
outer loop
vertex 0.671557 -0.143955 0.161058
vertex 0.689433 -0.144302 0.161423
vertex 0.675494 -0.141453 0.188041
endloop
endfacet
facet normal -0.002527 -0.995691 0.092695
outer loop
vertex 0.671557 -0.143955 0.161058
vertex 0.675494 -0.141453 0.188041
vertex 0.662492 -0.141420 0.188041
endloop
endfacet
facet normal -0.045074 -0.995901 0.078422
outer loop
vertex 0.653682 -0.143203 0.160334
vertex 0.671557 -0.143955 0.161058
vertex 0.662492 -0.141420 0.188041
endloop
endfacet
facet normal -0.020185 -0.997301 0.070597
outer loop
vertex 0.653682 -0.143203 0.160334
vertex 0.662492 -0.141420 0.188041
vertex 0.651375 -0.141195 0.188041
endloop
endfacet
facet normal -0.030778 -0.997093 0.069700
outer loop
vertex 0.634074 -0.142632 0.159844
vertex 0.653682 -0.143203 0.160334
vertex 0.651375 -0.141195 0.188041
endloop
endfacet
facet normal -0.033825 -0.996863 0.071558
outer loop
vertex 0.634074 -0.142632 0.159844
vertex 0.651375 -0.141195 0.188041
vertex 0.641235 -0.140851 0.188040
endloop
endfacet
facet normal 0.085576 0.798222 0.596254
outer loop
vertex 0.683269 -0.140424 0.189031
vertex 0.685986 -0.140424 0.188641
vertex 0.685986 -0.140244 0.188400
endloop
endfacet
facet normal 0.101963 0.750411 0.653059
outer loop
vertex 0.683269 -0.140424 0.189031
vertex 0.685986 -0.140244 0.188400
vertex 0.683269 -0.139867 0.188391
endloop
endfacet
facet normal -0.034546 0.999344 -0.010859
outer loop
vertex 0.629078 -0.140766 0.157506
vertex 0.641206 -0.140015 0.188040
vertex 0.651331 -0.139665 0.188040
endloop
endfacet
facet normal -0.075662 0.996949 0.019194
outer loop
vertex 0.629078 -0.140766 0.157506
vertex 0.651331 -0.139665 0.188040
vertex 0.646984 -0.139386 0.156413
endloop
endfacet
facet normal -0.020061 0.999732 0.011578
outer loop
vertex 0.646984 -0.139386 0.156413
vertex 0.651331 -0.139665 0.188040
vertex 0.662444 -0.139442 0.188040
endloop
endfacet
facet normal -0.035055 0.999207 0.018904
outer loop
vertex 0.646984 -0.139386 0.156413
vertex 0.662444 -0.139442 0.188040
vertex 0.665467 -0.138726 0.155802
endloop
endfacet
facet normal -0.002386 0.999756 0.021980
outer loop
vertex 0.665467 -0.138726 0.155802
vertex 0.662444 -0.139442 0.188040
vertex 0.675431 -0.139411 0.188040
endloop
endfacet
facet normal -0.004826 0.999730 0.022734
outer loop
vertex 0.665467 -0.138726 0.155802
vertex 0.675431 -0.139411 0.188040
vertex 0.681952 -0.138645 0.155739
endloop
endfacet
facet normal 0.040594 0.998667 0.031879
outer loop
vertex 0.681952 -0.138645 0.155739
vertex 0.675431 -0.139411 0.188040
vertex 0.683352 -0.139733 0.188041
endloop
endfacet
facet normal 0.056329 0.997926 0.031172
outer loop
vertex 0.681952 -0.138645 0.155739
vertex 0.683352 -0.139733 0.188041
vertex 0.696463 -0.139489 0.156537
endloop
endfacet
facet normal 0.223538 -0.945759 0.235737
outer loop
vertex 0.683400 -0.141131 0.188042
vertex 0.701390 -0.143665 0.160816
vertex 0.705262 -0.142941 0.160049
endloop
endfacet
facet normal 0.140160 -0.974988 0.172493
outer loop
vertex 0.683400 -0.141131 0.188042
vertex 0.705262 -0.142941 0.160049
vertex 0.686121 -0.140740 0.188041
endloop
endfacet
facet normal 0.290823 -0.921385 0.257822
outer loop
vertex 0.707188 -0.142189 0.159099
vertex 0.687084 -0.140436 0.188041
vertex 0.686121 -0.140740 0.188041
endloop
endfacet
facet normal 0.497997 -0.768897 0.400993
outer loop
vertex 0.707188 -0.142189 0.159099
vertex 0.686121 -0.140740 0.188041
vertex 0.705262 -0.142941 0.160049
endloop
endfacet
facet normal -0.038322 -0.996301 0.076919
outer loop
vertex 0.633575 -0.140436 0.188040
vertex 0.619790 -0.142115 0.159424
vertex 0.634074 -0.142632 0.159844
endloop
endfacet
facet normal -0.053940 -0.995603 0.076585
outer loop
vertex 0.633575 -0.140436 0.188040
vertex 0.634074 -0.142632 0.159844
vertex 0.641235 -0.140851 0.188040
endloop
endfacet
facet normal 0.684324 -0.564192 -0.461940
outer loop
vertex 0.680843 -0.432264 -0.175673
vertex 0.696583 -0.424826 -0.161440
vertex 0.689047 -0.437801 -0.156757
endloop
endfacet
facet normal 0.698427 -0.545970 -0.462726
outer loop
vertex 0.680843 -0.432264 -0.175673
vertex 0.689047 -0.437801 -0.156757
vertex 0.674547 -0.445005 -0.170143
endloop
endfacet
facet normal 0.659196 -0.661159 -0.358231
outer loop
vertex 0.674547 -0.445005 -0.170143
vertex 0.689047 -0.437801 -0.156757
vertex 0.682662 -0.449383 -0.147130
endloop
endfacet
facet normal 0.676628 -0.641919 -0.360713
outer loop
vertex 0.674547 -0.445005 -0.170143
vertex 0.682662 -0.449383 -0.147130
vertex 0.669354 -0.456296 -0.159791
endloop
endfacet
facet normal 0.630499 -0.729834 -0.264222
outer loop
vertex 0.669354 -0.456296 -0.159791
vertex 0.682662 -0.449383 -0.147130
vertex 0.678400 -0.457809 -0.134026
endloop
endfacet
facet normal 0.647036 -0.713405 -0.269067
outer loop
vertex 0.669354 -0.456296 -0.159791
vertex 0.678400 -0.457809 -0.134026
vertex 0.666052 -0.464419 -0.146194
endloop
endfacet
facet normal 0.582729 -0.797090 -0.158348
outer loop
vertex 0.666052 -0.464419 -0.146194
vertex 0.678400 -0.457809 -0.134026
vertex 0.676910 -0.461796 -0.119440
endloop
endfacet
facet normal 0.591284 -0.789917 -0.162526
outer loop
vertex 0.666052 -0.464419 -0.146194
vertex 0.676910 -0.461796 -0.119440
vertex 0.665146 -0.468137 -0.131420
endloop
endfacet
facet normal 0.331686 -0.508727 -0.794469
outer loop
vertex 0.643227 -0.438666 -0.187278
vertex 0.680843 -0.432264 -0.175673
vertex 0.674547 -0.445005 -0.170143
endloop
endfacet
facet normal 0.334769 -0.501832 -0.797555
outer loop
vertex 0.643227 -0.438666 -0.187278
vertex 0.674547 -0.445005 -0.170143
vertex 0.639126 -0.451117 -0.181165
endloop
endfacet
facet normal 0.317074 -0.716021 -0.621914
outer loop
vertex 0.639126 -0.451117 -0.181165
vertex 0.674547 -0.445005 -0.170143
vertex 0.669354 -0.456296 -0.159791
endloop
endfacet
facet normal 0.320934 -0.710662 -0.626068
outer loop
vertex 0.639126 -0.451117 -0.181165
vertex 0.669354 -0.456296 -0.159791
vertex 0.635982 -0.462054 -0.170362
endloop
endfacet
facet normal 0.286079 -0.851584 -0.439276
outer loop
vertex 0.635982 -0.462054 -0.170362
vertex 0.669354 -0.456296 -0.159791
vertex 0.666052 -0.464419 -0.146194
endloop
endfacet
facet normal 0.287495 -0.850262 -0.440909
outer loop
vertex 0.635982 -0.462054 -0.170362
vertex 0.666052 -0.464419 -0.146194
vertex 0.634274 -0.469812 -0.156515
endloop
endfacet
facet normal 0.233292 -0.946295 -0.223833
outer loop
vertex 0.634274 -0.469812 -0.156515
vertex 0.666052 -0.464419 -0.146194
vertex 0.665146 -0.468137 -0.131420
endloop
endfacet
facet normal 0.228613 -0.948815 -0.217911
outer loop
vertex 0.634274 -0.469812 -0.156515
vertex 0.665146 -0.468137 -0.131420
vertex 0.634263 -0.473210 -0.141731
endloop
endfacet
facet normal -0.017989 -0.456642 -0.889469
outer loop
vertex 0.430918 -0.440481 -0.190473
vertex 0.592043 -0.441879 -0.193014
vertex 0.590327 -0.454149 -0.186680
endloop
endfacet
facet normal -0.017954 -0.456284 -0.889653
outer loop
vertex 0.430918 -0.440481 -0.190473
vertex 0.590327 -0.454149 -0.186680
vertex 0.438156 -0.452759 -0.184322
endloop
endfacet
facet normal -0.017375 -0.712983 -0.700966
outer loop
vertex 0.438156 -0.452759 -0.184322
vertex 0.590327 -0.454149 -0.186680
vertex 0.588986 -0.464811 -0.175802
endloop
endfacet
facet normal -0.017593 -0.714566 -0.699347
outer loop
vertex 0.438156 -0.452759 -0.184322
vertex 0.588986 -0.464811 -0.175802
vertex 0.447127 -0.463358 -0.173718
endloop
endfacet
facet normal -0.015996 -0.879483 -0.475662
outer loop
vertex 0.447127 -0.463358 -0.173718
vertex 0.588986 -0.464811 -0.175802
vertex 0.588224 -0.472243 -0.162035
endloop
endfacet
facet normal -0.016843 -0.883362 -0.468388
outer loop
vertex 0.447127 -0.463358 -0.173718
vertex 0.588224 -0.472243 -0.162035
vertex 0.456466 -0.470664 -0.160275
endloop
endfacet
facet normal -0.014482 -0.978369 -0.206359
outer loop
vertex 0.456466 -0.470664 -0.160275
vertex 0.588224 -0.472243 -0.162035
vertex 0.588156 -0.475313 -0.147475
endloop
endfacet
facet normal -0.016119 -0.981524 -0.190661
outer loop
vertex 0.456466 -0.470664 -0.160275
vertex 0.588156 -0.475313 -0.147475
vertex 0.464751 -0.473565 -0.146041
endloop
endfacet
facet normal -0.143528 -0.509616 -0.848346
outer loop
vertex 0.384635 -0.437314 -0.184545
vertex 0.430918 -0.440481 -0.190473
vertex 0.438156 -0.452759 -0.184322
endloop
endfacet
facet normal -0.143456 -0.509363 -0.848511
outer loop
vertex 0.384635 -0.437314 -0.184545
vertex 0.438156 -0.452759 -0.184322
vertex 0.394219 -0.449710 -0.178724
endloop
endfacet
facet normal -0.134145 -0.755319 -0.641482
outer loop
vertex 0.394219 -0.449710 -0.178724
vertex 0.438156 -0.452759 -0.184322
vertex 0.447127 -0.463358 -0.173718
endloop
endfacet
facet normal -0.132449 -0.750808 -0.647105
outer loop
vertex 0.394219 -0.449710 -0.178724
vertex 0.447127 -0.463358 -0.173718
vertex 0.405155 -0.460489 -0.168456
endloop
endfacet
facet normal -0.113490 -0.903903 -0.412407
outer loop
vertex 0.405155 -0.460489 -0.168456
vertex 0.447127 -0.463358 -0.173718
vertex 0.456466 -0.470664 -0.160275
endloop
endfacet
facet normal -0.110468 -0.898560 -0.424719
outer loop
vertex 0.405155 -0.460489 -0.168456
vertex 0.456466 -0.470664 -0.160275
vertex 0.415778 -0.468011 -0.155305
endloop
endfacet
facet normal -0.082842 -0.984826 -0.152496
outer loop
vertex 0.415778 -0.468011 -0.155305
vertex 0.456466 -0.470664 -0.160275
vertex 0.464751 -0.473565 -0.146041
endloop
endfacet
facet normal -0.079414 -0.982385 -0.169156
outer loop
vertex 0.415778 -0.468011 -0.155305
vertex 0.464751 -0.473565 -0.146041
vertex 0.424471 -0.471130 -0.141272
endloop
endfacet
facet normal -0.385154 -0.619140 -0.684341
outer loop
vertex 0.361402 -0.432725 -0.175621
vertex 0.384635 -0.437314 -0.184545
vertex 0.394219 -0.449710 -0.178724
endloop
endfacet
facet normal -0.386198 -0.621692 -0.681432
outer loop
vertex 0.361402 -0.432725 -0.175621
vertex 0.394219 -0.449710 -0.178724
vertex 0.372051 -0.445303 -0.170181
endloop
endfacet
facet normal -0.345157 -0.806868 -0.479406
outer loop
vertex 0.372051 -0.445303 -0.170181
vertex 0.394219 -0.449710 -0.178724
vertex 0.405155 -0.460489 -0.168456
endloop
endfacet
facet normal -0.339018 -0.795986 -0.501471
outer loop
vertex 0.372051 -0.445303 -0.170181
vertex 0.405155 -0.460489 -0.168456
vertex 0.383238 -0.456469 -0.160020
endloop
endfacet
facet normal -0.281116 -0.913139 -0.295214
outer loop
vertex 0.383238 -0.456469 -0.160020
vertex 0.405155 -0.460489 -0.168456
vertex 0.415778 -0.468011 -0.155305
endloop
endfacet
facet normal -0.270007 -0.900488 -0.340907
outer loop
vertex 0.383238 -0.456469 -0.160020
vertex 0.415778 -0.468011 -0.155305
vertex 0.393259 -0.464523 -0.146683
endloop
endfacet
facet normal -0.189483 -0.976806 -0.099735
outer loop
vertex 0.393259 -0.464523 -0.146683
vertex 0.415778 -0.468011 -0.155305
vertex 0.424471 -0.471130 -0.141272
endloop
endfacet
facet normal -0.177996 -0.971098 -0.159019
outer loop
vertex 0.393259 -0.464523 -0.146683
vertex 0.424471 -0.471130 -0.141272
vertex 0.400589 -0.468238 -0.132201
endloop
endfacet
facet normal -0.451025 -0.115282 0.885035
outer loop
vertex 0.385367 -0.413785 -0.137492
vertex 0.354987 -0.422429 -0.154100
vertex 0.366465 -0.435168 -0.149910
endloop
endfacet
facet normal -0.425654 -0.142666 0.893569
outer loop
vertex 0.385367 -0.413785 -0.137492
vertex 0.366465 -0.435168 -0.149910
vertex 0.396252 -0.426901 -0.134401
endloop
endfacet
facet normal -0.492748 0.177169 0.851945
outer loop
vertex 0.396252 -0.426901 -0.134401
vertex 0.366465 -0.435168 -0.149910
vertex 0.378246 -0.446892 -0.140658
endloop
endfacet
facet normal -0.462343 0.142513 0.875174
outer loop
vertex 0.396252 -0.426901 -0.134401
vertex 0.378246 -0.446892 -0.140658
vertex 0.408312 -0.439127 -0.126039
endloop
endfacet
facet normal -0.480042 0.494322 0.724711
outer loop
vertex 0.408312 -0.439127 -0.126039
vertex 0.378246 -0.446892 -0.140658
vertex 0.388539 -0.455816 -0.127753
endloop
endfacet
facet normal -0.451715 0.456460 0.766550
outer loop
vertex 0.408312 -0.439127 -0.126039
vertex 0.388539 -0.455816 -0.127753
vertex 0.419711 -0.448603 -0.113679
endloop
endfacet
facet normal -0.390584 0.800300 0.454933
outer loop
vertex 0.419711 -0.448603 -0.113679
vertex 0.388539 -0.455816 -0.127753
vertex 0.395774 -0.460581 -0.113159
endloop
endfacet
facet normal -0.374757 0.771254 0.514514
outer loop
vertex 0.419711 -0.448603 -0.113679
vertex 0.395774 -0.460581 -0.113159
vertex 0.428713 -0.453886 -0.099203
endloop
endfacet
facet normal 0.727809 -0.224868 0.647865
outer loop
vertex 0.696583 -0.424826 -0.161440
vertex 0.685471 -0.417445 -0.146395
vertex 0.678097 -0.430554 -0.142661
endloop
endfacet
facet normal 0.727961 -0.184474 0.660335
outer loop
vertex 0.696583 -0.424826 -0.161440
vertex 0.678097 -0.430554 -0.142661
vertex 0.689047 -0.437801 -0.156757
endloop
endfacet
facet normal 0.795407 0.023891 0.605605
outer loop
vertex 0.689047 -0.437801 -0.156757
vertex 0.678097 -0.430554 -0.142661
vertex 0.671661 -0.442365 -0.133742
endloop
endfacet
facet normal 0.788872 0.072373 0.610282
outer loop
vertex 0.689047 -0.437801 -0.156757
vertex 0.671661 -0.442365 -0.133742
vertex 0.682662 -0.449383 -0.147130
endloop
endfacet
facet normal 0.807739 0.312466 0.499923
outer loop
vertex 0.682662 -0.449383 -0.147130
vertex 0.671661 -0.442365 -0.133742
vertex 0.667144 -0.451079 -0.120997
endloop
endfacet
facet normal 0.789304 0.366678 0.492490
outer loop
vertex 0.682662 -0.449383 -0.147130
vertex 0.667144 -0.451079 -0.120997
vertex 0.678400 -0.457809 -0.134026
endloop
endfacet
facet normal 0.711203 0.644062 0.281735
outer loop
vertex 0.678400 -0.457809 -0.134026
vertex 0.667144 -0.451079 -0.120997
vertex 0.665234 -0.455370 -0.106366
endloop
endfacet
facet normal 0.671549 0.694437 0.258418
outer loop
vertex 0.678400 -0.457809 -0.134026
vertex 0.665234 -0.455370 -0.106366
vertex 0.676910 -0.461796 -0.119440
endloop
endfacet
facet normal 0.304309 0.082355 0.949007
outer loop
vertex 0.685471 -0.417445 -0.146395
vertex 0.651954 -0.412160 -0.136106
vertex 0.646290 -0.425490 -0.133133
endloop
endfacet
facet normal 0.300244 0.101271 0.948471
outer loop
vertex 0.685471 -0.417445 -0.146395
vertex 0.646290 -0.425490 -0.133133
vertex 0.678097 -0.430554 -0.142661
endloop
endfacet
facet normal 0.321253 0.441311 0.837879
outer loop
vertex 0.678097 -0.430554 -0.142661
vertex 0.646290 -0.425490 -0.133133
vertex 0.641458 -0.437581 -0.124912
endloop
endfacet
facet normal 0.315517 0.456343 0.831986
outer loop
vertex 0.678097 -0.430554 -0.142661
vertex 0.641458 -0.437581 -0.124912
vertex 0.671661 -0.442365 -0.133742
endloop
endfacet
facet normal 0.295883 0.729252 0.616964
outer loop
vertex 0.671661 -0.442365 -0.133742
vertex 0.641458 -0.437581 -0.124912
vertex 0.638193 -0.446593 -0.112694
endloop
endfacet
facet normal 0.288958 0.739481 0.608006
outer loop
vertex 0.671661 -0.442365 -0.133742
vertex 0.638193 -0.446593 -0.112694
vertex 0.667144 -0.451079 -0.120997
endloop
endfacet
facet normal 0.232261 0.921211 0.312131
outer loop
vertex 0.667144 -0.451079 -0.120997
vertex 0.638193 -0.446593 -0.112694
vertex 0.636992 -0.451154 -0.098339
endloop
endfacet
facet normal 0.223948 0.926929 0.301082
outer loop
vertex 0.667144 -0.451079 -0.120997
vertex 0.636992 -0.451154 -0.098339
vertex 0.665234 -0.455370 -0.106366
endloop
endfacet
facet normal 0.057596 0.192256 0.979653
outer loop
vertex 0.651954 -0.412160 -0.136106
vertex 0.599738 -0.410846 -0.133294
vertex 0.597107 -0.424193 -0.130520
endloop
endfacet
facet normal 0.057148 0.194134 0.979309
outer loop
vertex 0.651954 -0.412160 -0.136106
vertex 0.597107 -0.424193 -0.130520
vertex 0.646290 -0.425490 -0.133133
endloop
endfacet
facet normal 0.058802 0.545672 0.835933
outer loop
vertex 0.646290 -0.425490 -0.133133
vertex 0.597107 -0.424193 -0.130520
vertex 0.594923 -0.436328 -0.122445
endloop
endfacet
facet normal 0.059013 0.545056 0.836320
outer loop
vertex 0.646290 -0.425490 -0.133133
vertex 0.594923 -0.436328 -0.122445
vertex 0.641458 -0.437581 -0.124912
endloop
endfacet
facet normal 0.053353 0.797032 0.601576
outer loop
vertex 0.641458 -0.437581 -0.124912
vertex 0.594923 -0.436328 -0.122445
vertex 0.593520 -0.445403 -0.110297
endloop
endfacet
facet normal 0.053522 0.796726 0.601966
outer loop
vertex 0.641458 -0.437581 -0.124912
vertex 0.593520 -0.445403 -0.110297
vertex 0.638193 -0.446593 -0.112694
endloop
endfacet
facet normal 0.041831 0.950561 0.307709
outer loop
vertex 0.638193 -0.446593 -0.112694
vertex 0.593520 -0.445403 -0.110297
vertex 0.593110 -0.450037 -0.095926
endloop
endfacet
facet normal 0.041022 0.951251 0.305677
outer loop
vertex 0.638193 -0.446593 -0.112694
vertex 0.593110 -0.450037 -0.095926
vertex 0.636992 -0.451154 -0.098339
endloop
endfacet
facet normal -0.003808 0.206619 0.978414
outer loop
vertex 0.599738 -0.410846 -0.133294
vertex 0.421353 -0.411463 -0.133858
vertex 0.431083 -0.424751 -0.131014
endloop
endfacet
facet normal -0.003599 0.204168 0.978929
outer loop
vertex 0.599738 -0.410846 -0.133294
vertex 0.431083 -0.424751 -0.131014
vertex 0.597107 -0.424193 -0.130520
endloop
endfacet
facet normal -0.004338 0.553047 0.833139
outer loop
vertex 0.597107 -0.424193 -0.130520
vertex 0.431083 -0.424751 -0.131014
vertex 0.443493 -0.436990 -0.122825
endloop
endfacet
facet normal -0.004512 0.554547 0.832141
outer loop
vertex 0.597107 -0.424193 -0.130520
vertex 0.443493 -0.436990 -0.122825
vertex 0.594923 -0.436328 -0.122445
endloop
endfacet
facet normal -0.004996 0.793962 0.607946
outer loop
vertex 0.594923 -0.436328 -0.122445
vertex 0.443493 -0.436990 -0.122825
vertex 0.456693 -0.446316 -0.110537
endloop
endfacet
facet normal -0.006397 0.801476 0.597993
outer loop
vertex 0.594923 -0.436328 -0.122445
vertex 0.456693 -0.446316 -0.110537
vertex 0.593520 -0.445403 -0.110297
endloop
endfacet
facet normal -0.006877 0.943815 0.330402
outer loop
vertex 0.593520 -0.445403 -0.110297
vertex 0.456693 -0.446316 -0.110537
vertex 0.468674 -0.451310 -0.096022
endloop
endfacet
facet normal -0.009973 0.951778 0.306626
outer loop
vertex 0.593520 -0.445403 -0.110297
vertex 0.468674 -0.451310 -0.096022
vertex 0.593110 -0.450037 -0.095926
endloop
endfacet
facet normal -0.108511 0.141825 0.983926
outer loop
vertex 0.421353 -0.411463 -0.133858
vertex 0.385367 -0.413785 -0.137492
vertex 0.396252 -0.426901 -0.134401
endloop
endfacet
facet normal -0.104133 0.134653 0.985406
outer loop
vertex 0.421353 -0.411463 -0.133858
vertex 0.396252 -0.426901 -0.134401
vertex 0.431083 -0.424751 -0.131014
endloop
endfacet
facet normal -0.114222 0.481618 0.868906
outer loop
vertex 0.431083 -0.424751 -0.131014
vertex 0.396252 -0.426901 -0.134401
vertex 0.408312 -0.439127 -0.126039
endloop
endfacet
facet normal -0.108623 0.474375 0.873596
outer loop
vertex 0.431083 -0.424751 -0.131014
vertex 0.408312 -0.439127 -0.126039
vertex 0.443493 -0.436990 -0.122825
endloop
endfacet
facet normal -0.105645 0.739732 0.664557
outer loop
vertex 0.443493 -0.436990 -0.122825
vertex 0.408312 -0.439127 -0.126039
vertex 0.419711 -0.448603 -0.113679
endloop
endfacet
facet normal -0.102359 0.736350 0.668814
outer loop
vertex 0.443493 -0.436990 -0.122825
vertex 0.419711 -0.448603 -0.113679
vertex 0.456693 -0.446316 -0.110537
endloop
endfacet
facet normal -0.089822 0.916311 0.390264
outer loop
vertex 0.456693 -0.446316 -0.110537
vertex 0.419711 -0.448603 -0.113679
vertex 0.428713 -0.453886 -0.099203
endloop
endfacet
facet normal -0.090103 0.916520 0.389709
outer loop
vertex 0.456693 -0.446316 -0.110537
vertex 0.428713 -0.453886 -0.099203
vertex 0.468674 -0.451310 -0.096022
endloop
endfacet
facet normal 0.127386 -0.470615 -0.873095
outer loop
vertex 0.592043 -0.441879 -0.193014
vertex 0.643227 -0.438666 -0.187278
vertex 0.639126 -0.451117 -0.181165
endloop
endfacet
facet normal 0.127903 -0.469002 -0.873886
outer loop
vertex 0.592043 -0.441879 -0.193014
vertex 0.639126 -0.451117 -0.181165
vertex 0.590327 -0.454149 -0.186680
endloop
endfacet
facet normal 0.122218 -0.715030 -0.688327
outer loop
vertex 0.590327 -0.454149 -0.186680
vertex 0.639126 -0.451117 -0.181165
vertex 0.635982 -0.462054 -0.170362
endloop
endfacet
facet normal 0.121557 -0.716315 -0.687107
outer loop
vertex 0.590327 -0.454149 -0.186680
vertex 0.635982 -0.462054 -0.170362
vertex 0.588986 -0.464811 -0.175802
endloop
endfacet
facet normal 0.106313 -0.872997 -0.475997
outer loop
vertex 0.588986 -0.464811 -0.175802
vertex 0.635982 -0.462054 -0.170362
vertex 0.634274 -0.469812 -0.156515
endloop
endfacet
facet normal 0.102450 -0.877693 -0.468144
outer loop
vertex 0.588986 -0.464811 -0.175802
vertex 0.634274 -0.469812 -0.156515
vertex 0.588224 -0.472243 -0.162035
endloop
endfacet
facet normal 0.078055 -0.971628 -0.223265
outer loop
vertex 0.588224 -0.472243 -0.162035
vertex 0.634274 -0.469812 -0.156515
vertex 0.634263 -0.473210 -0.141731
endloop
endfacet
facet normal 0.070124 -0.976143 -0.205493
outer loop
vertex 0.588224 -0.472243 -0.162035
vertex 0.634263 -0.473210 -0.141731
vertex 0.588156 -0.475313 -0.147475
endloop
endfacet
facet normal -0.685160 -0.685993 -0.244886
outer loop
vertex 0.349353 -0.425804 -0.161297
vertex 0.361402 -0.432725 -0.175621
vertex 0.372051 -0.445303 -0.170181
endloop
endfacet
facet normal -0.683779 -0.695764 -0.219908
outer loop
vertex 0.349353 -0.425804 -0.161297
vertex 0.372051 -0.445303 -0.170181
vertex 0.360815 -0.438543 -0.156632
endloop
endfacet
facet normal -0.631106 -0.762405 -0.142980
outer loop
vertex 0.360815 -0.438543 -0.156632
vertex 0.372051 -0.445303 -0.170181
vertex 0.383238 -0.456469 -0.160020
endloop
endfacet
facet normal -0.630995 -0.758583 -0.162471
outer loop
vertex 0.360815 -0.438543 -0.156632
vertex 0.383238 -0.456469 -0.160020
vertex 0.372338 -0.450202 -0.146948
endloop
endfacet
facet normal -0.562652 -0.823335 -0.074443
outer loop
vertex 0.372338 -0.450202 -0.146948
vertex 0.383238 -0.456469 -0.160020
vertex 0.393259 -0.464523 -0.146683
endloop
endfacet
facet normal -0.558968 -0.818973 -0.129764
outer loop
vertex 0.372338 -0.450202 -0.146948
vertex 0.393259 -0.464523 -0.146683
vertex 0.382166 -0.459006 -0.133719
endloop
endfacet
facet normal -0.447829 -0.894115 -0.002697
outer loop
vertex 0.382166 -0.459006 -0.133719
vertex 0.393259 -0.464523 -0.146683
vertex 0.400589 -0.468238 -0.132201
endloop
endfacet
facet normal -0.441238 -0.893766 -0.080566
outer loop
vertex 0.382166 -0.459006 -0.133719
vertex 0.400589 -0.468238 -0.132201
vertex 0.388805 -0.463614 -0.118960
endloop
endfacet
facet normal -0.654987 -0.342713 0.673453
outer loop
vertex 0.354987 -0.422429 -0.154100
vertex 0.349353 -0.425804 -0.161297
vertex 0.360815 -0.438543 -0.156632
endloop
endfacet
facet normal -0.630107 -0.337759 0.699203
outer loop
vertex 0.354987 -0.422429 -0.154100
vertex 0.360815 -0.438543 -0.156632
vertex 0.366465 -0.435168 -0.149910
endloop
endfacet
facet normal -0.719473 -0.147337 0.678713
outer loop
vertex 0.366465 -0.435168 -0.149910
vertex 0.360815 -0.438543 -0.156632
vertex 0.372338 -0.450202 -0.146948
endloop
endfacet
facet normal -0.688318 -0.128215 0.713989
outer loop
vertex 0.366465 -0.435168 -0.149910
vertex 0.372338 -0.450202 -0.146948
vertex 0.378246 -0.446892 -0.140658
endloop
endfacet
facet normal -0.755063 0.124410 0.643741
outer loop
vertex 0.378246 -0.446892 -0.140658
vertex 0.372338 -0.450202 -0.146948
vertex 0.382166 -0.459006 -0.133719
endloop
endfacet
facet normal -0.715820 0.157983 0.680178
outer loop
vertex 0.378246 -0.446892 -0.140658
vertex 0.382166 -0.459006 -0.133719
vertex 0.388539 -0.455816 -0.127753
endloop
endfacet
facet normal -0.708425 0.517269 0.480173
outer loop
vertex 0.388539 -0.455816 -0.127753
vertex 0.382166 -0.459006 -0.133719
vertex 0.388805 -0.463614 -0.118960
endloop
endfacet
facet normal -0.662497 0.550363 0.508133
outer loop
vertex 0.388539 -0.455816 -0.127753
vertex 0.388805 -0.463614 -0.118960
vertex 0.395774 -0.460581 -0.113159
endloop
endfacet
facet normal -0.607035 -0.422244 0.673215
outer loop
vertex 0.246946 -0.306424 -0.178761
vertex 0.349353 -0.425804 -0.161297
vertex 0.354987 -0.422429 -0.154100
endloop
endfacet
facet normal -0.676275 -0.518638 0.523132
outer loop
vertex 0.246946 -0.306424 -0.178761
vertex 0.354987 -0.422429 -0.154100
vertex 0.256227 -0.306424 -0.166763
endloop
endfacet
facet normal 0.449920 0.893018 0.009553
outer loop
vertex 0.676966 -0.470572 -0.034203
vertex 0.663086 -0.463527 -0.039063
vertex 0.663041 -0.463593 -0.030771
endloop
endfacet
facet normal 0.444607 0.895561 -0.017173
outer loop
vertex 0.676966 -0.470572 -0.034203
vertex 0.663041 -0.463593 -0.030771
vertex 0.677123 -0.470489 -0.025808
endloop
endfacet
facet normal 0.483919 0.855462 -0.184411
outer loop
vertex 0.677123 -0.470489 -0.025808
vertex 0.663041 -0.463593 -0.030771
vertex 0.663402 -0.461903 -0.021984
endloop
endfacet
facet normal 0.477646 0.854411 -0.204541
outer loop
vertex 0.677123 -0.470489 -0.025808
vertex 0.663402 -0.461903 -0.021984
vertex 0.677574 -0.468622 -0.016956
endloop
endfacet
facet normal 0.499464 0.793783 -0.347051
outer loop
vertex 0.677574 -0.468622 -0.016956
vertex 0.663402 -0.461903 -0.021984
vertex 0.664146 -0.458574 -0.013299
endloop
endfacet
facet normal 0.493836 0.791226 -0.360677
outer loop
vertex 0.677574 -0.468622 -0.016956
vertex 0.664146 -0.458574 -0.013299
vertex 0.678288 -0.465099 -0.008250
endloop
endfacet
facet normal 0.503331 0.711669 -0.490087
outer loop
vertex 0.678288 -0.465099 -0.008250
vertex 0.664146 -0.458574 -0.013299
vertex 0.665222 -0.453832 -0.005308
endloop
endfacet
facet normal 0.499393 0.709106 -0.497770
outer loop
vertex 0.678288 -0.465099 -0.008250
vertex 0.665222 -0.453832 -0.005308
vertex 0.679216 -0.460160 -0.000283
endloop
endfacet
facet normal 0.497011 0.605617 -0.621457
outer loop
vertex 0.679216 -0.460160 -0.000283
vertex 0.665222 -0.453832 -0.005308
vertex 0.666557 -0.448000 0.001443
endloop
endfacet
facet normal 0.495346 0.604258 -0.624103
outer loop
vertex 0.679216 -0.460160 -0.000283
vertex 0.666557 -0.448000 0.001443
vertex 0.680295 -0.454141 0.006401
endloop
endfacet
facet normal 0.477319 0.466674 -0.744568
outer loop
vertex 0.680295 -0.454141 0.006401
vertex 0.666557 -0.448000 0.001443
vertex 0.668059 -0.441476 0.006495
endloop
endfacet
facet normal 0.478028 0.467347 -0.743691
outer loop
vertex 0.680295 -0.454141 0.006401
vertex 0.668059 -0.441476 0.006495
vertex 0.681451 -0.447453 0.011347
endloop
endfacet
facet normal 0.169108 0.985405 0.019485
outer loop
vertex 0.663086 -0.463527 -0.039063
vertex 0.636692 -0.458934 -0.042269
vertex 0.636933 -0.459139 -0.033999
endloop
endfacet
facet normal 0.167112 0.985899 0.008757
outer loop
vertex 0.663086 -0.463527 -0.039063
vertex 0.636933 -0.459139 -0.033999
vertex 0.663041 -0.463593 -0.030771
endloop
endfacet
facet normal 0.187548 0.964464 -0.186106
outer loop
vertex 0.663041 -0.463593 -0.030771
vertex 0.636933 -0.459139 -0.033999
vertex 0.637724 -0.457598 -0.025216
endloop
endfacet
facet normal 0.185810 0.963457 -0.192939
outer loop
vertex 0.663041 -0.463593 -0.030771
vertex 0.637724 -0.457598 -0.025216
vertex 0.663402 -0.461903 -0.021984
endloop
endfacet
facet normal 0.198312 0.910544 -0.362742
outer loop
vertex 0.663402 -0.461903 -0.021984
vertex 0.637724 -0.457598 -0.025216
vertex 0.639010 -0.454413 -0.016518
endloop
endfacet
facet normal 0.197393 0.909614 -0.365567
outer loop
vertex 0.663402 -0.461903 -0.021984
vertex 0.639010 -0.454413 -0.016518
vertex 0.664146 -0.458574 -0.013299
endloop
endfacet
facet normal 0.203900 0.829547 -0.519881
outer loop
vertex 0.664146 -0.458574 -0.013299
vertex 0.639010 -0.454413 -0.016518
vertex 0.640703 -0.449803 -0.008498
endloop
endfacet
facet normal 0.203946 0.829607 -0.519767
outer loop
vertex 0.664146 -0.458574 -0.013299
vertex 0.640703 -0.449803 -0.008498
vertex 0.665222 -0.453832 -0.005308
endloop
endfacet
facet normal 0.204554 0.718471 -0.664798
outer loop
vertex 0.665222 -0.453832 -0.005308
vertex 0.640703 -0.449803 -0.008498
vertex 0.642689 -0.444081 -0.001703
endloop
endfacet
facet normal 0.205587 0.720089 -0.662726
outer loop
vertex 0.665222 -0.453832 -0.005308
vertex 0.642689 -0.444081 -0.001703
vertex 0.666557 -0.448000 0.001443
endloop
endfacet
facet normal 0.198508 0.567515 -0.799075
outer loop
vertex 0.666557 -0.448000 0.001443
vertex 0.642689 -0.444081 -0.001703
vertex 0.644831 -0.437638 0.003405
endloop
endfacet
facet normal 0.200232 0.570625 -0.796426
outer loop
vertex 0.666557 -0.448000 0.001443
vertex 0.644831 -0.437638 0.003405
vertex 0.668059 -0.441476 0.006495
endloop
endfacet
facet normal 0.030321 0.999189 0.026485
outer loop
vertex 0.636692 -0.458934 -0.042269
vertex 0.593546 -0.457603 -0.043088
vertex 0.594005 -0.457835 -0.034862
endloop
endfacet
facet normal 0.029874 0.999268 0.023890
outer loop
vertex 0.636692 -0.458934 -0.042269
vertex 0.594005 -0.457835 -0.034862
vertex 0.636933 -0.459139 -0.033999
endloop
endfacet
facet normal 0.033418 0.983886 -0.175645
outer loop
vertex 0.636933 -0.459139 -0.033999
vertex 0.594005 -0.457835 -0.034862
vertex 0.595221 -0.456315 -0.026116
endloop
endfacet
facet normal 0.033419 0.983888 -0.175634
outer loop
vertex 0.636933 -0.459139 -0.033999
vertex 0.595221 -0.456315 -0.026116
vertex 0.637724 -0.457598 -0.025216
endloop
endfacet
facet normal 0.035666 0.936113 -0.349885
outer loop
vertex 0.637724 -0.457598 -0.025216
vertex 0.595221 -0.456315 -0.026116
vertex 0.597113 -0.453147 -0.017447
endloop
endfacet
facet normal 0.036027 0.936686 -0.348313
outer loop
vertex 0.637724 -0.457598 -0.025216
vertex 0.597113 -0.453147 -0.017447
vertex 0.639010 -0.454413 -0.016518
endloop
endfacet
facet normal 0.037261 0.861362 -0.506624
outer loop
vertex 0.639010 -0.454413 -0.016518
vertex 0.597113 -0.453147 -0.017447
vertex 0.599551 -0.448546 -0.009445
endloop
endfacet
facet normal 0.037955 0.862866 -0.504005
outer loop
vertex 0.639010 -0.454413 -0.016518
vertex 0.599551 -0.448546 -0.009445
vertex 0.640703 -0.449803 -0.008498
endloop
endfacet
facet normal 0.038131 0.756281 -0.653135
outer loop
vertex 0.640703 -0.449803 -0.008498
vertex 0.599551 -0.448546 -0.009445
vertex 0.602370 -0.442825 -0.002656
endloop
endfacet
facet normal 0.039005 0.758688 -0.650285
outer loop
vertex 0.640703 -0.449803 -0.008498
vertex 0.602370 -0.442825 -0.002656
vertex 0.642689 -0.444081 -0.001703
endloop
endfacet
facet normal 0.037711 0.609990 -0.791512
outer loop
vertex 0.642689 -0.444081 -0.001703
vertex 0.602370 -0.442825 -0.002656
vertex 0.605377 -0.436375 0.002458
endloop
endfacet
facet normal 0.038564 0.612882 -0.789233
outer loop
vertex 0.642689 -0.444081 -0.001703
vertex 0.605377 -0.436375 0.002458
vertex 0.644831 -0.437638 0.003405
endloop
endfacet
facet normal -0.036779 0.996761 0.071523
outer loop
vertex 0.593546 -0.457603 -0.043088
vertex 0.510153 -0.461015 -0.038422
vertex 0.515980 -0.461362 -0.030590
endloop
endfacet
facet normal -0.043465 0.998586 0.030590
outer loop
vertex 0.593546 -0.457603 -0.043088
vertex 0.515980 -0.461362 -0.030590
vertex 0.594005 -0.457835 -0.034862
endloop
endfacet
facet normal -0.051896 0.990102 -0.130405
outer loop
vertex 0.594005 -0.457835 -0.034862
vertex 0.515980 -0.461362 -0.030590
vertex 0.522547 -0.459917 -0.022232
endloop
endfacet
facet normal -0.057537 0.984917 -0.163179
outer loop
vertex 0.594005 -0.457835 -0.034862
vertex 0.522547 -0.459917 -0.022232
vertex 0.595221 -0.456315 -0.026116
endloop
endfacet
facet normal -0.063438 0.949893 -0.306069
outer loop
vertex 0.595221 -0.456315 -0.026116
vertex 0.522547 -0.459917 -0.022232
vertex 0.529407 -0.456780 -0.013918
endloop
endfacet
facet normal -0.067701 0.941767 -0.329381
outer loop
vertex 0.595221 -0.456315 -0.026116
vertex 0.529407 -0.456780 -0.013918
vertex 0.597113 -0.453147 -0.017447
endloop
endfacet
facet normal -0.071615 0.881737 -0.466274
outer loop
vertex 0.597113 -0.453147 -0.017447
vertex 0.529407 -0.456780 -0.013918
vertex 0.536093 -0.452163 -0.006214
endloop
endfacet
facet normal -0.074263 0.874132 -0.479977
outer loop
vertex 0.597113 -0.453147 -0.017447
vertex 0.536093 -0.452163 -0.006214
vertex 0.599551 -0.448546 -0.009445
endloop
endfacet
facet normal -0.076069 0.782203 -0.618362
outer loop
vertex 0.599551 -0.448546 -0.009445
vertex 0.536093 -0.452163 -0.006214
vertex 0.542147 -0.446382 0.000354
endloop
endfacet
facet normal -0.077115 0.777960 -0.623563
outer loop
vertex 0.599551 -0.448546 -0.009445
vertex 0.542147 -0.446382 0.000354
vertex 0.602370 -0.442825 -0.002656
endloop
endfacet
facet normal -0.076018 0.640068 -0.764548
outer loop
vertex 0.602370 -0.442825 -0.002656
vertex 0.542147 -0.446382 0.000354
vertex 0.547159 -0.439831 0.005340
endloop
endfacet
facet normal -0.075861 0.640969 -0.763809
outer loop
vertex 0.602370 -0.442825 -0.002656
vertex 0.547159 -0.439831 0.005340
vertex 0.605377 -0.436375 0.002458
endloop
endfacet
facet normal -0.099121 0.987837 0.119803
outer loop
vertex 0.510153 -0.461015 -0.038422
vertex 0.461009 -0.466515 -0.033732
vertex 0.465369 -0.467038 -0.025813
endloop
endfacet
facet normal -0.099673 0.988006 0.117935
outer loop
vertex 0.510153 -0.461015 -0.038422
vertex 0.465369 -0.467038 -0.025813
vertex 0.515980 -0.461362 -0.030590
endloop
endfacet
facet normal -0.118429 0.989847 -0.078591
outer loop
vertex 0.515980 -0.461362 -0.030590
vertex 0.465369 -0.467038 -0.025813
vertex 0.470848 -0.465715 -0.017407
endloop
endfacet
facet normal -0.118312 0.989893 -0.078192
outer loop
vertex 0.515980 -0.461362 -0.030590
vertex 0.470848 -0.465715 -0.017407
vertex 0.522547 -0.459917 -0.022232
endloop
endfacet
facet normal -0.131320 0.957622 -0.256350
outer loop
vertex 0.522547 -0.459917 -0.022232
vertex 0.470848 -0.465715 -0.017407
vertex 0.477071 -0.462635 -0.009089
endloop
endfacet
facet normal -0.130639 0.958389 -0.253820
outer loop
vertex 0.522547 -0.459917 -0.022232
vertex 0.477071 -0.462635 -0.009089
vertex 0.529407 -0.456780 -0.013918
endloop
endfacet
facet normal -0.139158 0.895875 -0.421951
outer loop
vertex 0.529407 -0.456780 -0.013918
vertex 0.477071 -0.462635 -0.009089
vertex 0.483614 -0.458009 -0.001425
endloop
endfacet
facet normal -0.138170 0.897813 -0.418139
outer loop
vertex 0.529407 -0.456780 -0.013918
vertex 0.483614 -0.458009 -0.001425
vertex 0.536093 -0.452163 -0.006214
endloop
endfacet
facet normal -0.142300 0.800630 -0.582015
outer loop
vertex 0.536093 -0.452163 -0.006214
vertex 0.483614 -0.458009 -0.001425
vertex 0.490031 -0.452152 0.005063
endloop
endfacet
facet normal -0.141205 0.804051 -0.577549
outer loop
vertex 0.536093 -0.452163 -0.006214
vertex 0.490031 -0.452152 0.005063
vertex 0.542147 -0.446382 0.000354
endloop
endfacet
facet normal -0.139762 0.659788 -0.738340
outer loop
vertex 0.542147 -0.446382 0.000354
vertex 0.490031 -0.452152 0.005063
vertex 0.495886 -0.445462 0.009933
endloop
endfacet
facet normal -0.138764 0.664818 -0.734004
outer loop
vertex 0.542147 -0.446382 0.000354
vertex 0.495886 -0.445462 0.009933
vertex 0.547159 -0.439831 0.005340
endloop
endfacet
facet normal -0.198870 0.972546 0.120852
outer loop
vertex 0.461009 -0.466515 -0.033732
vertex 0.426137 -0.474259 -0.028797
vertex 0.429684 -0.474541 -0.020691
endloop
endfacet
facet normal -0.180474 0.969909 0.163418
outer loop
vertex 0.461009 -0.466515 -0.033732
vertex 0.429684 -0.474541 -0.020691
vertex 0.465369 -0.467038 -0.025813
endloop
endfacet
facet normal -0.214036 0.974774 -0.063279
outer loop
vertex 0.465369 -0.467038 -0.025813
vertex 0.429684 -0.474541 -0.020691
vertex 0.434611 -0.472903 -0.012124
endloop
endfacet
facet normal -0.198035 0.979872 -0.025149
outer loop
vertex 0.465369 -0.467038 -0.025813
vertex 0.434611 -0.472903 -0.012124
vertex 0.470848 -0.465715 -0.017407
endloop
endfacet
facet normal -0.221504 0.947662 -0.229941
outer loop
vertex 0.470848 -0.465715 -0.017407
vertex 0.434611 -0.472903 -0.012124
vertex 0.440583 -0.469458 -0.003679
endloop
endfacet
facet normal -0.208518 0.957645 -0.198587
outer loop
vertex 0.470848 -0.465715 -0.017407
vertex 0.440583 -0.469458 -0.003679
vertex 0.477071 -0.462635 -0.009089
endloop
endfacet
facet normal -0.224647 0.894039 -0.387593
outer loop
vertex 0.477071 -0.462635 -0.009089
vertex 0.440583 -0.469458 -0.003679
vertex 0.447193 -0.464439 0.004067
endloop
endfacet
facet normal -0.214862 0.906410 -0.363669
outer loop
vertex 0.477071 -0.462635 -0.009089
vertex 0.447193 -0.464439 0.004067
vertex 0.483614 -0.458009 -0.001425
endloop
endfacet
facet normal -0.224692 0.809792 -0.541987
outer loop
vertex 0.483614 -0.458009 -0.001425
vertex 0.447193 -0.464439 0.004067
vertex 0.453991 -0.458189 0.010587
endloop
endfacet
facet normal -0.218316 0.821939 -0.526075
outer loop
vertex 0.483614 -0.458009 -0.001425
vertex 0.453991 -0.458189 0.010587
vertex 0.490031 -0.452152 0.005063
endloop
endfacet
facet normal -0.221109 0.682981 -0.696166
outer loop
vertex 0.490031 -0.452152 0.005063
vertex 0.453991 -0.458189 0.010587
vertex 0.460513 -0.451134 0.015437
endloop
endfacet
facet normal -0.218042 0.691881 -0.688301
outer loop
vertex 0.490031 -0.452152 0.005063
vertex 0.460513 -0.451134 0.015437
vertex 0.495886 -0.445462 0.009933
endloop
endfacet
facet normal 0.665587 -0.515199 0.539967
outer loop
vertex 0.681451 -0.447453 0.011347
vertex 0.673754 -0.452866 0.015670
vertex 0.672367 -0.459697 0.010862
endloop
endfacet
facet normal 0.665149 -0.514897 0.540794
outer loop
vertex 0.681451 -0.447453 0.011347
vertex 0.672367 -0.459697 0.010862
vertex 0.680295 -0.454141 0.006401
endloop
endfacet
facet normal 0.667947 -0.603770 0.435096
outer loop
vertex 0.680295 -0.454141 0.006401
vertex 0.672367 -0.459697 0.010862
vertex 0.671023 -0.465886 0.004337
endloop
endfacet
facet normal 0.667616 -0.603626 0.435803
outer loop
vertex 0.680295 -0.454141 0.006401
vertex 0.671023 -0.465886 0.004337
vertex 0.679216 -0.460160 -0.000283
endloop
endfacet
facet normal 0.659789 -0.670809 0.338665
outer loop
vertex 0.679216 -0.460160 -0.000283
vertex 0.671023 -0.465886 0.004337
vertex 0.669814 -0.471010 -0.003457
endloop
endfacet
facet normal 0.659646 -0.670780 0.338999
outer loop
vertex 0.679216 -0.460160 -0.000283
vertex 0.669814 -0.471010 -0.003457
vertex 0.678288 -0.465099 -0.008250
endloop
endfacet
facet normal 0.643277 -0.726667 0.241142
outer loop
vertex 0.678288 -0.465099 -0.008250
vertex 0.669814 -0.471010 -0.003457
vertex 0.668821 -0.474721 -0.011991
endloop
endfacet
facet normal 0.643211 -0.726672 0.241305
outer loop
vertex 0.678288 -0.465099 -0.008250
vertex 0.668821 -0.474721 -0.011991
vertex 0.677574 -0.468622 -0.016956
endloop
endfacet
facet normal 0.616144 -0.776412 0.132479
outer loop
vertex 0.677574 -0.468622 -0.016956
vertex 0.668821 -0.474721 -0.011991
vertex 0.668113 -0.476766 -0.020683
endloop
endfacet
facet normal 0.616182 -0.776403 0.132355
outer loop
vertex 0.677574 -0.468622 -0.016956
vertex 0.668113 -0.476766 -0.020683
vertex 0.677123 -0.470489 -0.025808
endloop
endfacet
facet normal 0.570814 -0.821077 -0.002117
outer loop
vertex 0.677123 -0.470489 -0.025808
vertex 0.668113 -0.476766 -0.020683
vertex 0.667737 -0.477006 -0.028941
endloop
endfacet
facet normal 0.570908 -0.821010 -0.002558
outer loop
vertex 0.677123 -0.470489 -0.025808
vertex 0.667737 -0.477006 -0.028941
vertex 0.676966 -0.470572 -0.034203
endloop
endfacet
facet normal 0.173812 -0.592494 0.786601
outer loop
vertex 0.673754 -0.452866 0.015670
vertex 0.650643 -0.456178 0.018282
vertex 0.648577 -0.463077 0.013542
endloop
endfacet
facet normal 0.172683 -0.590128 0.788625
outer loop
vertex 0.673754 -0.452866 0.015670
vertex 0.648577 -0.463077 0.013542
vertex 0.672367 -0.459697 0.010862
endloop
endfacet
facet normal 0.178079 -0.731818 0.657822
outer loop
vertex 0.672367 -0.459697 0.010862
vertex 0.648577 -0.463077 0.013542
vertex 0.646532 -0.469368 0.007097
endloop
endfacet
facet normal 0.178179 -0.731991 0.657603
outer loop
vertex 0.672367 -0.459697 0.010862
vertex 0.646532 -0.469368 0.007097
vertex 0.671023 -0.465886 0.004337
endloop
endfacet
facet normal 0.177492 -0.832903 0.524185
outer loop
vertex 0.671023 -0.465886 0.004337
vertex 0.646532 -0.469368 0.007097
vertex 0.644647 -0.474622 -0.000613
endloop
endfacet
facet normal 0.178665 -0.834642 0.521010
outer loop
vertex 0.671023 -0.465886 0.004337
vertex 0.644647 -0.474622 -0.000613
vertex 0.669814 -0.471010 -0.003457
endloop
endfacet
facet normal 0.173447 -0.907751 0.381975
outer loop
vertex 0.669814 -0.471010 -0.003457
vertex 0.644647 -0.474622 -0.000613
vertex 0.643050 -0.478482 -0.009061
endloop
endfacet
facet normal 0.175497 -0.910123 0.375336
outer loop
vertex 0.669814 -0.471010 -0.003457
vertex 0.643050 -0.478482 -0.009061
vertex 0.668821 -0.474721 -0.011991
endloop
endfacet
facet normal 0.165521 -0.960752 0.222619
outer loop
vertex 0.668821 -0.474721 -0.011991
vertex 0.643050 -0.478482 -0.009061
vertex 0.641851 -0.480684 -0.017673
endloop
endfacet
facet normal 0.167990 -0.962554 0.212766
outer loop
vertex 0.668821 -0.474721 -0.011991
vertex 0.641851 -0.480684 -0.017673
vertex 0.668113 -0.476766 -0.020683
endloop
endfacet
facet normal 0.151305 -0.987894 0.034224
outer loop
vertex 0.668113 -0.476766 -0.020683
vertex 0.641851 -0.480684 -0.017673
vertex 0.641131 -0.481078 -0.025862
endloop
endfacet
facet normal 0.153705 -0.987878 0.021727
outer loop
vertex 0.668113 -0.476766 -0.020683
vertex 0.641131 -0.481078 -0.025862
vertex 0.667737 -0.477006 -0.028941
endloop
endfacet
facet normal -0.012583 -0.565920 0.824364
outer loop
vertex 0.650643 -0.456178 0.018282
vertex 0.603805 -0.455728 0.017876
vertex 0.600540 -0.462598 0.013110
endloop
endfacet
facet normal -0.013048 -0.563570 0.825965
outer loop
vertex 0.650643 -0.456178 0.018282
vertex 0.600540 -0.462598 0.013110
vertex 0.648577 -0.463077 0.013542
endloop
endfacet
facet normal -0.013414 -0.712201 0.701848
outer loop
vertex 0.648577 -0.463077 0.013542
vertex 0.600540 -0.462598 0.013110
vertex 0.597454 -0.468904 0.006652
endloop
endfacet
facet normal -0.013098 -0.713462 0.700571
outer loop
vertex 0.648577 -0.463077 0.013542
vertex 0.597454 -0.468904 0.006652
vertex 0.646532 -0.469368 0.007097
endloop
endfacet
facet normal -0.012937 -0.821322 0.570318
outer loop
vertex 0.646532 -0.469368 0.007097
vertex 0.597454 -0.468904 0.006652
vertex 0.594761 -0.474216 -0.001059
endloop
endfacet
facet normal -0.011766 -0.824968 0.565057
outer loop
vertex 0.646532 -0.469368 0.007097
vertex 0.594761 -0.474216 -0.001059
vertex 0.644647 -0.474622 -0.000613
endloop
endfacet
facet normal -0.011176 -0.904190 0.426985
outer loop
vertex 0.644647 -0.474622 -0.000613
vertex 0.594761 -0.474216 -0.001059
vertex 0.592642 -0.478174 -0.009496
endloop
endfacet
facet normal -0.009152 -0.908862 0.416996
outer loop
vertex 0.644647 -0.474622 -0.000613
vertex 0.592642 -0.478174 -0.009496
vertex 0.643050 -0.478482 -0.009061
endloop
endfacet
facet normal -0.008166 -0.964693 0.263252
outer loop
vertex 0.643050 -0.478482 -0.009061
vertex 0.592642 -0.478174 -0.009496
vertex 0.591242 -0.480506 -0.018085
endloop
endfacet
facet normal -0.005429 -0.968634 0.248434
outer loop
vertex 0.643050 -0.478482 -0.009061
vertex 0.591242 -0.480506 -0.018085
vertex 0.641851 -0.480684 -0.017673
endloop
endfacet
facet normal -0.004058 -0.997722 0.067335
outer loop
vertex 0.641851 -0.480684 -0.017673
vertex 0.591242 -0.480506 -0.018085
vertex 0.590657 -0.481054 -0.026240
endloop
endfacet
facet normal -0.000835 -0.998841 0.048123
outer loop
vertex 0.641851 -0.480684 -0.017673
vertex 0.590657 -0.481054 -0.026240
vertex 0.641131 -0.481078 -0.025862
endloop
endfacet
facet normal -0.089991 -0.537803 0.838254
outer loop
vertex 0.603805 -0.455728 0.017876
vertex 0.558251 -0.452359 0.015147
vertex 0.553439 -0.459146 0.010276
endloop
endfacet
facet normal -0.089878 -0.538512 0.837811
outer loop
vertex 0.603805 -0.455728 0.017876
vertex 0.553439 -0.459146 0.010276
vertex 0.600540 -0.462598 0.013110
endloop
endfacet
facet normal -0.093636 -0.682580 0.724787
outer loop
vertex 0.600540 -0.462598 0.013110
vertex 0.553439 -0.459146 0.010276
vertex 0.547865 -0.465398 0.003668
endloop
endfacet
facet normal -0.091986 -0.690113 0.717832
outer loop
vertex 0.600540 -0.462598 0.013110
vertex 0.547865 -0.465398 0.003668
vertex 0.597454 -0.468904 0.006652
endloop
endfacet
facet normal -0.092297 -0.793630 0.601359
outer loop
vertex 0.597454 -0.468904 0.006652
vertex 0.547865 -0.465398 0.003668
vertex 0.541911 -0.470688 -0.004227
endloop
endfacet
facet normal -0.088892 -0.805470 0.585931
outer loop
vertex 0.597454 -0.468904 0.006652
vertex 0.541911 -0.470688 -0.004227
vertex 0.594761 -0.474216 -0.001059
endloop
endfacet
facet normal -0.086667 -0.881527 0.464110
outer loop
vertex 0.594761 -0.474216 -0.001059
vertex 0.541911 -0.470688 -0.004227
vertex 0.535982 -0.474656 -0.012871
endloop
endfacet
facet normal -0.081735 -0.894251 0.440039
outer loop
vertex 0.594761 -0.474216 -0.001059
vertex 0.535982 -0.474656 -0.012871
vertex 0.592642 -0.478174 -0.009496
endloop
endfacet
facet normal -0.077081 -0.949427 0.304381
outer loop
vertex 0.592642 -0.478174 -0.009496
vertex 0.535982 -0.474656 -0.012871
vertex 0.530482 -0.477032 -0.021675
endloop
endfacet
facet normal -0.070947 -0.959645 0.272119
outer loop
vertex 0.592642 -0.478174 -0.009496
vertex 0.530482 -0.477032 -0.021675
vertex 0.591242 -0.480506 -0.018085
endloop
endfacet
facet normal -0.063168 -0.992018 0.109131
outer loop
vertex 0.591242 -0.480506 -0.018085
vertex 0.530482 -0.477032 -0.021675
vertex 0.525785 -0.477653 -0.030039
endloop
endfacet
facet normal -0.056367 -0.995885 0.070966
outer loop
vertex 0.591242 -0.480506 -0.018085
vertex 0.525785 -0.477653 -0.030039
vertex 0.590657 -0.481054 -0.026240
endloop
endfacet
facet normal -0.016407 -0.570822 0.820910
outer loop
vertex 0.558251 -0.452359 0.015147
vertex 0.517882 -0.451866 0.014683
vertex 0.512436 -0.458657 0.009852
endloop
endfacet
facet normal -0.015320 -0.575811 0.817439
outer loop
vertex 0.558251 -0.452359 0.015147
vertex 0.512436 -0.458657 0.009852
vertex 0.553439 -0.459146 0.010276
endloop
endfacet
facet normal -0.015759 -0.717656 0.696219
outer loop
vertex 0.553439 -0.459146 0.010276
vertex 0.512436 -0.458657 0.009852
vertex 0.506280 -0.464881 0.003297
endloop
endfacet
facet normal -0.015142 -0.719912 0.693900
outer loop
vertex 0.553439 -0.459146 0.010276
vertex 0.506280 -0.464881 0.003297
vertex 0.547865 -0.465398 0.003668
endloop
endfacet
facet normal -0.015297 -0.825595 0.564057
outer loop
vertex 0.547865 -0.465398 0.003668
vertex 0.506280 -0.464881 0.003297
vertex 0.499831 -0.470113 -0.004536
endloop
endfacet
facet normal -0.015422 -0.825243 0.564568
outer loop
vertex 0.547865 -0.465398 0.003668
vertex 0.499831 -0.470113 -0.004536
vertex 0.541911 -0.470688 -0.004227
endloop
endfacet
facet normal -0.015485 -0.906473 0.421980
outer loop
vertex 0.541911 -0.470688 -0.004227
vertex 0.499831 -0.470113 -0.004536
vertex 0.493530 -0.473998 -0.013113
endloop
endfacet
facet normal -0.016449 -0.904375 0.426421
outer loop
vertex 0.541911 -0.470688 -0.004227
vertex 0.493530 -0.473998 -0.013113
vertex 0.535982 -0.474656 -0.012871
endloop
endfacet
facet normal -0.016450 -0.964997 0.261744
outer loop
vertex 0.535982 -0.474656 -0.012871
vertex 0.493530 -0.473998 -0.013113
vertex 0.487806 -0.476270 -0.021849
endloop
endfacet
facet normal -0.018289 -0.962364 0.271146
outer loop
vertex 0.535982 -0.474656 -0.012871
vertex 0.487806 -0.476270 -0.021849
vertex 0.530482 -0.477032 -0.021675
endloop
endfacet
facet normal -0.018098 -0.997309 0.071047
outer loop
vertex 0.530482 -0.477032 -0.021675
vertex 0.487806 -0.476270 -0.021849
vertex 0.483049 -0.476775 -0.030149
endloop
endfacet
facet normal -0.020685 -0.996116 0.085585
outer loop
vertex 0.530482 -0.477032 -0.021675
vertex 0.483049 -0.476775 -0.030149
vertex 0.525785 -0.477653 -0.030039
endloop
endfacet
facet normal 0.049434 -0.599617 0.798759
outer loop
vertex 0.517882 -0.451866 0.014683
vertex 0.474567 -0.453632 0.016038
vertex 0.468496 -0.460456 0.011291
endloop
endfacet
facet normal 0.050803 -0.605654 0.794105
outer loop
vertex 0.517882 -0.451866 0.014683
vertex 0.468496 -0.460456 0.011291
vertex 0.512436 -0.458657 0.009852
endloop
endfacet
facet normal 0.052293 -0.748012 0.661622
outer loop
vertex 0.512436 -0.458657 0.009852
vertex 0.468496 -0.460456 0.011291
vertex 0.462044 -0.466629 0.004822
endloop
endfacet
facet normal 0.052367 -0.748280 0.661313
outer loop
vertex 0.512436 -0.458657 0.009852
vertex 0.462044 -0.466629 0.004822
vertex 0.506280 -0.464881 0.003297
endloop
endfacet
facet normal 0.051608 -0.853153 0.519102
outer loop
vertex 0.506280 -0.464881 0.003297
vertex 0.462044 -0.466629 0.004822
vertex 0.455649 -0.471732 -0.002929
endloop
endfacet
facet normal 0.050239 -0.849121 0.525804
outer loop
vertex 0.506280 -0.464881 0.003297
vertex 0.455649 -0.471732 -0.002929
vertex 0.499831 -0.470113 -0.004536
endloop
endfacet
facet normal 0.047438 -0.928151 0.369168
outer loop
vertex 0.499831 -0.470113 -0.004536
vertex 0.455649 -0.471732 -0.002929
vertex 0.449748 -0.475416 -0.011433
endloop
endfacet
facet normal 0.044624 -0.921917 0.384808
outer loop
vertex 0.499831 -0.470113 -0.004536
vertex 0.449748 -0.475416 -0.011433
vertex 0.493530 -0.473998 -0.013113
endloop
endfacet
facet normal 0.039515 -0.978130 0.204207
outer loop
vertex 0.493530 -0.473998 -0.013113
vertex 0.449748 -0.475416 -0.011433
vertex 0.444742 -0.477430 -0.020111
endloop
endfacet
facet normal 0.035470 -0.972614 0.229703
outer loop
vertex 0.493530 -0.473998 -0.013113
vertex 0.444742 -0.477430 -0.020111
vertex 0.487806 -0.476270 -0.021849
endloop
endfacet
facet normal 0.027430 -0.999545 0.012550
outer loop
vertex 0.487806 -0.476270 -0.021849
vertex 0.444742 -0.477430 -0.020111
vertex 0.440974 -0.477637 -0.028371
endloop
endfacet
facet normal 0.022482 -0.998600 0.047874
outer loop
vertex 0.487806 -0.476270 -0.021849
vertex 0.440974 -0.477637 -0.028371
vertex 0.483049 -0.476775 -0.030149
endloop
endfacet
facet normal -0.342814 0.726408 -0.595660
outer loop
vertex 0.449175 -0.455071 0.017161
vertex 0.460513 -0.451134 0.015437
vertex 0.453991 -0.458189 0.010587
endloop
endfacet
facet normal -0.348077 0.722306 -0.597593
outer loop
vertex 0.449175 -0.455071 0.017161
vertex 0.453991 -0.458189 0.010587
vertex 0.443170 -0.461859 0.012454
endloop
endfacet
facet normal -0.355640 0.831672 -0.426429
outer loop
vertex 0.443170 -0.461859 0.012454
vertex 0.453991 -0.458189 0.010587
vertex 0.447193 -0.464439 0.004067
endloop
endfacet
facet normal -0.360310 0.828937 -0.427832
outer loop
vertex 0.443170 -0.461859 0.012454
vertex 0.447193 -0.464439 0.004067
vertex 0.436934 -0.467881 0.006038
endloop
endfacet
facet normal -0.353094 0.893455 -0.277601
outer loop
vertex 0.436934 -0.467881 0.006038
vertex 0.447193 -0.464439 0.004067
vertex 0.440583 -0.469458 -0.003679
endloop
endfacet
facet normal -0.358710 0.890697 -0.279260
outer loop
vertex 0.436934 -0.467881 0.006038
vertex 0.440583 -0.469458 -0.003679
vertex 0.430892 -0.472725 -0.001651
endloop
endfacet
facet normal -0.342104 0.929579 -0.137285
outer loop
vertex 0.430892 -0.472725 -0.001651
vertex 0.440583 -0.469458 -0.003679
vertex 0.434611 -0.472903 -0.012124
endloop
endfacet
facet normal -0.350598 0.925966 -0.140243
outer loop
vertex 0.430892 -0.472725 -0.001651
vertex 0.434611 -0.472903 -0.012124
vertex 0.425456 -0.476061 -0.010088
endloop
endfacet
facet normal -0.324884 0.945735 0.006029
outer loop
vertex 0.425456 -0.476061 -0.010088
vertex 0.434611 -0.472903 -0.012124
vertex 0.429684 -0.474541 -0.020691
endloop
endfacet
facet normal -0.338239 0.941060 0.000042
outer loop
vertex 0.425456 -0.476061 -0.010088
vertex 0.429684 -0.474541 -0.020691
vertex 0.420998 -0.477663 -0.018699
endloop
endfacet
facet normal -0.300134 0.939691 0.164012
outer loop
vertex 0.420998 -0.477663 -0.018699
vertex 0.429684 -0.474541 -0.020691
vertex 0.426137 -0.474259 -0.028797
endloop
endfacet
facet normal -0.320537 0.934954 0.152045
outer loop
vertex 0.420998 -0.477663 -0.018699
vertex 0.426137 -0.474259 -0.028797
vertex 0.417819 -0.477420 -0.026895
endloop
endfacet
facet normal -0.007551 -0.999565 0.028493
outer loop
vertex 0.417819 -0.477420 -0.026895
vertex 0.440974 -0.477637 -0.028371
vertex 0.444742 -0.477430 -0.020111
endloop
endfacet
facet normal 0.007865 -0.999435 -0.032689
outer loop
vertex 0.417819 -0.477420 -0.026895
vertex 0.444742 -0.477430 -0.020111
vertex 0.420998 -0.477663 -0.018699
endloop
endfacet
facet normal 0.022298 -0.976623 0.213800
outer loop
vertex 0.420998 -0.477663 -0.018699
vertex 0.444742 -0.477430 -0.020111
vertex 0.449748 -0.475416 -0.011433
endloop
endfacet
facet normal 0.035311 -0.985646 0.165089
outer loop
vertex 0.420998 -0.477663 -0.018699
vertex 0.449748 -0.475416 -0.011433
vertex 0.425456 -0.476061 -0.010088
endloop
endfacet
facet normal 0.045149 -0.927711 0.370559
outer loop
vertex 0.425456 -0.476061 -0.010088
vertex 0.449748 -0.475416 -0.011433
vertex 0.455649 -0.471732 -0.002929
endloop
endfacet
facet normal 0.055068 -0.940157 0.336261
outer loop
vertex 0.425456 -0.476061 -0.010088
vertex 0.455649 -0.471732 -0.002929
vertex 0.430892 -0.472725 -0.001651
endloop
endfacet
facet normal 0.060836 -0.856005 0.513375
outer loop
vertex 0.430892 -0.472725 -0.001651
vertex 0.455649 -0.471732 -0.002929
vertex 0.462044 -0.466629 0.004822
endloop
endfacet
facet normal 0.067136 -0.867133 0.493531
outer loop
vertex 0.430892 -0.472725 -0.001651
vertex 0.462044 -0.466629 0.004822
vertex 0.436934 -0.467881 0.006038
endloop
endfacet
facet normal 0.069220 -0.755302 0.651712
outer loop
vertex 0.436934 -0.467881 0.006038
vertex 0.462044 -0.466629 0.004822
vertex 0.468496 -0.460456 0.011291
endloop
endfacet
facet normal 0.071766 -0.761119 0.644630
outer loop
vertex 0.436934 -0.467881 0.006038
vertex 0.468496 -0.460456 0.011291
vertex 0.443170 -0.461859 0.012454
endloop
endfacet
facet normal 0.070055 -0.610903 0.788600
outer loop
vertex 0.443170 -0.461859 0.012454
vertex 0.468496 -0.460456 0.011291
vertex 0.474567 -0.453632 0.016038
endloop
endfacet
facet normal 0.069463 -0.609225 0.789949
outer loop
vertex 0.443170 -0.461859 0.012454
vertex 0.474567 -0.453632 0.016038
vertex 0.449175 -0.455071 0.017161
endloop
endfacet
facet normal 0.460818 0.382351 -0.800908
outer loop
vertex 0.709518 -0.282456 0.106264
vertex 0.681451 -0.447453 0.011347
vertex 0.668059 -0.441476 0.006495
endloop
endfacet
facet normal 0.543239 0.339996 -0.767655
outer loop
vertex 0.709518 -0.282456 0.106264
vertex 0.668059 -0.441476 0.006495
vertex 0.704955 -0.281643 0.103395
endloop
endfacet
facet normal 0.544223 0.324742 -0.773540
outer loop
vertex 0.709518 -0.282456 0.106264
vertex 0.704955 -0.281643 0.103395
vertex 0.706486 -0.273971 0.107693
endloop
endfacet
facet normal 0.553051 0.326698 -0.766423
outer loop
vertex 0.709518 -0.282456 0.106264
vertex 0.706486 -0.273971 0.107693
vertex 0.710664 -0.274726 0.110386
endloop
endfacet
facet normal 0.554642 0.297627 -0.777040
outer loop
vertex 0.710664 -0.274726 0.110386
vertex 0.706486 -0.273971 0.107693
vertex 0.707889 -0.264837 0.112193
endloop
endfacet
facet normal 0.561437 0.298567 -0.771781
outer loop
vertex 0.710664 -0.274726 0.110386
vertex 0.707889 -0.264837 0.112193
vertex 0.711732 -0.265539 0.114717
endloop
endfacet
facet normal 0.562331 0.276918 -0.779167
outer loop
vertex 0.711732 -0.265539 0.114717
vertex 0.707889 -0.264837 0.112193
vertex 0.709068 -0.254865 0.116588
endloop
endfacet
facet normal 0.565845 0.277318 -0.776475
outer loop
vertex 0.711732 -0.265539 0.114717
vertex 0.709068 -0.254865 0.116588
vertex 0.712649 -0.255519 0.118964
endloop
endfacet
facet normal 0.566402 0.259183 -0.782313
outer loop
vertex 0.712649 -0.255519 0.118964
vertex 0.709068 -0.254865 0.116588
vertex 0.709945 -0.244735 0.120579
endloop
endfacet
facet normal 0.565583 0.259062 -0.782945
outer loop
vertex 0.712649 -0.255519 0.118964
vertex 0.709945 -0.244735 0.120579
vertex 0.713353 -0.245351 0.122837
endloop
endfacet
facet normal 0.565936 0.241925 -0.788156
outer loop
vertex 0.713353 -0.245351 0.122837
vertex 0.709945 -0.244735 0.120579
vertex 0.710458 -0.235135 0.123894
endloop
endfacet
facet normal 0.560076 0.240739 -0.792691
outer loop
vertex 0.713353 -0.245351 0.122837
vertex 0.710458 -0.235135 0.123894
vertex 0.713795 -0.235727 0.126072
endloop
endfacet
facet normal 0.560236 0.221437 -0.798186
outer loop
vertex 0.713795 -0.235727 0.126072
vertex 0.710458 -0.235135 0.123894
vertex 0.710572 -0.226722 0.126308
endloop
endfacet
facet normal 0.549230 0.217711 -0.806813
outer loop
vertex 0.713795 -0.235727 0.126072
vertex 0.710572 -0.226722 0.126308
vertex 0.713946 -0.227303 0.128448
endloop
endfacet
facet normal 0.286734 0.415237 -0.863343
outer loop
vertex 0.704955 -0.281643 0.103395
vertex 0.695960 -0.280904 0.100763
vertex 0.698099 -0.273262 0.105149
endloop
endfacet
facet normal 0.295679 0.421311 -0.857363
outer loop
vertex 0.704955 -0.281643 0.103395
vertex 0.698099 -0.273262 0.105149
vertex 0.706486 -0.273971 0.107693
endloop
endfacet
facet normal 0.297795 0.379208 -0.876082
outer loop
vertex 0.706486 -0.273971 0.107693
vertex 0.698099 -0.273262 0.105149
vertex 0.700028 -0.264161 0.109744
endloop
endfacet
facet normal 0.304624 0.382868 -0.872133
outer loop
vertex 0.706486 -0.273971 0.107693
vertex 0.700028 -0.264161 0.109744
vertex 0.707889 -0.264837 0.112193
endloop
endfacet
facet normal 0.305899 0.350934 -0.885026
outer loop
vertex 0.707889 -0.264837 0.112193
vertex 0.700028 -0.264161 0.109744
vertex 0.701618 -0.254221 0.114235
endloop
endfacet
facet normal 0.309406 0.352641 -0.883126
outer loop
vertex 0.707889 -0.264837 0.112193
vertex 0.701618 -0.254221 0.114235
vertex 0.709068 -0.254865 0.116588
endloop
endfacet
facet normal 0.310239 0.325723 -0.893116
outer loop
vertex 0.709068 -0.254865 0.116588
vertex 0.701618 -0.254221 0.114235
vertex 0.702759 -0.244118 0.118316
endloop
endfacet
facet normal 0.309337 0.325271 -0.893593
outer loop
vertex 0.709068 -0.254865 0.116588
vertex 0.702759 -0.244118 0.118316
vertex 0.709945 -0.244735 0.120579
endloop
endfacet
facet normal 0.309884 0.299792 -0.902273
outer loop
vertex 0.709945 -0.244735 0.120579
vertex 0.702759 -0.244118 0.118316
vertex 0.703374 -0.234542 0.121709
endloop
endfacet
facet normal 0.304068 0.296385 -0.905372
outer loop
vertex 0.709945 -0.244735 0.120579
vertex 0.703374 -0.234542 0.121709
vertex 0.710458 -0.235135 0.123894
endloop
endfacet
facet normal 0.304377 0.267642 -0.914178
outer loop
vertex 0.710458 -0.235135 0.123894
vertex 0.703374 -0.234542 0.121709
vertex 0.703421 -0.226145 0.124183
endloop
endfacet
facet normal 0.294273 0.259908 -0.919702
outer loop
vertex 0.710458 -0.235135 0.123894
vertex 0.703421 -0.226145 0.124183
vertex 0.710572 -0.226722 0.126308
endloop
endfacet
facet normal 0.069277 0.476741 -0.876310
outer loop
vertex 0.695960 -0.280904 0.100763
vertex 0.676265 -0.280472 0.099441
vertex 0.679248 -0.272849 0.103824
endloop
endfacet
facet normal 0.071950 0.481263 -0.873619
outer loop
vertex 0.695960 -0.280904 0.100763
vertex 0.679248 -0.272849 0.103824
vertex 0.698099 -0.273262 0.105149
endloop
endfacet
facet normal 0.072636 0.433056 -0.898436
outer loop
vertex 0.698099 -0.273262 0.105149
vertex 0.679248 -0.272849 0.103824
vertex 0.681961 -0.263767 0.108421
endloop
endfacet
facet normal 0.075171 0.436685 -0.896469
outer loop
vertex 0.698099 -0.273262 0.105149
vertex 0.681961 -0.263767 0.108421
vertex 0.700028 -0.264161 0.109744
endloop
endfacet
facet normal 0.075633 0.397337 -0.914551
outer loop
vertex 0.700028 -0.264161 0.109744
vertex 0.681961 -0.263767 0.108421
vertex 0.684220 -0.253844 0.112919
endloop
endfacet
facet normal 0.077743 0.400136 -0.913152
outer loop
vertex 0.700028 -0.264161 0.109744
vertex 0.684220 -0.253844 0.112919
vertex 0.701618 -0.254221 0.114235
endloop
endfacet
facet normal 0.078093 0.363829 -0.928186
outer loop
vertex 0.701618 -0.254221 0.114235
vertex 0.684220 -0.253844 0.112919
vertex 0.685869 -0.243756 0.117012
endloop
endfacet
facet normal 0.079434 0.365630 -0.927365
outer loop
vertex 0.701618 -0.254221 0.114235
vertex 0.685869 -0.243756 0.117012
vertex 0.702759 -0.244118 0.118316
endloop
endfacet
facet normal 0.079706 0.327685 -0.941419
outer loop
vertex 0.702759 -0.244118 0.118316
vertex 0.685869 -0.243756 0.117012
vertex 0.686798 -0.234191 0.120420
endloop
endfacet
facet normal 0.080140 0.328325 -0.941159
outer loop
vertex 0.702759 -0.244118 0.118316
vertex 0.686798 -0.234191 0.120420
vertex 0.703374 -0.234542 0.121709
endloop
endfacet
facet normal 0.080316 0.282457 -0.955912
outer loop
vertex 0.703374 -0.234542 0.121709
vertex 0.686798 -0.234191 0.120420
vertex 0.686943 -0.225802 0.122911
endloop
endfacet
facet normal 0.079676 0.281307 -0.956304
outer loop
vertex 0.703374 -0.234542 0.121709
vertex 0.686943 -0.225802 0.122911
vertex 0.703421 -0.226145 0.124183
endloop
endfacet
facet normal -0.045910 0.504149 -0.862396
outer loop
vertex 0.676265 -0.280472 0.099441
vertex 0.649500 -0.280778 0.100687
vertex 0.653789 -0.273126 0.104932
endloop
endfacet
facet normal -0.042930 0.510569 -0.858764
outer loop
vertex 0.676265 -0.280472 0.099441
vertex 0.653789 -0.273126 0.104932
vertex 0.679248 -0.272849 0.103824
endloop
endfacet
facet normal -0.043667 0.454339 -0.889758
outer loop
vertex 0.679248 -0.272849 0.103824
vertex 0.653789 -0.273126 0.104932
vertex 0.657792 -0.264013 0.109389
endloop
endfacet
facet normal -0.040199 0.460779 -0.886604
outer loop
vertex 0.679248 -0.272849 0.103824
vertex 0.657792 -0.264013 0.109389
vertex 0.681961 -0.263767 0.108421
endloop
endfacet
facet normal -0.040642 0.413251 -0.909710
outer loop
vertex 0.681961 -0.263767 0.108421
vertex 0.657792 -0.264013 0.109389
vertex 0.661236 -0.254061 0.113756
endloop
endfacet
facet normal -0.036990 0.419546 -0.906980
outer loop
vertex 0.681961 -0.263767 0.108421
vertex 0.661236 -0.254061 0.113756
vertex 0.684220 -0.253844 0.112919
endloop
endfacet
facet normal -0.037277 0.374243 -0.926581
outer loop
vertex 0.684220 -0.253844 0.112919
vertex 0.661236 -0.254061 0.113756
vertex 0.663886 -0.243948 0.117734
endloop
endfacet
facet normal -0.033677 0.380469 -0.924180
outer loop
vertex 0.684220 -0.253844 0.112919
vertex 0.663886 -0.243948 0.117734
vertex 0.685869 -0.243756 0.117012
endloop
endfacet
facet normal -0.033860 0.332217 -0.942595
outer loop
vertex 0.685869 -0.243756 0.117012
vertex 0.663886 -0.243948 0.117734
vertex 0.665562 -0.234363 0.121052
endloop
endfacet
facet normal -0.030732 0.338116 -0.940602
outer loop
vertex 0.685869 -0.243756 0.117012
vertex 0.665562 -0.234363 0.121052
vertex 0.686798 -0.234191 0.120420
endloop
endfacet
facet normal -0.030825 0.279914 -0.959530
outer loop
vertex 0.686798 -0.234191 0.120420
vertex 0.665562 -0.234363 0.121052
vertex 0.666150 -0.225958 0.123485
endloop
endfacet
facet normal -0.028587 0.284991 -0.958104
outer loop
vertex 0.686798 -0.234191 0.120420
vertex 0.666150 -0.225958 0.123485
vertex 0.686943 -0.225802 0.122911
endloop
endfacet
facet normal -0.084999 0.508213 -0.857027
outer loop
vertex 0.649500 -0.280778 0.100687
vertex 0.624067 -0.281401 0.102840
vertex 0.629330 -0.273686 0.106893
endloop
endfacet
facet normal -0.080150 0.517526 -0.851905
outer loop
vertex 0.649500 -0.280778 0.100687
vertex 0.629330 -0.273686 0.106893
vertex 0.653789 -0.273126 0.104932
endloop
endfacet
facet normal -0.081493 0.456082 -0.886199
outer loop
vertex 0.653789 -0.273126 0.104932
vertex 0.629330 -0.273686 0.106893
vertex 0.634255 -0.264513 0.111161
endloop
endfacet
facet normal -0.076283 0.464912 -0.882065
outer loop
vertex 0.653789 -0.273126 0.104932
vertex 0.634255 -0.264513 0.111161
vertex 0.657792 -0.264013 0.109389
endloop
endfacet
facet normal -0.077092 0.413065 -0.907433
outer loop
vertex 0.657792 -0.264013 0.109389
vertex 0.634255 -0.264513 0.111161
vertex 0.638507 -0.254506 0.115355
endloop
endfacet
facet normal -0.071847 0.421532 -0.903963
outer loop
vertex 0.657792 -0.264013 0.109389
vertex 0.638507 -0.254506 0.115355
vertex 0.661236 -0.254061 0.113756
endloop
endfacet
facet normal -0.072382 0.372520 -0.925197
outer loop
vertex 0.661236 -0.254061 0.113756
vertex 0.638507 -0.254506 0.115355
vertex 0.641797 -0.244347 0.119188
endloop
endfacet
facet normal -0.067583 0.380501 -0.922308
outer loop
vertex 0.661236 -0.254061 0.113756
vertex 0.641797 -0.244347 0.119188
vertex 0.663886 -0.243948 0.117734
endloop
endfacet
facet normal -0.067941 0.329178 -0.941821
outer loop
vertex 0.663886 -0.243948 0.117734
vertex 0.641797 -0.244347 0.119188
vertex 0.643899 -0.234729 0.122398
endloop
endfacet
facet normal -0.064060 0.336432 -0.939526
outer loop
vertex 0.663886 -0.243948 0.117734
vertex 0.643899 -0.234729 0.122398
vertex 0.665562 -0.234363 0.121052
endloop
endfacet
facet normal -0.064250 0.275777 -0.959072
outer loop
vertex 0.665562 -0.234363 0.121052
vertex 0.643899 -0.234729 0.122398
vertex 0.644671 -0.226307 0.124768
endloop
endfacet
facet normal -0.061772 0.281508 -0.957568
outer loop
vertex 0.665562 -0.234363 0.121052
vertex 0.644671 -0.226307 0.124768
vertex 0.666150 -0.225958 0.123485
endloop
endfacet
facet normal -0.139104 0.521444 -0.841871
outer loop
vertex 0.624067 -0.281401 0.102840
vertex 0.604736 -0.282210 0.105533
vertex 0.610519 -0.274424 0.109400
endloop
endfacet
facet normal -0.132410 0.530261 -0.837431
outer loop
vertex 0.624067 -0.281401 0.102840
vertex 0.610519 -0.274424 0.109400
vertex 0.629330 -0.273686 0.106893
endloop
endfacet
facet normal -0.134834 0.465617 -0.874654
outer loop
vertex 0.629330 -0.273686 0.106893
vertex 0.610519 -0.274424 0.109400
vertex 0.615876 -0.265184 0.113493
endloop
endfacet
facet normal -0.127847 0.473989 -0.871200
outer loop
vertex 0.629330 -0.273686 0.106893
vertex 0.615876 -0.265184 0.113493
vertex 0.634255 -0.264513 0.111161
endloop
endfacet
facet normal -0.129327 0.419171 -0.898649
outer loop
vertex 0.634255 -0.264513 0.111161
vertex 0.615876 -0.265184 0.113493
vertex 0.620440 -0.255119 0.117531
endloop
endfacet
facet normal -0.122386 0.427409 -0.895736
outer loop
vertex 0.634255 -0.264513 0.111161
vertex 0.620440 -0.255119 0.117531
vertex 0.638507 -0.254506 0.115355
endloop
endfacet
facet normal -0.123369 0.375780 -0.918460
outer loop
vertex 0.638507 -0.254506 0.115355
vertex 0.620440 -0.255119 0.117531
vertex 0.623901 -0.244915 0.121241
endloop
endfacet
facet normal -0.117260 0.383595 -0.916027
outer loop
vertex 0.638507 -0.254506 0.115355
vertex 0.623901 -0.244915 0.121241
vertex 0.641797 -0.244347 0.119188
endloop
endfacet
facet normal -0.117922 0.329628 -0.936718
outer loop
vertex 0.641797 -0.244347 0.119188
vertex 0.623901 -0.244915 0.121241
vertex 0.626023 -0.235267 0.124369
endloop
endfacet
facet normal -0.113202 0.336721 -0.934775
outer loop
vertex 0.641797 -0.244347 0.119188
vertex 0.626023 -0.235267 0.124369
vertex 0.643899 -0.234729 0.122398
endloop
endfacet
facet normal -0.113547 0.272746 -0.955362
outer loop
vertex 0.643899 -0.234729 0.122398
vertex 0.626023 -0.235267 0.124369
vertex 0.626661 -0.226833 0.126701
endloop
endfacet
facet normal -0.110531 0.278599 -0.954026
outer loop
vertex 0.643899 -0.234729 0.122398
vertex 0.626661 -0.226833 0.126701
vertex 0.644671 -0.226307 0.124768
endloop
endfacet
facet normal -0.181146 0.274794 -0.944285
outer loop
vertex 0.616953 -0.227298 0.128428
vertex 0.626661 -0.226833 0.126701
vertex 0.626023 -0.235267 0.124369
endloop
endfacet
facet normal -0.178636 0.277501 -0.943972
outer loop
vertex 0.616953 -0.227298 0.128428
vertex 0.626023 -0.235267 0.124369
vertex 0.616204 -0.235730 0.126091
endloop
endfacet
facet normal -0.177998 0.338690 -0.923908
outer loop
vertex 0.616204 -0.235730 0.126091
vertex 0.626023 -0.235267 0.124369
vertex 0.623901 -0.244915 0.121241
endloop
endfacet
facet normal -0.176368 0.339978 -0.923747
outer loop
vertex 0.616204 -0.235730 0.126091
vertex 0.623901 -0.244915 0.121241
vertex 0.614014 -0.245376 0.122959
endloop
endfacet
facet normal -0.175308 0.388385 -0.904668
outer loop
vertex 0.614014 -0.245376 0.122959
vertex 0.623901 -0.244915 0.121241
vertex 0.620440 -0.255119 0.117531
endloop
endfacet
facet normal -0.174688 0.388765 -0.904625
outer loop
vertex 0.614014 -0.245376 0.122959
vertex 0.620440 -0.255119 0.117531
vertex 0.610530 -0.255579 0.119247
endloop
endfacet
facet normal -0.173258 0.433387 -0.884397
outer loop
vertex 0.610530 -0.255579 0.119247
vertex 0.620440 -0.255119 0.117531
vertex 0.615876 -0.265184 0.113493
endloop
endfacet
facet normal -0.173515 0.433242 -0.884417
outer loop
vertex 0.610530 -0.255579 0.119247
vertex 0.615876 -0.265184 0.113493
vertex 0.605991 -0.265642 0.115208
endloop
endfacet
facet normal -0.171485 0.480419 -0.860111
outer loop
vertex 0.605991 -0.265642 0.115208
vertex 0.615876 -0.265184 0.113493
vertex 0.610519 -0.274424 0.109400
endloop
endfacet
facet normal -0.172719 0.479834 -0.860190
outer loop
vertex 0.605991 -0.265642 0.115208
vertex 0.610519 -0.274424 0.109400
vertex 0.600706 -0.274880 0.111116
endloop
endfacet
facet normal -0.169497 0.536484 -0.826714
outer loop
vertex 0.600706 -0.274880 0.111116
vertex 0.610519 -0.274424 0.109400
vertex 0.604736 -0.282210 0.105533
endloop
endfacet
facet normal -0.171347 0.535610 -0.826899
outer loop
vertex 0.600706 -0.274880 0.111116
vertex 0.604736 -0.282210 0.105533
vertex 0.595034 -0.282663 0.107250
endloop
endfacet
facet normal 0.675594 -0.205846 0.707955
outer loop
vertex 0.713946 -0.227303 0.128448
vertex 0.712227 -0.227717 0.129968
vertex 0.712071 -0.236160 0.127662
endloop
endfacet
facet normal 0.690852 -0.207695 0.692522
outer loop
vertex 0.713946 -0.227303 0.128448
vertex 0.712071 -0.236160 0.127662
vertex 0.713795 -0.235727 0.126072
endloop
endfacet
facet normal 0.689372 -0.255127 0.677994
outer loop
vertex 0.713795 -0.235727 0.126072
vertex 0.712071 -0.236160 0.127662
vertex 0.711574 -0.245815 0.124534
endloop
endfacet
facet normal 0.701377 -0.255853 0.665289
outer loop
vertex 0.713795 -0.235727 0.126072
vertex 0.711574 -0.245815 0.124534
vertex 0.713353 -0.245351 0.122837
endloop
endfacet
facet normal 0.698795 -0.293710 0.652242
outer loop
vertex 0.713353 -0.245351 0.122837
vertex 0.711574 -0.245815 0.124534
vertex 0.710770 -0.256024 0.120798
endloop
endfacet
facet normal 0.706921 -0.293974 0.643305
outer loop
vertex 0.713353 -0.245351 0.122837
vertex 0.710770 -0.256024 0.120798
vertex 0.712649 -0.255519 0.118964
endloop
endfacet
facet normal 0.703334 -0.329579 0.629841
outer loop
vertex 0.712649 -0.255519 0.118964
vertex 0.710770 -0.256024 0.120798
vertex 0.709714 -0.266092 0.116709
endloop
endfacet
facet normal 0.707451 -0.329715 0.625141
outer loop
vertex 0.712649 -0.255519 0.118964
vertex 0.709714 -0.266092 0.116709
vertex 0.711732 -0.265539 0.114717
endloop
endfacet
facet normal 0.702268 -0.368504 0.609117
outer loop
vertex 0.711732 -0.265539 0.114717
vertex 0.709714 -0.266092 0.116709
vertex 0.708477 -0.275332 0.112545
endloop
endfacet
facet normal 0.702810 -0.368549 0.608465
outer loop
vertex 0.711732 -0.265539 0.114717
vertex 0.708477 -0.275332 0.112545
vertex 0.710664 -0.274726 0.110386
endloop
endfacet
facet normal 0.694456 -0.416968 0.586403
outer loop
vertex 0.710664 -0.274726 0.110386
vertex 0.708477 -0.275332 0.112545
vertex 0.707144 -0.283114 0.108590
endloop
endfacet
facet normal 0.692496 -0.416693 0.588912
outer loop
vertex 0.710664 -0.274726 0.110386
vertex 0.707144 -0.283114 0.108590
vertex 0.709518 -0.282456 0.106264
endloop
endfacet
facet normal 0.337087 -0.250712 0.907478
outer loop
vertex 0.712227 -0.227717 0.129968
vertex 0.707890 -0.228126 0.131466
vertex 0.707631 -0.236582 0.129226
endloop
endfacet
facet normal 0.342727 -0.253403 0.904613
outer loop
vertex 0.712227 -0.227717 0.129968
vertex 0.707631 -0.236582 0.129226
vertex 0.712071 -0.236160 0.127662
endloop
endfacet
facet normal 0.342032 -0.306578 0.888270
outer loop
vertex 0.712071 -0.236160 0.127662
vertex 0.707631 -0.236582 0.129226
vertex 0.706874 -0.246249 0.126181
endloop
endfacet
facet normal 0.339897 -0.305642 0.889411
outer loop
vertex 0.712071 -0.236160 0.127662
vertex 0.706874 -0.246249 0.126181
vertex 0.711574 -0.245815 0.124534
endloop
endfacet
facet normal 0.338376 -0.350749 0.873199
outer loop
vertex 0.711574 -0.245815 0.124534
vertex 0.706874 -0.246249 0.126181
vertex 0.705673 -0.256467 0.122542
endloop
endfacet
facet normal 0.330468 -0.347203 0.877634
outer loop
vertex 0.711574 -0.245815 0.124534
vertex 0.705673 -0.256467 0.122542
vertex 0.710770 -0.256024 0.120798
endloop
endfacet
facet normal 0.328183 -0.391334 0.859741
outer loop
vertex 0.710770 -0.256024 0.120798
vertex 0.705673 -0.256467 0.122542
vertex 0.704109 -0.266540 0.118554
endloop
endfacet
facet normal 0.316172 -0.385262 0.866954
outer loop
vertex 0.710770 -0.256024 0.120798
vertex 0.704109 -0.266540 0.118554
vertex 0.709714 -0.266092 0.116709
endloop
endfacet
facet normal 0.312857 -0.433193 0.845260
outer loop
vertex 0.709714 -0.266092 0.116709
vertex 0.704109 -0.266540 0.118554
vertex 0.702288 -0.275783 0.114491
endloop
endfacet
facet normal 0.299548 -0.425037 0.854175
outer loop
vertex 0.709714 -0.266092 0.116709
vertex 0.702288 -0.275783 0.114491
vertex 0.708477 -0.275332 0.112545
endloop
endfacet
facet normal 0.294458 -0.483188 0.824514
outer loop
vertex 0.708477 -0.275332 0.112545
vertex 0.702288 -0.275783 0.114491
vertex 0.700334 -0.283564 0.110629
endloop
endfacet
facet normal 0.281287 -0.472637 0.835160
outer loop
vertex 0.708477 -0.275332 0.112545
vertex 0.700334 -0.283564 0.110629
vertex 0.707144 -0.283114 0.108590
endloop
endfacet
facet normal 0.074140 -0.257876 0.963329
outer loop
vertex 0.707890 -0.228126 0.131466
vertex 0.696192 -0.228355 0.132305
vertex 0.695922 -0.236808 0.130063
endloop
endfacet
facet normal 0.073841 -0.257482 0.963457
outer loop
vertex 0.707890 -0.228126 0.131466
vertex 0.695922 -0.236808 0.130063
vertex 0.707631 -0.236582 0.129226
endloop
endfacet
facet normal 0.073746 -0.308501 0.948361
outer loop
vertex 0.707631 -0.236582 0.129226
vertex 0.695922 -0.236808 0.130063
vertex 0.694836 -0.246465 0.127006
endloop
endfacet
facet normal 0.070560 -0.304709 0.949828
outer loop
vertex 0.707631 -0.236582 0.129226
vertex 0.694836 -0.246465 0.127006
vertex 0.706874 -0.246249 0.126181
endloop
endfacet
facet normal 0.070310 -0.348123 0.934808
outer loop
vertex 0.706874 -0.246249 0.126181
vertex 0.694836 -0.246465 0.127006
vertex 0.693007 -0.256668 0.123344
endloop
endfacet
facet normal 0.064790 -0.341537 0.937632
outer loop
vertex 0.706874 -0.246249 0.126181
vertex 0.693007 -0.256668 0.123344
vertex 0.705673 -0.256467 0.122542
endloop
endfacet
facet normal 0.064418 -0.383842 0.921149
outer loop
vertex 0.705673 -0.256467 0.122542
vertex 0.693007 -0.256668 0.123344
vertex 0.690560 -0.266721 0.119326
endloop
endfacet
facet normal 0.057726 -0.375234 0.925131
outer loop
vertex 0.705673 -0.256467 0.122542
vertex 0.690560 -0.266721 0.119326
vertex 0.704109 -0.266540 0.118554
endloop
endfacet
facet normal 0.057206 -0.420771 0.905361
outer loop
vertex 0.704109 -0.266540 0.118554
vertex 0.690560 -0.266721 0.119326
vertex 0.687662 -0.275939 0.115225
endloop
endfacet
facet normal 0.050075 -0.410159 0.910638
outer loop
vertex 0.704109 -0.266540 0.118554
vertex 0.687662 -0.275939 0.115225
vertex 0.702288 -0.275783 0.114491
endloop
endfacet
facet normal 0.049320 -0.464936 0.883969
outer loop
vertex 0.702288 -0.275783 0.114491
vertex 0.687662 -0.275939 0.115225
vertex 0.684510 -0.283694 0.111322
endloop
endfacet
facet normal 0.042724 -0.452769 0.890604
outer loop
vertex 0.702288 -0.275783 0.114491
vertex 0.684510 -0.283694 0.111322
vertex 0.700334 -0.283564 0.110629
endloop
endfacet
facet normal -0.039860 -0.258919 0.965076
outer loop
vertex 0.696192 -0.228355 0.132305
vertex 0.678824 -0.228171 0.131637
vertex 0.678629 -0.236617 0.129363
endloop
endfacet
facet normal -0.041920 -0.254888 0.966062
outer loop
vertex 0.696192 -0.228355 0.132305
vertex 0.678629 -0.236617 0.129363
vertex 0.695922 -0.236808 0.130063
endloop
endfacet
facet normal -0.041886 -0.302129 0.952347
outer loop
vertex 0.695922 -0.236808 0.130063
vertex 0.678629 -0.236617 0.129363
vertex 0.677338 -0.246260 0.126247
endloop
endfacet
facet normal -0.044853 -0.296909 0.953852
outer loop
vertex 0.695922 -0.236808 0.130063
vertex 0.677338 -0.246260 0.126247
vertex 0.694836 -0.246465 0.127006
endloop
endfacet
facet normal -0.044743 -0.335905 0.940832
outer loop
vertex 0.694836 -0.246465 0.127006
vertex 0.677338 -0.246260 0.126247
vertex 0.675039 -0.256443 0.122502
endloop
endfacet
facet normal -0.048312 -0.329735 0.942837
outer loop
vertex 0.694836 -0.246465 0.127006
vertex 0.675039 -0.256443 0.122502
vertex 0.693007 -0.256668 0.123344
endloop
endfacet
facet normal -0.048132 -0.366507 0.929169
outer loop
vertex 0.693007 -0.256668 0.123344
vertex 0.675039 -0.256443 0.122502
vertex 0.671890 -0.266472 0.118383
endloop
endfacet
facet normal -0.051852 -0.359726 0.931616
outer loop
vertex 0.693007 -0.256668 0.123344
vertex 0.671890 -0.266472 0.118383
vertex 0.690560 -0.266721 0.119326
endloop
endfacet
facet normal -0.051568 -0.398467 0.915732
outer loop
vertex 0.690560 -0.266721 0.119326
vertex 0.671890 -0.266472 0.118383
vertex 0.668104 -0.275664 0.114170
endloop
endfacet
facet normal -0.055052 -0.391362 0.918588
outer loop
vertex 0.690560 -0.266721 0.119326
vertex 0.668104 -0.275664 0.114170
vertex 0.687662 -0.275939 0.115225
endloop
endfacet
facet normal -0.054568 -0.437452 0.897585
outer loop
vertex 0.687662 -0.275939 0.115225
vertex 0.668104 -0.275664 0.114170
vertex 0.663940 -0.283391 0.110151
endloop
endfacet
facet normal -0.057625 -0.430030 0.900973
outer loop
vertex 0.687662 -0.275939 0.115225
vertex 0.663940 -0.283391 0.110151
vertex 0.684510 -0.283694 0.111322
endloop
endfacet
facet normal -0.071443 -0.260894 0.962720
outer loop
vertex 0.678824 -0.228171 0.131637
vertex 0.656799 -0.227756 0.130115
vertex 0.656367 -0.236195 0.127796
endloop
endfacet
facet normal -0.072704 -0.257730 0.963478
outer loop
vertex 0.678824 -0.228171 0.131637
vertex 0.656367 -0.236195 0.127796
vertex 0.678629 -0.236617 0.129363
endloop
endfacet
facet normal -0.072644 -0.298265 0.951715
outer loop
vertex 0.678629 -0.236617 0.129363
vertex 0.656367 -0.236195 0.127796
vertex 0.654687 -0.245840 0.124645
endloop
endfacet
facet normal -0.072842 -0.297821 0.951839
outer loop
vertex 0.678629 -0.236617 0.129363
vertex 0.654687 -0.245840 0.124645
vertex 0.677338 -0.246260 0.126247
endloop
endfacet
facet normal -0.072695 -0.328239 0.941794
outer loop
vertex 0.677338 -0.246260 0.126247
vertex 0.654687 -0.245840 0.124645
vertex 0.651874 -0.256034 0.120875
endloop
endfacet
facet normal -0.071936 -0.329926 0.941262
outer loop
vertex 0.677338 -0.246260 0.126247
vertex 0.651874 -0.256034 0.120875
vertex 0.675039 -0.256443 0.122502
endloop
endfacet
facet normal -0.071724 -0.356115 0.931686
outer loop
vertex 0.675039 -0.256443 0.122502
vertex 0.651874 -0.256034 0.120875
vertex 0.648120 -0.266083 0.116745
endloop
endfacet
facet normal -0.069999 -0.360093 0.930286
outer loop
vertex 0.675039 -0.256443 0.122502
vertex 0.648120 -0.266083 0.116745
vertex 0.671890 -0.266472 0.118383
endloop
endfacet
facet normal -0.069701 -0.386343 0.919718
outer loop
vertex 0.671890 -0.266472 0.118383
vertex 0.648120 -0.266083 0.116745
vertex 0.643681 -0.275302 0.112536
endloop
endfacet
facet normal -0.067186 -0.392715 0.917203
outer loop
vertex 0.671890 -0.266472 0.118383
vertex 0.643681 -0.275302 0.112536
vertex 0.668104 -0.275664 0.114170
endloop
endfacet
facet normal -0.066708 -0.424273 0.903074
outer loop
vertex 0.668104 -0.275664 0.114170
vertex 0.643681 -0.275302 0.112536
vertex 0.638858 -0.283062 0.108534
endloop
endfacet
facet normal -0.063640 -0.433294 0.899003
outer loop
vertex 0.668104 -0.275664 0.114170
vertex 0.638858 -0.283062 0.108534
vertex 0.663940 -0.283391 0.110151
endloop
endfacet
facet normal -0.042710 -0.263467 0.963722
outer loop
vertex 0.656799 -0.227756 0.130115
vertex 0.634935 -0.227511 0.129213
vertex 0.634501 -0.235956 0.126885
endloop
endfacet
facet normal -0.043031 -0.262680 0.963923
outer loop
vertex 0.656799 -0.227756 0.130115
vertex 0.634501 -0.235956 0.126885
vertex 0.656367 -0.236195 0.127796
endloop
endfacet
facet normal -0.042980 -0.301006 0.952653
outer loop
vertex 0.656367 -0.236195 0.127796
vertex 0.634501 -0.235956 0.126885
vertex 0.632616 -0.245631 0.123743
endloop
endfacet
facet normal -0.041777 -0.303690 0.951854
outer loop
vertex 0.656367 -0.236195 0.127796
vertex 0.632616 -0.245631 0.123743
vertex 0.654687 -0.245840 0.124645
endloop
endfacet
facet normal -0.041660 -0.331118 0.942669
outer loop
vertex 0.654687 -0.245840 0.124645
vertex 0.632616 -0.245631 0.123743
vertex 0.629409 -0.255875 0.120003
endloop
endfacet
facet normal -0.038898 -0.337145 0.940649
outer loop
vertex 0.654687 -0.245840 0.124645
vertex 0.629409 -0.255875 0.120003
vertex 0.651874 -0.256034 0.120875
endloop
endfacet
facet normal -0.038731 -0.359920 0.932179
outer loop
vertex 0.651874 -0.256034 0.120875
vertex 0.629409 -0.255875 0.120003
vertex 0.625098 -0.265991 0.115918
endloop
endfacet
facet normal -0.034841 -0.368740 0.928879
outer loop
vertex 0.651874 -0.256034 0.120875
vertex 0.625098 -0.265991 0.115918
vertex 0.648120 -0.266083 0.116745
endloop
endfacet
facet normal -0.034597 -0.391348 0.919592
outer loop
vertex 0.648120 -0.266083 0.116745
vertex 0.625098 -0.265991 0.115918
vertex 0.619978 -0.275290 0.111768
endloop
endfacet
facet normal -0.029839 -0.403210 0.914621
outer loop
vertex 0.648120 -0.266083 0.116745
vertex 0.619978 -0.275290 0.111768
vertex 0.643681 -0.275302 0.112536
endloop
endfacet
facet normal -0.029438 -0.431077 0.901835
outer loop
vertex 0.643681 -0.275302 0.112536
vertex 0.619978 -0.275290 0.111768
vertex 0.614396 -0.283137 0.107835
endloop
endfacet
facet normal -0.024194 -0.446301 0.894556
outer loop
vertex 0.643681 -0.275302 0.112536
vertex 0.614396 -0.283137 0.107835
vertex 0.638858 -0.283062 0.108534
endloop
endfacet
facet normal -0.037742 -0.426169 0.903856
outer loop
vertex 0.595034 -0.282663 0.107250
vertex 0.614396 -0.283137 0.107835
vertex 0.619978 -0.275290 0.111768
endloop
endfacet
facet normal -0.039616 -0.421208 0.906098
outer loop
vertex 0.595034 -0.282663 0.107250
vertex 0.619978 -0.275290 0.111768
vertex 0.600706 -0.274880 0.111116
endloop
endfacet
facet normal -0.039415 -0.389050 0.920373
outer loop
vertex 0.600706 -0.274880 0.111116
vertex 0.619978 -0.275290 0.111768
vertex 0.625098 -0.265991 0.115918
endloop
endfacet
facet normal -0.041292 -0.384809 0.922072
outer loop
vertex 0.600706 -0.274880 0.111116
vertex 0.625098 -0.265991 0.115918
vertex 0.605991 -0.265642 0.115208
endloop
endfacet
facet normal -0.041207 -0.358971 0.932439
outer loop
vertex 0.605991 -0.265642 0.115208
vertex 0.625098 -0.265991 0.115918
vertex 0.629409 -0.255875 0.120003
endloop
endfacet
facet normal -0.042962 -0.355393 0.933729
outer loop
vertex 0.605991 -0.265642 0.115208
vertex 0.629409 -0.255875 0.120003
vertex 0.610530 -0.255579 0.119247
endloop
endfacet
facet normal -0.042937 -0.330745 0.942743
outer loop
vertex 0.610530 -0.255579 0.119247
vertex 0.629409 -0.255875 0.120003
vertex 0.632616 -0.245631 0.123743
endloop
endfacet
facet normal -0.044267 -0.328173 0.943580
outer loop
vertex 0.610530 -0.255579 0.119247
vertex 0.632616 -0.245631 0.123743
vertex 0.614014 -0.245376 0.122959
endloop
endfacet
facet normal -0.044274 -0.300757 0.952673
outer loop
vertex 0.614014 -0.245376 0.122959
vertex 0.632616 -0.245631 0.123743
vertex 0.634501 -0.235956 0.126885
endloop
endfacet
facet normal -0.045057 -0.299240 0.953113
outer loop
vertex 0.614014 -0.245376 0.122959
vertex 0.634501 -0.235956 0.126885
vertex 0.616204 -0.235730 0.126091
endloop
endfacet
facet normal -0.045069 -0.263330 0.963652
outer loop
vertex 0.616204 -0.235730 0.126091
vertex 0.634501 -0.235956 0.126885
vertex 0.634935 -0.227511 0.129213
endloop
endfacet
facet normal -0.045186 -0.263086 0.963714
outer loop
vertex 0.616204 -0.235730 0.126091
vertex 0.634935 -0.227511 0.129213
vertex 0.616953 -0.227298 0.128428
endloop
endfacet
facet normal 0.549129 0.200802 -0.811256
outer loop
vertex 0.713946 -0.152612 0.146935
vertex 0.713946 -0.227303 0.128448
vertex 0.710572 -0.226722 0.126308
endloop
endfacet
facet normal 0.438168 0.222450 -0.870933
outer loop
vertex 0.713946 -0.152612 0.146935
vertex 0.710572 -0.226722 0.126308
vertex 0.709682 -0.150728 0.145271
endloop
endfacet
facet normal 0.470858 0.350697 -0.809509
outer loop
vertex 0.713946 -0.152612 0.146935
vertex 0.709682 -0.150728 0.145271
vertex 0.709455 -0.148175 0.146245
endloop
endfacet
facet normal 0.467614 0.346840 -0.813043
outer loop
vertex 0.713946 -0.152612 0.146935
vertex 0.709455 -0.148175 0.146245
vertex 0.713716 -0.150047 0.147897
endloop
endfacet
facet normal 0.501885 0.562672 -0.656895
outer loop
vertex 0.713716 -0.150047 0.147897
vertex 0.709455 -0.148175 0.146245
vertex 0.708849 -0.145784 0.147830
endloop
endfacet
facet normal 0.500865 0.561492 -0.658682
outer loop
vertex 0.713716 -0.150047 0.147897
vertex 0.708849 -0.145784 0.147830
vertex 0.713041 -0.147616 0.149456
endloop
endfacet
facet normal 0.501212 0.717275 -0.484049
outer loop
vertex 0.713041 -0.147616 0.149456
vertex 0.708849 -0.145784 0.147830
vertex 0.707906 -0.143716 0.149918
endloop
endfacet
facet normal 0.501661 0.717739 -0.482894
outer loop
vertex 0.713041 -0.147616 0.149456
vertex 0.707906 -0.143716 0.149918
vertex 0.711967 -0.145486 0.151506
endloop
endfacet
facet normal 0.477729 0.824893 -0.302204
outer loop
vertex 0.711967 -0.145486 0.151506
vertex 0.707906 -0.143716 0.149918
vertex 0.706689 -0.142114 0.152367
endloop
endfacet
facet normal 0.478306 0.825294 -0.300189
outer loop
vertex 0.711967 -0.145486 0.151506
vertex 0.706689 -0.142114 0.152367
vertex 0.710567 -0.143801 0.153908
endloop
endfacet
facet normal 0.434617 0.893113 -0.116010
outer loop
vertex 0.710567 -0.143801 0.153908
vertex 0.706689 -0.142114 0.152367
vertex 0.705282 -0.141086 0.155010
endloop
endfacet
facet normal 0.435019 0.893148 -0.114215
outer loop
vertex 0.710567 -0.143801 0.153908
vertex 0.705282 -0.141086 0.155010
vertex 0.708937 -0.142676 0.156497
endloop
endfacet
facet normal 0.371525 0.925294 0.076166
outer loop
vertex 0.708937 -0.142676 0.156497
vertex 0.705282 -0.141086 0.155010
vertex 0.703781 -0.140702 0.157666
endloop
endfacet
facet normal 0.371593 0.925229 0.076619
outer loop
vertex 0.708937 -0.142676 0.156497
vertex 0.703781 -0.140702 0.157666
vertex 0.707188 -0.142189 0.159099
endloop
endfacet
facet normal 0.204824 0.373174 -0.904869
outer loop
vertex 0.709682 -0.150728 0.145271
vertex 0.700977 -0.149226 0.143920
vertex 0.700753 -0.146688 0.144916
endloop
endfacet
facet normal 0.201170 0.364726 -0.909123
outer loop
vertex 0.709682 -0.150728 0.145271
vertex 0.700753 -0.146688 0.144916
vertex 0.709455 -0.148175 0.146245
endloop
endfacet
facet normal 0.219069 0.582283 -0.782914
outer loop
vertex 0.709455 -0.148175 0.146245
vertex 0.700753 -0.146688 0.144916
vertex 0.700258 -0.144329 0.146532
endloop
endfacet
facet normal 0.216698 0.576956 -0.787505
outer loop
vertex 0.709455 -0.148175 0.146245
vertex 0.700258 -0.144329 0.146532
vertex 0.708849 -0.145784 0.147830
endloop
endfacet
facet normal 0.221266 0.743858 -0.630648
outer loop
vertex 0.708849 -0.145784 0.147830
vertex 0.700258 -0.144329 0.146532
vertex 0.699526 -0.142308 0.148659
endloop
endfacet
facet normal 0.219828 0.740944 -0.634570
outer loop
vertex 0.708849 -0.145784 0.147830
vertex 0.699526 -0.142308 0.148659
vertex 0.707906 -0.143716 0.149918
endloop
endfacet
facet normal 0.213668 0.863924 -0.456049
outer loop
vertex 0.707906 -0.143716 0.149918
vertex 0.699526 -0.142308 0.148659
vertex 0.698606 -0.140765 0.151151
endloop
endfacet
facet normal 0.212976 0.862775 -0.458543
outer loop
vertex 0.707906 -0.143716 0.149918
vertex 0.698606 -0.140765 0.151151
vertex 0.706689 -0.142114 0.152367
endloop
endfacet
facet normal 0.197051 0.944839 -0.261630
outer loop
vertex 0.706689 -0.142114 0.152367
vertex 0.698606 -0.140765 0.151151
vertex 0.697561 -0.139803 0.153838
endloop
endfacet
facet normal 0.196828 0.944609 -0.262627
outer loop
vertex 0.706689 -0.142114 0.152367
vertex 0.697561 -0.139803 0.153838
vertex 0.705282 -0.141086 0.155010
endloop
endfacet
facet normal 0.170429 0.984333 -0.045185
outer loop
vertex 0.705282 -0.141086 0.155010
vertex 0.697561 -0.139803 0.153838
vertex 0.696463 -0.139489 0.156537
endloop
endfacet
facet normal 0.170264 0.984319 -0.046104
outer loop
vertex 0.705282 -0.141086 0.155010
vertex 0.696463 -0.139489 0.156537
vertex 0.703781 -0.140702 0.157666
endloop
endfacet
facet normal 0.072826 0.372045 -0.925353
outer loop
vertex 0.700977 -0.149226 0.143920
vertex 0.684335 -0.148192 0.143026
vertex 0.684180 -0.145667 0.144029
endloop
endfacet
facet normal 0.072360 0.369890 -0.926253
outer loop
vertex 0.700977 -0.149226 0.143920
vertex 0.684180 -0.145667 0.144029
vertex 0.700753 -0.146688 0.144916
endloop
endfacet
facet normal 0.079046 0.576649 -0.813159
outer loop
vertex 0.700753 -0.146688 0.144916
vertex 0.684180 -0.145667 0.144029
vertex 0.683896 -0.143331 0.145658
endloop
endfacet
facet normal 0.078564 0.574558 -0.814685
outer loop
vertex 0.700753 -0.146688 0.144916
vertex 0.683896 -0.143331 0.145658
vertex 0.700258 -0.144329 0.146532
endloop
endfacet
facet normal 0.080803 0.737934 -0.670018
outer loop
vertex 0.700258 -0.144329 0.146532
vertex 0.683896 -0.143331 0.145658
vertex 0.683501 -0.141342 0.147801
endloop
endfacet
facet normal 0.080358 0.736265 -0.671905
outer loop
vertex 0.700258 -0.144329 0.146532
vertex 0.683501 -0.141342 0.147801
vertex 0.699526 -0.142308 0.148659
endloop
endfacet
facet normal 0.078794 0.861374 -0.501823
outer loop
vertex 0.699526 -0.142308 0.148659
vertex 0.683501 -0.141342 0.147801
vertex 0.683023 -0.139836 0.150311
endloop
endfacet
facet normal 0.078441 0.860298 -0.503720
outer loop
vertex 0.699526 -0.142308 0.148659
vertex 0.683023 -0.139836 0.150311
vertex 0.698606 -0.140765 0.151151
endloop
endfacet
facet normal 0.073142 0.948671 -0.307691
outer loop
vertex 0.698606 -0.140765 0.151151
vertex 0.683023 -0.139836 0.150311
vertex 0.682495 -0.138917 0.153019
endloop
endfacet
facet normal 0.072638 0.947627 -0.311008
outer loop
vertex 0.698606 -0.140765 0.151151
vertex 0.682495 -0.138917 0.153019
vertex 0.697561 -0.139803 0.153838
endloop
endfacet
facet normal 0.063189 0.994219 -0.086812
outer loop
vertex 0.697561 -0.139803 0.153838
vertex 0.682495 -0.138917 0.153019
vertex 0.681952 -0.138645 0.155739
endloop
endfacet
facet normal 0.062767 0.993951 -0.090115
outer loop
vertex 0.697561 -0.139803 0.153838
vertex 0.681952 -0.138645 0.155739
vertex 0.696463 -0.139489 0.156537
endloop
endfacet
facet normal -0.009234 0.364165 -0.931289
outer loop
vertex 0.684335 -0.148192 0.143026
vertex 0.666389 -0.148289 0.143166
vertex 0.666364 -0.145763 0.144154
endloop
endfacet
facet normal -0.008507 0.368710 -0.929505
outer loop
vertex 0.684335 -0.148192 0.143026
vertex 0.666364 -0.145763 0.144154
vertex 0.684180 -0.145667 0.144029
endloop
endfacet
facet normal -0.008834 0.567618 -0.823245
outer loop
vertex 0.684180 -0.145667 0.144029
vertex 0.666364 -0.145763 0.144154
vertex 0.666276 -0.143425 0.145767
endloop
endfacet
facet normal -0.008125 0.571316 -0.820690
outer loop
vertex 0.684180 -0.145667 0.144029
vertex 0.666276 -0.143425 0.145767
vertex 0.683896 -0.143331 0.145658
endloop
endfacet
facet normal -0.008121 0.729587 -0.683840
outer loop
vertex 0.683896 -0.143331 0.145658
vertex 0.666276 -0.143425 0.145767
vertex 0.666131 -0.141433 0.147894
endloop
endfacet
facet normal -0.007484 0.732245 -0.681000
outer loop
vertex 0.683896 -0.143331 0.145658
vertex 0.666131 -0.141433 0.147894
vertex 0.683501 -0.141342 0.147801
endloop
endfacet
facet normal -0.007253 0.855682 -0.517451
outer loop
vertex 0.683501 -0.141342 0.147801
vertex 0.666131 -0.141433 0.147894
vertex 0.665939 -0.139924 0.150392
endloop
endfacet
facet normal -0.006858 0.856895 -0.515445
outer loop
vertex 0.683501 -0.141342 0.147801
vertex 0.665939 -0.139924 0.150392
vertex 0.683023 -0.139836 0.150311
endloop
endfacet
facet normal -0.006410 0.945939 -0.324280
outer loop
vertex 0.683023 -0.139836 0.150311
vertex 0.665939 -0.139924 0.150392
vertex 0.665712 -0.139001 0.153089
endloop
endfacet
facet normal -0.006083 0.946578 -0.322419
outer loop
vertex 0.683023 -0.139836 0.150311
vertex 0.665712 -0.139001 0.153089
vertex 0.682495 -0.138917 0.153019
endloop
endfacet
facet normal -0.005402 0.994839 -0.101319
outer loop
vertex 0.682495 -0.138917 0.153019
vertex 0.665712 -0.139001 0.153089
vertex 0.665467 -0.138726 0.155802
endloop
endfacet
facet normal -0.005273 0.994918 -0.100549
outer loop
vertex 0.682495 -0.138917 0.153019
vertex 0.665467 -0.138726 0.155802
vertex 0.681952 -0.138645 0.155739
endloop
endfacet
facet normal -0.047071 0.359071 -0.932123
outer loop
vertex 0.666389 -0.148289 0.143166
vertex 0.645495 -0.149094 0.143911
vertex 0.645569 -0.146561 0.144883
endloop
endfacet
facet normal -0.046566 0.363459 -0.930446
outer loop
vertex 0.666389 -0.148289 0.143166
vertex 0.645569 -0.146561 0.144883
vertex 0.666364 -0.145763 0.144154
endloop
endfacet
facet normal -0.050509 0.561904 -0.825659
outer loop
vertex 0.666364 -0.145763 0.144154
vertex 0.645569 -0.146561 0.144883
vertex 0.645733 -0.144207 0.146475
endloop
endfacet
facet normal -0.049904 0.565885 -0.822973
outer loop
vertex 0.666364 -0.145763 0.144154
vertex 0.645733 -0.144207 0.146475
vertex 0.666276 -0.143425 0.145767
endloop
endfacet
facet normal -0.051268 0.724207 -0.687674
outer loop
vertex 0.666276 -0.143425 0.145767
vertex 0.645733 -0.144207 0.146475
vertex 0.645975 -0.142192 0.148579
endloop
endfacet
facet normal -0.050649 0.727231 -0.684522
outer loop
vertex 0.666276 -0.143425 0.145767
vertex 0.645975 -0.142192 0.148579
vertex 0.666131 -0.141433 0.147894
endloop
endfacet
facet normal -0.049818 0.850748 -0.523208
outer loop
vertex 0.666131 -0.141433 0.147894
vertex 0.645975 -0.142192 0.148579
vertex 0.646278 -0.140654 0.151051
endloop
endfacet
facet normal -0.049083 0.853243 -0.519199
outer loop
vertex 0.666131 -0.141433 0.147894
vertex 0.646278 -0.140654 0.151051
vertex 0.665939 -0.139924 0.150392
endloop
endfacet
facet normal -0.046107 0.942195 -0.331877
outer loop
vertex 0.665939 -0.139924 0.150392
vertex 0.646278 -0.140654 0.151051
vertex 0.646622 -0.139696 0.153723
endloop
endfacet
facet normal -0.045223 0.943988 -0.326866
outer loop
vertex 0.665939 -0.139924 0.150392
vertex 0.646622 -0.139696 0.153723
vertex 0.665712 -0.139001 0.153089
endloop
endfacet
facet normal -0.039784 0.993233 -0.109108
outer loop
vertex 0.665712 -0.139001 0.153089
vertex 0.646622 -0.139696 0.153723
vertex 0.646984 -0.139386 0.156413
endloop
endfacet
facet normal -0.038933 0.993788 -0.104254
outer loop
vertex 0.665712 -0.139001 0.153089
vertex 0.646984 -0.139386 0.156413
vertex 0.665467 -0.138726 0.155802
endloop
endfacet
facet normal -0.099438 0.352596 -0.930477
outer loop
vertex 0.645495 -0.149094 0.143911
vertex 0.625396 -0.150788 0.145417
vertex 0.625485 -0.148248 0.146370
endloop
endfacet
facet normal -0.098870 0.359027 -0.928076
outer loop
vertex 0.645495 -0.149094 0.143911
vertex 0.625485 -0.148248 0.146370
vertex 0.645569 -0.146561 0.144883
endloop
endfacet
facet normal -0.107597 0.552337 -0.826648
outer loop
vertex 0.645569 -0.146561 0.144883
vertex 0.625485 -0.148248 0.146370
vertex 0.625830 -0.145864 0.147918
endloop
endfacet
facet normal -0.106265 0.562098 -0.820216
outer loop
vertex 0.645569 -0.146561 0.144883
vertex 0.625830 -0.145864 0.147918
vertex 0.645733 -0.144207 0.146475
endloop
endfacet
facet normal -0.109576 0.713720 -0.691807
outer loop
vertex 0.645733 -0.144207 0.146475
vertex 0.625830 -0.145864 0.147918
vertex 0.626407 -0.143800 0.149956
endloop
endfacet
facet normal -0.107445 0.724183 -0.681186
outer loop
vertex 0.645733 -0.144207 0.146475
vertex 0.626407 -0.143800 0.149956
vertex 0.645975 -0.142192 0.148579
endloop
endfacet
facet normal -0.106441 0.840849 -0.530701
outer loop
vertex 0.645975 -0.142192 0.148579
vertex 0.626407 -0.143800 0.149956
vertex 0.627177 -0.142196 0.152343
endloop
endfacet
facet normal -0.103551 0.850156 -0.516248
outer loop
vertex 0.645975 -0.142192 0.148579
vertex 0.627177 -0.142196 0.152343
vertex 0.646278 -0.140654 0.151051
endloop
endfacet
facet normal -0.098528 0.934967 -0.340776
outer loop
vertex 0.646278 -0.140654 0.151051
vertex 0.627177 -0.142196 0.152343
vertex 0.628089 -0.141161 0.154919
endloop
endfacet
facet normal -0.095351 0.940876 -0.325055
outer loop
vertex 0.646278 -0.140654 0.151051
vertex 0.628089 -0.141161 0.154919
vertex 0.646622 -0.139696 0.153723
endloop
endfacet
facet normal -0.085830 0.989269 -0.118235
outer loop
vertex 0.646622 -0.139696 0.153723
vertex 0.628089 -0.141161 0.154919
vertex 0.629078 -0.140766 0.157506
endloop
endfacet
facet normal -0.082686 0.991226 -0.103116
outer loop
vertex 0.646622 -0.139696 0.153723
vertex 0.629078 -0.140766 0.157506
vertex 0.646984 -0.139386 0.156413
endloop
endfacet
facet normal -0.161050 0.982969 -0.088515
outer loop
vertex 0.619790 -0.142115 0.159424
vertex 0.629078 -0.140766 0.157506
vertex 0.628089 -0.141161 0.154919
endloop
endfacet
facet normal -0.184348 0.973767 -0.133392
outer loop
vertex 0.619790 -0.142115 0.159424
vertex 0.628089 -0.141161 0.154919
vertex 0.619066 -0.142620 0.156738
endloop
endfacet
facet normal -0.210809 0.930589 -0.299273
outer loop
vertex 0.619066 -0.142620 0.156738
vertex 0.628089 -0.141161 0.154919
vertex 0.627177 -0.142196 0.152343
endloop
endfacet
facet normal -0.228222 0.914918 -0.332927
outer loop
vertex 0.619066 -0.142620 0.156738
vertex 0.627177 -0.142196 0.152343
vertex 0.618404 -0.143756 0.154070
endloop
endfacet
facet normal -0.244780 0.839473 -0.485147
outer loop
vertex 0.618404 -0.143756 0.154070
vertex 0.627177 -0.142196 0.152343
vertex 0.626407 -0.143800 0.149956
endloop
endfacet
facet normal -0.255785 0.823484 -0.506408
outer loop
vertex 0.618404 -0.143756 0.154070
vertex 0.626407 -0.143800 0.149956
vertex 0.617848 -0.145447 0.151601
endloop
endfacet
facet normal -0.262169 0.714157 -0.649036
outer loop
vertex 0.617848 -0.145447 0.151601
vertex 0.626407 -0.143800 0.149956
vertex 0.625830 -0.145864 0.147918
endloop
endfacet
facet normal -0.267576 0.702529 -0.659436
outer loop
vertex 0.617848 -0.145447 0.151601
vertex 0.625830 -0.145864 0.147918
vertex 0.617436 -0.147577 0.149499
endloop
endfacet
facet normal -0.261759 0.551970 -0.791714
outer loop
vertex 0.617436 -0.147577 0.149499
vertex 0.625830 -0.145864 0.147918
vertex 0.625485 -0.148248 0.146370
endloop
endfacet
facet normal -0.263198 0.547369 -0.794427
outer loop
vertex 0.617436 -0.147577 0.149499
vertex 0.625485 -0.148248 0.146370
vertex 0.617197 -0.150001 0.147908
endloop
endfacet
facet normal -0.241732 0.348270 -0.905690
outer loop
vertex 0.617197 -0.150001 0.147908
vertex 0.625485 -0.148248 0.146370
vertex 0.625396 -0.150788 0.145417
endloop
endfacet
facet normal -0.241424 0.349848 -0.905164
outer loop
vertex 0.617197 -0.150001 0.147908
vertex 0.625396 -0.150788 0.145417
vertex 0.617147 -0.152553 0.146935
endloop
endfacet
facet normal 0.515243 -0.706291 0.485466
outer loop
vertex 0.707188 -0.142189 0.159099
vertex 0.705262 -0.142941 0.160049
vertex 0.707009 -0.143477 0.157415
endloop
endfacet
facet normal 0.521944 -0.703415 0.482474
outer loop
vertex 0.707188 -0.142189 0.159099
vertex 0.707009 -0.143477 0.157415
vertex 0.708937 -0.142676 0.156497
endloop
endfacet
facet normal 0.533371 -0.596755 0.599498
outer loop
vertex 0.708937 -0.142676 0.156497
vertex 0.707009 -0.143477 0.157415
vertex 0.708638 -0.144648 0.154800
endloop
endfacet
facet normal 0.537562 -0.595338 0.597159
outer loop
vertex 0.708937 -0.142676 0.156497
vertex 0.708638 -0.144648 0.154800
vertex 0.710567 -0.143801 0.153908
endloop
endfacet
facet normal 0.535289 -0.509729 0.673529
outer loop
vertex 0.710567 -0.143801 0.153908
vertex 0.708638 -0.144648 0.154800
vertex 0.710039 -0.146373 0.152381
endloop
endfacet
facet normal 0.538835 -0.509066 0.671200
outer loop
vertex 0.710567 -0.143801 0.153908
vertex 0.710039 -0.146373 0.152381
vertex 0.711967 -0.145486 0.151506
endloop
endfacet
facet normal 0.529828 -0.431230 0.730289
outer loop
vertex 0.711967 -0.145486 0.151506
vertex 0.710039 -0.146373 0.152381
vertex 0.711116 -0.148535 0.150323
endloop
endfacet
facet normal 0.533551 -0.431233 0.727573
outer loop
vertex 0.711967 -0.145486 0.151506
vertex 0.711116 -0.148535 0.150323
vertex 0.713041 -0.147616 0.149456
endloop
endfacet
facet normal 0.518726 -0.351109 0.779517
outer loop
vertex 0.713041 -0.147616 0.149456
vertex 0.711116 -0.148535 0.150323
vertex 0.711796 -0.150987 0.148766
endloop
endfacet
facet normal 0.523551 -0.352168 0.775804
outer loop
vertex 0.713041 -0.147616 0.149456
vertex 0.711796 -0.150987 0.148766
vertex 0.713716 -0.150047 0.147897
endloop
endfacet
facet normal 0.500559 -0.258679 0.826151
outer loop
vertex 0.713716 -0.150047 0.147897
vertex 0.711796 -0.150987 0.148766
vertex 0.712032 -0.153561 0.147817
endloop
endfacet
facet normal 0.508071 -0.262141 0.820455
outer loop
vertex 0.713716 -0.150047 0.147897
vertex 0.712032 -0.153561 0.147817
vertex 0.713946 -0.152612 0.146935
endloop
endfacet
facet normal 0.238762 -0.905633 0.350459
outer loop
vertex 0.705262 -0.142941 0.160049
vertex 0.701390 -0.143665 0.160816
vertex 0.703079 -0.144239 0.158182
endloop
endfacet
facet normal 0.243188 -0.906273 0.345728
outer loop
vertex 0.705262 -0.142941 0.160049
vertex 0.703079 -0.144239 0.158182
vertex 0.707009 -0.143477 0.157415
endloop
endfacet
facet normal 0.259902 -0.807633 0.529321
outer loop
vertex 0.707009 -0.143477 0.157415
vertex 0.703079 -0.144239 0.158182
vertex 0.704652 -0.145444 0.155571
endloop
endfacet
facet normal 0.263256 -0.808643 0.526112
outer loop
vertex 0.707009 -0.143477 0.157415
vertex 0.704652 -0.145444 0.155571
vertex 0.708638 -0.144648 0.154800
endloop
endfacet
facet normal 0.267840 -0.701176 0.660767
outer loop
vertex 0.708638 -0.144648 0.154800
vertex 0.704652 -0.145444 0.155571
vertex 0.706003 -0.147199 0.153161
endloop
endfacet
facet normal 0.270948 -0.702625 0.657956
outer loop
vertex 0.708638 -0.144648 0.154800
vertex 0.706003 -0.147199 0.153161
vertex 0.710039 -0.146373 0.152381
endloop
endfacet
facet normal 0.267807 -0.587474 0.763645
outer loop
vertex 0.710039 -0.146373 0.152381
vertex 0.706003 -0.147199 0.153161
vertex 0.707039 -0.149385 0.151116
endloop
endfacet
facet normal 0.270921 -0.589449 0.761020
outer loop
vertex 0.710039 -0.146373 0.152381
vertex 0.707039 -0.149385 0.151116
vertex 0.711116 -0.148535 0.150323
endloop
endfacet
facet normal 0.261058 -0.460821 0.848229
outer loop
vertex 0.711116 -0.148535 0.150323
vertex 0.707039 -0.149385 0.151116
vertex 0.707690 -0.151851 0.149576
endloop
endfacet
facet normal 0.264380 -0.463661 0.845649
outer loop
vertex 0.711116 -0.148535 0.150323
vertex 0.707690 -0.151851 0.149576
vertex 0.711796 -0.150987 0.148766
endloop
endfacet
facet normal 0.246366 -0.309830 0.918319
outer loop
vertex 0.711796 -0.150987 0.148766
vertex 0.707690 -0.151851 0.149576
vertex 0.707912 -0.154431 0.148646
endloop
endfacet
facet normal 0.250637 -0.314566 0.915549
outer loop
vertex 0.711796 -0.150987 0.148766
vertex 0.707912 -0.154431 0.148646
vertex 0.712032 -0.153561 0.147817
endloop
endfacet
facet normal 0.064400 -0.964381 0.256558
outer loop
vertex 0.701390 -0.143665 0.160816
vertex 0.689433 -0.144302 0.161423
vertex 0.690769 -0.144909 0.158806
endloop
endfacet
facet normal 0.065334 -0.965446 0.252281
outer loop
vertex 0.701390 -0.143665 0.160816
vertex 0.690769 -0.144909 0.158806
vertex 0.703079 -0.144239 0.158182
endloop
endfacet
facet normal 0.071406 -0.886905 0.456400
outer loop
vertex 0.703079 -0.144239 0.158182
vertex 0.690769 -0.144909 0.158806
vertex 0.692028 -0.146143 0.156211
endloop
endfacet
facet normal 0.072177 -0.888347 0.453465
outer loop
vertex 0.703079 -0.144239 0.158182
vertex 0.692028 -0.146143 0.156211
vertex 0.704652 -0.145444 0.155571
endloop
endfacet
facet normal 0.074651 -0.784029 0.616218
outer loop
vertex 0.704652 -0.145444 0.155571
vertex 0.692028 -0.146143 0.156211
vertex 0.693122 -0.147922 0.153815
endloop
endfacet
facet normal 0.075275 -0.785527 0.614232
outer loop
vertex 0.704652 -0.145444 0.155571
vertex 0.693122 -0.147922 0.153815
vertex 0.706003 -0.147199 0.153161
endloop
endfacet
facet normal 0.075004 -0.660687 0.746906
outer loop
vertex 0.706003 -0.147199 0.153161
vertex 0.693122 -0.147922 0.153815
vertex 0.693979 -0.150123 0.151782
endloop
endfacet
facet normal 0.075436 -0.661921 0.745768
outer loop
vertex 0.706003 -0.147199 0.153161
vertex 0.693979 -0.150123 0.151782
vertex 0.707039 -0.149385 0.151116
endloop
endfacet
facet normal 0.072605 -0.512923 0.855359
outer loop
vertex 0.707039 -0.149385 0.151116
vertex 0.693979 -0.150123 0.151782
vertex 0.694538 -0.152597 0.150251
endloop
endfacet
facet normal 0.073026 -0.514334 0.854475
outer loop
vertex 0.707039 -0.149385 0.151116
vertex 0.694538 -0.152597 0.150251
vertex 0.707690 -0.151851 0.149576
endloop
endfacet
facet normal 0.067122 -0.332088 0.940857
outer loop
vertex 0.707690 -0.151851 0.149576
vertex 0.694538 -0.152597 0.150251
vertex 0.694763 -0.155175 0.149325
endloop
endfacet
facet normal 0.067415 -0.333193 0.940445
outer loop
vertex 0.707690 -0.151851 0.149576
vertex 0.694763 -0.155175 0.149325
vertex 0.707912 -0.154431 0.148646
endloop
endfacet
facet normal -0.023193 -0.978315 0.205822
outer loop
vertex 0.689433 -0.144302 0.161423
vertex 0.671557 -0.143955 0.161058
vertex 0.672430 -0.144529 0.158428
endloop
endfacet
facet normal -0.024643 -0.976538 0.213929
outer loop
vertex 0.689433 -0.144302 0.161423
vertex 0.672430 -0.144529 0.158428
vertex 0.690769 -0.144909 0.158806
endloop
endfacet
facet normal -0.027357 -0.911059 0.411367
outer loop
vertex 0.690769 -0.144909 0.158806
vertex 0.672430 -0.144529 0.158428
vertex 0.673276 -0.145732 0.155820
endloop
endfacet
facet normal -0.028616 -0.908035 0.417915
outer loop
vertex 0.690769 -0.144909 0.158806
vertex 0.673276 -0.145732 0.155820
vertex 0.692028 -0.146143 0.156211
endloop
endfacet
facet normal -0.029945 -0.812890 0.581647
outer loop
vertex 0.692028 -0.146143 0.156211
vertex 0.673276 -0.145732 0.155820
vertex 0.674036 -0.147483 0.153412
endloop
endfacet
facet normal -0.031000 -0.809223 0.586684
outer loop
vertex 0.692028 -0.146143 0.156211
vertex 0.674036 -0.147483 0.153412
vertex 0.693122 -0.147922 0.153815
endloop
endfacet
facet normal -0.031135 -0.688540 0.724530
outer loop
vertex 0.693122 -0.147922 0.153815
vertex 0.674036 -0.147483 0.153412
vertex 0.674659 -0.149662 0.151368
endloop
endfacet
facet normal -0.031942 -0.684847 0.727986
outer loop
vertex 0.693122 -0.147922 0.153815
vertex 0.674659 -0.149662 0.151368
vertex 0.693979 -0.150123 0.151782
endloop
endfacet
facet normal -0.030854 -0.534756 0.844443
outer loop
vertex 0.693979 -0.150123 0.151782
vertex 0.674659 -0.149662 0.151368
vertex 0.675102 -0.152121 0.149827
endloop
endfacet
facet normal -0.031478 -0.531095 0.846727
outer loop
vertex 0.693979 -0.150123 0.151782
vertex 0.675102 -0.152121 0.149827
vertex 0.694538 -0.152597 0.150251
endloop
endfacet
facet normal -0.028883 -0.342979 0.938899
outer loop
vertex 0.694538 -0.152597 0.150251
vertex 0.675102 -0.152121 0.149827
vertex 0.675335 -0.154692 0.148895
endloop
endfacet
facet normal -0.029259 -0.340165 0.939910
outer loop
vertex 0.694538 -0.152597 0.150251
vertex 0.675335 -0.154692 0.148895
vertex 0.694763 -0.155175 0.149325
endloop
endfacet
facet normal -0.048884 -0.980948 0.188019
outer loop
vertex 0.671557 -0.143955 0.161058
vertex 0.653682 -0.143203 0.160334
vertex 0.653906 -0.143724 0.157674
endloop
endfacet
facet normal -0.050565 -0.979120 0.196896
outer loop
vertex 0.671557 -0.143955 0.161058
vertex 0.653906 -0.143724 0.157674
vertex 0.672430 -0.144529 0.158428
endloop
endfacet
facet normal -0.055927 -0.916983 0.394987
outer loop
vertex 0.672430 -0.144529 0.158428
vertex 0.653906 -0.143724 0.157674
vertex 0.654133 -0.144875 0.155034
endloop
endfacet
facet normal -0.057432 -0.913508 0.402746
outer loop
vertex 0.672430 -0.144529 0.158428
vertex 0.654133 -0.144875 0.155034
vertex 0.673276 -0.145732 0.155820
endloop
endfacet
facet normal -0.060071 -0.820735 0.568142
outer loop
vertex 0.673276 -0.145732 0.155820
vertex 0.654133 -0.144875 0.155034
vertex 0.654347 -0.146579 0.152595
endloop
endfacet
facet normal -0.061312 -0.816360 0.574280
outer loop
vertex 0.673276 -0.145732 0.155820
vertex 0.654347 -0.146579 0.152595
vertex 0.674036 -0.147483 0.153412
endloop
endfacet
facet normal -0.061648 -0.697074 0.714344
outer loop
vertex 0.674036 -0.147483 0.153412
vertex 0.654347 -0.146579 0.152595
vertex 0.654535 -0.148720 0.150522
endloop
endfacet
facet normal -0.062629 -0.692279 0.718907
outer loop
vertex 0.674036 -0.147483 0.153412
vertex 0.654535 -0.148720 0.150522
vertex 0.674659 -0.149662 0.151368
endloop
endfacet
facet normal -0.060628 -0.542970 0.837561
outer loop
vertex 0.674659 -0.149662 0.151368
vertex 0.654535 -0.148720 0.150522
vertex 0.654682 -0.151152 0.148956
endloop
endfacet
facet normal -0.061389 -0.537937 0.840747
outer loop
vertex 0.674659 -0.149662 0.151368
vertex 0.654682 -0.151152 0.148956
vertex 0.675102 -0.152121 0.149827
endloop
endfacet
facet normal -0.056490 -0.349920 0.935075
outer loop
vertex 0.675102 -0.152121 0.149827
vertex 0.654682 -0.151152 0.148956
vertex 0.654779 -0.153709 0.148005
endloop
endfacet
facet normal -0.057054 -0.344820 0.936933
outer loop
vertex 0.675102 -0.152121 0.149827
vertex 0.654779 -0.153709 0.148005
vertex 0.675335 -0.154692 0.148895
endloop
endfacet
facet normal -0.033320 -0.981244 0.189869
outer loop
vertex 0.653682 -0.143203 0.160334
vertex 0.634074 -0.142632 0.159844
vertex 0.633427 -0.143129 0.157162
endloop
endfacet
facet normal -0.033247 -0.981334 0.189414
outer loop
vertex 0.653682 -0.143203 0.160334
vertex 0.633427 -0.143129 0.157162
vertex 0.653906 -0.143724 0.157674
endloop
endfacet
facet normal -0.036562 -0.917395 0.396295
outer loop
vertex 0.653906 -0.143724 0.157674
vertex 0.633427 -0.143129 0.157162
vertex 0.632851 -0.144256 0.154500
endloop
endfacet
facet normal -0.036633 -0.917202 0.396735
outer loop
vertex 0.653906 -0.143724 0.157674
vertex 0.632851 -0.144256 0.154500
vertex 0.654133 -0.144875 0.155034
endloop
endfacet
facet normal -0.038168 -0.821656 0.568704
outer loop
vertex 0.654133 -0.144875 0.155034
vertex 0.632851 -0.144256 0.154500
vertex 0.632385 -0.145937 0.152040
endloop
endfacet
facet normal -0.038396 -0.820727 0.570029
outer loop
vertex 0.654133 -0.144875 0.155034
vertex 0.632385 -0.145937 0.152040
vertex 0.654347 -0.146579 0.152595
endloop
endfacet
facet normal -0.038476 -0.698372 0.714700
outer loop
vertex 0.654347 -0.146579 0.152595
vertex 0.632385 -0.145937 0.152040
vertex 0.632061 -0.148058 0.149950
endloop
endfacet
facet normal -0.038753 -0.696843 0.716176
outer loop
vertex 0.654347 -0.146579 0.152595
vertex 0.632061 -0.148058 0.149950
vertex 0.654535 -0.148720 0.150522
endloop
endfacet
facet normal -0.037371 -0.544974 0.837620
outer loop
vertex 0.654535 -0.148720 0.150522
vertex 0.632061 -0.148058 0.149950
vertex 0.631902 -0.150474 0.148371
endloop
endfacet
facet normal -0.037699 -0.542608 0.839140
outer loop
vertex 0.654535 -0.148720 0.150522
vertex 0.631902 -0.150474 0.148371
vertex 0.654682 -0.151152 0.148956
endloop
endfacet
facet normal -0.034510 -0.352579 0.935146
outer loop
vertex 0.654682 -0.151152 0.148956
vertex 0.631902 -0.150474 0.148371
vertex 0.631917 -0.153019 0.147412
endloop
endfacet
facet normal -0.034834 -0.349542 0.936273
outer loop
vertex 0.654682 -0.151152 0.148956
vertex 0.631917 -0.153019 0.147412
vertex 0.654779 -0.153709 0.148005
endloop
endfacet
facet normal -0.041314 -0.352525 0.934890
outer loop
vertex 0.617147 -0.152553 0.146935
vertex 0.631917 -0.153019 0.147412
vertex 0.631902 -0.150474 0.148371
endloop
endfacet
facet normal -0.040829 -0.355261 0.933875
outer loop
vertex 0.617147 -0.152553 0.146935
vertex 0.631902 -0.150474 0.148371
vertex 0.617197 -0.150001 0.147908
endloop
endfacet
facet normal -0.043886 -0.544521 0.837598
outer loop
vertex 0.617197 -0.150001 0.147908
vertex 0.631902 -0.150474 0.148371
vertex 0.632061 -0.148058 0.149950
endloop
endfacet
facet normal -0.043747 -0.545177 0.837179
outer loop
vertex 0.617197 -0.150001 0.147908
vertex 0.632061 -0.148058 0.149950
vertex 0.617436 -0.147577 0.149499
endloop
endfacet
facet normal -0.044994 -0.697684 0.714991
outer loop
vertex 0.617436 -0.147577 0.149499
vertex 0.632061 -0.148058 0.149950
vertex 0.632385 -0.145937 0.152040
endloop
endfacet
facet normal -0.045106 -0.697259 0.715399
outer loop
vertex 0.617436 -0.147577 0.149499
vertex 0.632385 -0.145937 0.152040
vertex 0.617848 -0.145447 0.151601
endloop
endfacet
facet normal -0.044864 -0.820832 0.569405
outer loop
vertex 0.617848 -0.145447 0.151601
vertex 0.632385 -0.145937 0.152040
vertex 0.632851 -0.144256 0.154500
endloop
endfacet
facet normal -0.045366 -0.819402 0.571421
outer loop
vertex 0.617848 -0.145447 0.151601
vertex 0.632851 -0.144256 0.154500
vertex 0.618404 -0.143756 0.154070
endloop
endfacet
facet normal -0.043552 -0.916586 0.397459
outer loop
vertex 0.618404 -0.143756 0.154070
vertex 0.632851 -0.144256 0.154500
vertex 0.633427 -0.143129 0.157162
endloop
endfacet
facet normal -0.044265 -0.915163 0.400646
outer loop
vertex 0.618404 -0.143756 0.154070
vertex 0.633427 -0.143129 0.157162
vertex 0.619066 -0.142620 0.156738
endloop
endfacet
facet normal -0.040412 -0.980662 0.191492
outer loop
vertex 0.619066 -0.142620 0.156738
vertex 0.633427 -0.143129 0.157162
vertex 0.634074 -0.142632 0.159844
endloop
endfacet
facet normal -0.041209 -0.979874 0.195318
outer loop
vertex 0.619066 -0.142620 0.156738
vertex 0.634074 -0.142632 0.159844
vertex 0.619790 -0.142115 0.159424
endloop
endfacet
facet normal 0.243315 -0.777073 0.580479
outer loop
vertex 0.685986 -0.140424 0.188641
vertex 0.685986 -0.140604 0.188400
vertex 0.686561 -0.140424 0.188400
endloop
endfacet
facet normal 0.122669 -0.894283 0.430360
outer loop
vertex 0.685986 -0.140604 0.188400
vertex 0.683269 -0.140981 0.188391
vertex 0.683400 -0.141131 0.188042
endloop
endfacet
facet normal 0.130887 -0.909807 0.393853
outer loop
vertex 0.685986 -0.140604 0.188400
vertex 0.683400 -0.141131 0.188042
vertex 0.686121 -0.140740 0.188041
endloop
endfacet
facet normal 0.277737 0.883598 0.376983
outer loop
vertex 0.687084 -0.140436 0.188041
vertex 0.686101 -0.140127 0.188041
vertex 0.685986 -0.140244 0.188400
endloop
endfacet
facet normal 0.277081 0.885063 0.374018
outer loop
vertex 0.687084 -0.140436 0.188041
vertex 0.685986 -0.140244 0.188400
vertex 0.686561 -0.140424 0.188400
endloop
endfacet
facet normal 0.131155 0.915047 0.381429
outer loop
vertex 0.686101 -0.140127 0.188041
vertex 0.683352 -0.139733 0.188041
vertex 0.683269 -0.139867 0.188391
endloop
endfacet
facet normal 0.127918 0.930155 0.344165
outer loop
vertex 0.686101 -0.140127 0.188041
vertex 0.683269 -0.139867 0.188391
vertex 0.685986 -0.140244 0.188400
endloop
endfacet
facet normal 0.037541 0.924690 0.378866
outer loop
vertex 0.683352 -0.139733 0.188041
vertex 0.675431 -0.139411 0.188040
vertex 0.675391 -0.139552 0.188388
endloop
endfacet
facet normal 0.037057 0.930296 0.364933
outer loop
vertex 0.683352 -0.139733 0.188041
vertex 0.675391 -0.139552 0.188388
vertex 0.683269 -0.139867 0.188391
endloop
endfacet
facet normal -0.002223 0.930869 0.365346
outer loop
vertex 0.675431 -0.139411 0.188040
vertex 0.662444 -0.139442 0.188040
vertex 0.662426 -0.139579 0.188389
endloop
endfacet
facet normal -0.001901 0.926903 0.375297
outer loop
vertex 0.675431 -0.139411 0.188040
vertex 0.662426 -0.139579 0.188389
vertex 0.675391 -0.139552 0.188388
endloop
endfacet
facet normal -0.018579 0.925927 0.377246
outer loop
vertex 0.662444 -0.139442 0.188040
vertex 0.651331 -0.139665 0.188040
vertex 0.651359 -0.139805 0.188385
endloop
endfacet
facet normal -0.019145 0.931023 0.364459
outer loop
vertex 0.662444 -0.139442 0.188040
vertex 0.651359 -0.139805 0.188385
vertex 0.662426 -0.139579 0.188389
endloop
endfacet
facet normal -0.032270 0.933487 0.357157
outer loop
vertex 0.651331 -0.139665 0.188040
vertex 0.641206 -0.140015 0.188040
vertex 0.641286 -0.140145 0.188387
endloop
endfacet
facet normal -0.031155 0.925270 0.378029
outer loop
vertex 0.651331 -0.139665 0.188040
vertex 0.641286 -0.140145 0.188387
vertex 0.651359 -0.139805 0.188385
endloop
endfacet
facet normal -0.050726 0.931327 0.360633
outer loop
vertex 0.636164 -0.140424 0.188387
vertex 0.641286 -0.140145 0.188387
vertex 0.641206 -0.140015 0.188040
endloop
endfacet
facet normal -0.051555 0.934485 0.352250
outer loop
vertex 0.636164 -0.140424 0.188387
vertex 0.641206 -0.140015 0.188040
vertex 0.633575 -0.140436 0.188040
endloop
endfacet
facet normal 0.036082 -0.906440 0.420791
outer loop
vertex 0.683269 -0.140981 0.188391
vertex 0.675391 -0.141296 0.188388
vertex 0.675494 -0.141453 0.188041
endloop
endfacet
facet normal 0.037138 -0.913015 0.406232
outer loop
vertex 0.683269 -0.140981 0.188391
vertex 0.675494 -0.141453 0.188041
vertex 0.683400 -0.141131 0.188042
endloop
endfacet
facet normal -0.001880 -0.917490 0.397755
outer loop
vertex 0.675391 -0.141296 0.188388
vertex 0.662426 -0.141269 0.188389
vertex 0.662492 -0.141420 0.188041
endloop
endfacet
facet normal -0.002312 -0.911338 0.411652
outer loop
vertex 0.675391 -0.141296 0.188388
vertex 0.662492 -0.141420 0.188041
vertex 0.675494 -0.141453 0.188041
endloop
endfacet
facet normal -0.018826 -0.914858 0.403337
outer loop
vertex 0.662426 -0.141269 0.188389
vertex 0.651359 -0.141043 0.188385
vertex 0.651375 -0.141195 0.188041
endloop
endfacet
facet normal -0.018590 -0.918468 0.395058
outer loop
vertex 0.662426 -0.141269 0.188389
vertex 0.651375 -0.141195 0.188041
vertex 0.662492 -0.141420 0.188041
endloop
endfacet
facet normal -0.030957 -0.916758 0.398241
outer loop
vertex 0.651359 -0.141043 0.188385
vertex 0.641286 -0.140702 0.188387
vertex 0.641235 -0.140851 0.188040
endloop
endfacet
facet normal -0.031072 -0.914779 0.402757
outer loop
vertex 0.651359 -0.141043 0.188385
vertex 0.641235 -0.140851 0.188040
vertex 0.651375 -0.141195 0.188041
endloop
endfacet
facet normal -0.049582 -0.915065 0.400248
outer loop
vertex 0.633575 -0.140436 0.188040
vertex 0.641235 -0.140851 0.188040
vertex 0.641286 -0.140702 0.188387
endloop
endfacet
facet normal -0.049623 -0.914379 0.401806
outer loop
vertex 0.633575 -0.140436 0.188040
vertex 0.641286 -0.140702 0.188387
vertex 0.636164 -0.140424 0.188387
endloop
endfacet
facet normal 0.269979 -0.862378 0.428270
outer loop
vertex 0.686561 -0.140424 0.188400
vertex 0.685986 -0.140604 0.188400
vertex 0.686121 -0.140740 0.188041
endloop
endfacet
facet normal 0.272386 -0.862919 0.425649
outer loop
vertex 0.686561 -0.140424 0.188400
vertex 0.686121 -0.140740 0.188041
vertex 0.687084 -0.140436 0.188041
endloop
endfacet
facet normal 0.243276 0.777081 0.580485
outer loop
vertex 0.685986 -0.140244 0.188400
vertex 0.685986 -0.140424 0.188641
vertex 0.686561 -0.140424 0.188400
endloop
endfacet
facet normal -0.000001 -1.000000 -0.000001
outer loop
vertex 0.744962 0.306424 -0.202846
vertex 0.766946 0.306424 -0.178761
vertex 0.748837 0.306424 -0.153861
endloop
endfacet
facet normal -0.000000 -1.000000 -0.000000
outer loop
vertex 0.689258 0.306424 -0.222910
vertex 0.744962 0.306424 -0.202846
vertex 0.748837 0.306424 -0.153861
endloop
endfacet
facet normal 0.000000 -1.000000 0.000000
outer loop
vertex 0.689258 0.306424 -0.222910
vertex 0.748837 0.306424 -0.153861
vertex 0.698132 0.306424 -0.137110
endloop
endfacet
facet normal 0.000000 -1.000000 0.000001
outer loop
vertex 0.689258 0.306424 -0.222910
vertex 0.698132 0.306424 -0.137110
vertex 0.621169 0.306424 -0.132583
endloop
endfacet
facet normal -0.000000 -1.000000 0.000000
outer loop
vertex 0.689258 0.306424 -0.222910
vertex 0.621169 0.306424 -0.132583
vertex 0.611824 0.306424 -0.232952
endloop
endfacet
facet normal -0.000000 -1.000000 0.000001
outer loop
vertex 0.366882 0.306424 -0.228506
vertex 0.611824 0.306424 -0.232952
vertex 0.621169 0.306424 -0.132583
endloop
endfacet
facet normal -0.000000 -1.000000 0.000001
outer loop
vertex 0.366882 0.306424 -0.228506
vertex 0.621169 0.306424 -0.132583
vertex 0.358588 0.306424 -0.133488
endloop
endfacet
facet normal -0.000001 -1.000000 0.000000
outer loop
vertex 0.366882 0.306424 -0.228506
vertex 0.358588 0.306424 -0.133488
vertex 0.304442 0.306424 -0.139373
endloop
endfacet
facet normal -0.000000 -1.000000 0.000000
outer loop
vertex 0.366882 0.306424 -0.228506
vertex 0.304442 0.306424 -0.139373
vertex 0.297325 0.306424 -0.218220
endloop
endfacet
facet normal -0.000000 -1.000000 0.000001
outer loop
vertex 0.297325 0.306424 -0.218220
vertex 0.304442 0.306424 -0.139373
vertex 0.256227 0.306424 -0.166763
endloop
endfacet
facet normal 0.000000 -1.000000 -0.000000
outer loop
vertex 0.297325 0.306424 -0.218220
vertex 0.256227 0.306424 -0.166763
vertex 0.263353 0.306424 -0.202918
endloop
endfacet
facet normal -0.000001 -1.000000 0.000000
outer loop
vertex 0.263353 0.306424 -0.202918
vertex 0.256227 0.306424 -0.166763
vertex 0.246946 0.306424 -0.178761
endloop
endfacet
facet normal 0.029900 -0.753986 0.656209
outer loop
vertex 0.675391 0.139552 0.188388
vertex 0.683269 0.139867 0.188391
vertex 0.683269 0.140424 0.189031
endloop
endfacet
facet normal 0.026622 -0.737851 0.674439
outer loop
vertex 0.675391 0.139552 0.188388
vertex 0.683269 0.140424 0.189031
vertex 0.675391 0.140424 0.189342
endloop
endfacet
facet normal -0.018220 0.748096 0.663341
outer loop
vertex 0.651359 0.140424 0.189038
vertex 0.662426 0.140424 0.189342
vertex 0.662426 0.141269 0.188389
endloop
endfacet
facet normal -0.015067 0.725672 0.687876
outer loop
vertex 0.651359 0.140424 0.189038
vertex 0.662426 0.141269 0.188389
vertex 0.651359 0.141043 0.188385
endloop
endfacet
facet normal -0.015517 -0.748138 0.663362
outer loop
vertex 0.651359 0.139805 0.188385
vertex 0.662426 0.139579 0.188389
vertex 0.662426 0.140424 0.189342
endloop
endfacet
facet normal -0.018895 -0.725623 0.687833
outer loop
vertex 0.651359 0.139805 0.188385
vertex 0.662426 0.140424 0.189342
vertex 0.651359 0.140424 0.189038
endloop
endfacet
facet normal -0.648547 0.620776 -0.440480
outer loop
vertex 0.263353 0.306424 -0.202918
vertex 0.246946 0.306424 -0.178761
vertex 0.349353 0.425804 -0.161297
endloop
endfacet
facet normal -0.719688 0.624344 -0.303716
outer loop
vertex 0.263353 0.306424 -0.202918
vertex 0.349353 0.425804 -0.161297
vertex 0.361402 0.432725 -0.175621
endloop
endfacet
facet normal 0.000000 0.738109 0.674681
outer loop
vertex 0.662426 0.140424 0.189342
vertex 0.675391 0.140424 0.189342
vertex 0.675391 0.141296 0.188388
endloop
endfacet
facet normal -0.001508 0.748241 0.663425
outer loop
vertex 0.662426 0.140424 0.189342
vertex 0.675391 0.141296 0.188388
vertex 0.662426 0.141269 0.188389
endloop
endfacet
facet normal -0.465175 0.336287 0.818855
outer loop
vertex 0.256227 0.306424 -0.166763
vertex 0.304442 0.306424 -0.139373
vertex 0.385367 0.413785 -0.137492
endloop
endfacet
facet normal -0.408129 0.251666 0.877551
outer loop
vertex 0.256227 0.306424 -0.166763
vertex 0.385367 0.413785 -0.137492
vertex 0.354987 0.422429 -0.154100
endloop
endfacet
facet normal 0.025909 0.754070 0.656283
outer loop
vertex 0.675391 0.140424 0.189342
vertex 0.683269 0.140424 0.189031
vertex 0.683269 0.140981 0.188391
endloop
endfacet
facet normal 0.029242 0.737799 0.674387
outer loop
vertex 0.675391 0.140424 0.189342
vertex 0.683269 0.140981 0.188391
vertex 0.675391 0.141296 0.188388
endloop
endfacet
facet normal 0.093819 0.751008 0.653594
outer loop
vertex 0.683269 0.140981 0.188391
vertex 0.683269 0.140424 0.189031
vertex 0.685986 0.140424 0.188641
endloop
endfacet
facet normal 0.108547 0.796406 0.594941
outer loop
vertex 0.683269 0.140981 0.188391
vertex 0.685986 0.140424 0.188641
vertex 0.685986 0.140604 0.188400
endloop
endfacet
facet normal -0.023831 0.725543 0.687764
outer loop
vertex 0.641286 0.140424 0.188689
vertex 0.651359 0.140424 0.189038
vertex 0.651359 0.141043 0.188385
endloop
endfacet
facet normal -0.024763 0.735498 0.677074
outer loop
vertex 0.641286 0.140424 0.188689
vertex 0.651359 0.141043 0.188385
vertex 0.641286 0.140702 0.188387
endloop
endfacet
facet normal 0.752296 0.367030 0.547120
outer loop
vertex 0.748837 0.306424 -0.153861
vertex 0.766946 0.306424 -0.178761
vertex 0.696583 0.424826 -0.161440
endloop
endfacet
facet normal 0.670132 0.338046 0.660794
outer loop
vertex 0.748837 0.306424 -0.153861
vertex 0.696583 0.424826 -0.161440
vertex 0.685471 0.417445 -0.146395
endloop
endfacet
facet normal 0.311628 0.114429 0.943289
outer loop
vertex 0.698132 0.306424 -0.137110
vertex 0.748837 0.306424 -0.153861
vertex 0.685471 0.417445 -0.146395
endloop
endfacet
facet normal 0.275562 0.111281 0.954821
outer loop
vertex 0.698132 0.306424 -0.137110
vertex 0.685471 0.417445 -0.146395
vertex 0.651954 0.412160 -0.136106
endloop
endfacet
facet normal 0.058711 0.016164 0.998144
outer loop
vertex 0.621169 0.306424 -0.132583
vertex 0.698132 0.306424 -0.137110
vertex 0.651954 0.412160 -0.136106
endloop
endfacet
facet normal 0.053321 0.017742 0.998420
outer loop
vertex 0.621169 0.306424 -0.132583
vertex 0.651954 0.412160 -0.136106
vertex 0.599738 0.410846 -0.133294
endloop
endfacet
facet normal -0.003446 0.006102 0.999976
outer loop
vertex 0.358588 0.306424 -0.133488
vertex 0.621169 0.306424 -0.132583
vertex 0.599738 0.410846 -0.133294
endloop
endfacet
facet normal -0.003143 0.005401 0.999980
outer loop
vertex 0.358588 0.306424 -0.133488
vertex 0.599738 0.410846 -0.133294
vertex 0.421353 0.411463 -0.133858
endloop
endfacet
facet normal -0.024351 -0.725546 0.687742
outer loop
vertex 0.641286 0.140145 0.188387
vertex 0.651359 0.139805 0.188385
vertex 0.651359 0.140424 0.189038
endloop
endfacet
facet normal -0.023504 -0.734289 0.678430
outer loop
vertex 0.641286 0.140145 0.188387
vertex 0.651359 0.140424 0.189038
vertex 0.641286 0.140424 0.188689
endloop
endfacet
facet normal -0.107802 0.067910 0.991850
outer loop
vertex 0.304442 0.306424 -0.139373
vertex 0.358588 0.306424 -0.133488
vertex 0.421353 0.411463 -0.133858
endloop
endfacet
facet normal -0.096770 0.055532 0.993756
outer loop
vertex 0.304442 0.306424 -0.139373
vertex 0.421353 0.411463 -0.133858
vertex 0.385367 0.413785 -0.137492
endloop
endfacet
facet normal -0.001487 -0.738122 0.674666
outer loop
vertex 0.662426 0.139579 0.188389
vertex 0.675391 0.139552 0.188388
vertex 0.675391 0.140424 0.189342
endloop
endfacet
facet normal 0.000000 -0.748229 0.663441
outer loop
vertex 0.662426 0.139579 0.188389
vertex 0.675391 0.140424 0.189342
vertex 0.662426 0.140424 0.189342
endloop
endfacet
facet normal 0.414753 -0.901648 0.122517
outer loop
vertex 0.676966 0.470572 -0.034203
vertex 0.663086 0.463527 -0.039063
vertex 0.665234 0.455370 -0.106366
endloop
endfacet
facet normal 0.551817 -0.829617 0.085053
outer loop
vertex 0.676966 0.470572 -0.034203
vertex 0.665234 0.455370 -0.106366
vertex 0.676910 0.461796 -0.119440
endloop
endfacet
facet normal -0.364985 0.458470 -0.810304
outer loop
vertex 0.297325 0.306424 -0.218220
vertex 0.263353 0.306424 -0.202918
vertex 0.361402 0.432725 -0.175621
endloop
endfacet
facet normal -0.395930 0.467455 -0.790395
outer loop
vertex 0.297325 0.306424 -0.218220
vertex 0.361402 0.432725 -0.175621
vertex 0.384635 0.437314 -0.184545
endloop
endfacet
facet normal -0.017419 0.280586 -0.959671
outer loop
vertex 0.611824 0.306424 -0.232952
vertex 0.366882 0.306424 -0.228506
vertex 0.430918 0.440481 -0.190473
endloop
endfacet
facet normal -0.017568 0.280401 -0.959722
outer loop
vertex 0.611824 0.306424 -0.232952
vertex 0.430918 0.440481 -0.190473
vertex 0.592043 0.441879 -0.193014
endloop
endfacet
facet normal -0.137984 0.332106 -0.933095
outer loop
vertex 0.366882 0.306424 -0.228506
vertex 0.297325 0.306424 -0.218220
vertex 0.384635 0.437314 -0.184545
endloop
endfacet
facet normal -0.142164 0.332424 -0.932354
outer loop
vertex 0.366882 0.306424 -0.228506
vertex 0.384635 0.437314 -0.184545
vertex 0.430918 0.440481 -0.190473
endloop
endfacet
facet normal 0.122800 0.297122 -0.946910
outer loop
vertex 0.689258 0.306424 -0.222910
vertex 0.611824 0.306424 -0.232952
vertex 0.592043 0.441879 -0.193014
endloop
endfacet
facet normal 0.124774 0.298394 -0.946252
outer loop
vertex 0.689258 0.306424 -0.222910
vertex 0.592043 0.441879 -0.193014
vertex 0.643227 0.438666 -0.187278
endloop
endfacet
facet normal 0.317669 0.348212 -0.881949
outer loop
vertex 0.744962 0.306424 -0.202846
vertex 0.689258 0.306424 -0.222910
vertex 0.643227 0.438666 -0.187278
endloop
endfacet
facet normal 0.330320 0.356980 -0.873758
outer loop
vertex 0.744962 0.306424 -0.202846
vertex 0.643227 0.438666 -0.187278
vertex 0.680843 0.432264 -0.175673
endloop
endfacet
facet normal 0.654775 0.462680 -0.597659
outer loop
vertex 0.766946 0.306424 -0.178761
vertex 0.744962 0.306424 -0.202846
vertex 0.680843 0.432264 -0.175673
endloop
endfacet
facet normal 0.700281 0.491846 -0.517391
outer loop
vertex 0.766946 0.306424 -0.178761
vertex 0.680843 0.432264 -0.175673
vertex 0.696583 0.424826 -0.161440
endloop
endfacet
facet normal 0.536210 0.839669 -0.086226
outer loop
vertex 0.665146 0.468137 -0.131420
vertex 0.667737 0.477006 -0.028941
vertex 0.676966 0.470572 -0.034203
endloop
endfacet
facet normal 0.539578 0.837472 -0.086580
outer loop
vertex 0.665146 0.468137 -0.131420
vertex 0.676966 0.470572 -0.034203
vertex 0.676910 0.461796 -0.119440
endloop
endfacet
facet normal 0.180896 -0.975651 0.124021
outer loop
vertex 0.636992 0.451154 -0.098339
vertex 0.665234 0.455370 -0.106366
vertex 0.663086 0.463527 -0.039063
endloop
endfacet
facet normal 0.153703 -0.978628 0.136613
outer loop
vertex 0.636992 0.451154 -0.098339
vertex 0.663086 0.463527 -0.039063
vertex 0.636692 0.458934 -0.042269
endloop
endfacet
facet normal 0.032762 -0.989955 0.137536
outer loop
vertex 0.593110 0.450037 -0.095926
vertex 0.636992 0.451154 -0.098339
vertex 0.636692 0.458934 -0.042269
endloop
endfacet
facet normal 0.027841 -0.989551 0.141469
outer loop
vertex 0.593110 0.450037 -0.095926
vertex 0.636692 0.458934 -0.042269
vertex 0.593546 0.457603 -0.043088
endloop
endfacet
facet normal -0.010236 -0.989839 0.141822
outer loop
vertex 0.468674 0.451310 -0.096022
vertex 0.593110 0.450037 -0.095926
vertex 0.593546 0.457603 -0.043088
endloop
endfacet
facet normal -0.029721 -0.981939 0.186850
outer loop
vertex 0.468674 0.451310 -0.096022
vertex 0.593546 0.457603 -0.043088
vertex 0.510153 0.461015 -0.038422
endloop
endfacet
facet normal -0.080284 -0.971836 0.221560
outer loop
vertex 0.428713 0.453886 -0.099203
vertex 0.468674 0.451310 -0.096022
vertex 0.510153 0.461015 -0.038422
endloop
endfacet
facet normal -0.086571 -0.969404 0.229698
outer loop
vertex 0.428713 0.453886 -0.099203
vertex 0.510153 0.461015 -0.038422
vertex 0.461009 0.466515 -0.033732
endloop
endfacet
facet normal -0.320058 -0.888350 0.329238
outer loop
vertex 0.395774 0.460581 -0.113159
vertex 0.428713 0.453886 -0.099203
vertex 0.461009 0.466515 -0.033732
endloop
endfacet
facet normal -0.181570 -0.958287 0.220723
outer loop
vertex 0.395774 0.460581 -0.113159
vertex 0.461009 0.466515 -0.033732
vertex 0.426137 0.474259 -0.028797
endloop
endfacet
facet normal -0.292112 -0.921872 0.254603
outer loop
vertex 0.395774 0.460581 -0.113159
vertex 0.426137 0.474259 -0.028797
vertex 0.417819 0.477420 -0.026895
endloop
endfacet
facet normal -0.577562 -0.760754 0.296100
outer loop
vertex 0.395774 0.460581 -0.113159
vertex 0.417819 0.477420 -0.026895
vertex 0.388805 0.463614 -0.118960
endloop
endfacet
facet normal -0.039899 0.735147 0.676733
outer loop
vertex 0.636164 0.140424 0.188387
vertex 0.641286 0.140424 0.188689
vertex 0.641286 0.140702 0.188387
endloop
endfacet
facet normal 0.142319 0.986941 -0.075454
outer loop
vertex 0.634263 0.473210 -0.141731
vertex 0.641131 0.481078 -0.025862
vertex 0.667737 0.477006 -0.028941
endloop
endfacet
facet normal 0.190443 0.977617 -0.089422
outer loop
vertex 0.634263 0.473210 -0.141731
vertex 0.667737 0.477006 -0.028941
vertex 0.665146 0.468137 -0.131420
endloop
endfacet
facet normal 0.000033 0.997702 -0.067751
outer loop
vertex 0.590657 0.481054 -0.026240
vertex 0.641131 0.481078 -0.025862
vertex 0.634263 0.473210 -0.141731
endloop
endfacet
facet normal 0.051515 0.997504 -0.048299
outer loop
vertex 0.590657 0.481054 -0.026240
vertex 0.634263 0.473210 -0.141731
vertex 0.588156 0.475313 -0.147475
endloop
endfacet
facet normal -0.051892 0.998622 -0.007889
outer loop
vertex 0.464751 0.473565 -0.146041
vertex 0.525785 0.477653 -0.030039
vertex 0.590657 0.481054 -0.026240
endloop
endfacet
facet normal -0.014693 0.998787 -0.046995
outer loop
vertex 0.464751 0.473565 -0.146041
vertex 0.590657 0.481054 -0.026240
vertex 0.588156 0.475313 -0.147475
endloop
endfacet
facet normal -0.020421 0.998992 -0.039984
outer loop
vertex 0.424471 0.471130 -0.141272
vertex 0.483049 0.476775 -0.030149
vertex 0.525785 0.477653 -0.030039
endloop
endfacet
facet normal -0.060722 0.998149 -0.003227
outer loop
vertex 0.424471 0.471130 -0.141272
vertex 0.525785 0.477653 -0.030039
vertex 0.464751 0.473565 -0.146041
endloop
endfacet
facet normal 0.016314 0.995205 -0.096436
outer loop
vertex 0.400589 0.468238 -0.132201
vertex 0.440974 0.477637 -0.028371
vertex 0.483049 0.476775 -0.030149
endloop
endfacet
facet normal -0.116172 0.993170 0.010788
outer loop
vertex 0.400589 0.468238 -0.132201
vertex 0.483049 0.476775 -0.030149
vertex 0.424471 0.471130 -0.141272
endloop
endfacet
facet normal -0.018365 0.989608 -0.142613
outer loop
vertex 0.388805 0.463614 -0.118960
vertex 0.417819 0.477420 -0.026895
vertex 0.440974 0.477637 -0.028371
endloop
endfacet
facet normal -0.324885 0.944872 0.040831
outer loop
vertex 0.388805 0.463614 -0.118960
vertex 0.440974 0.477637 -0.028371
vertex 0.400589 0.468238 -0.132201
endloop
endfacet
facet normal 0.657635 0.456571 0.599215
outer loop
vertex 0.709518 0.282456 0.106264
vertex 0.681451 0.447453 0.011347
vertex 0.673754 0.452866 0.015670
endloop
endfacet
facet normal 0.685820 0.448599 0.573070
outer loop
vertex 0.709518 0.282456 0.106264
vertex 0.673754 0.452866 0.015670
vertex 0.707144 0.283114 0.108590
endloop
endfacet
facet normal 0.192776 -0.475780 -0.858179
outer loop
vertex 0.644831 0.437638 0.003405
vertex 0.668059 0.441476 0.006495
vertex 0.704955 0.281643 0.103395
endloop
endfacet
facet normal 0.285499 -0.436757 -0.853073
outer loop
vertex 0.644831 0.437638 0.003405
vertex 0.704955 0.281643 0.103395
vertex 0.695960 0.280904 0.100763
endloop
endfacet
facet normal 0.037104 -0.518531 -0.854253
outer loop
vertex 0.605377 0.436375 0.002458
vertex 0.644831 0.437638 0.003405
vertex 0.695960 0.280904 0.100763
endloop
endfacet
facet normal 0.068842 -0.504202 -0.860838
outer loop
vertex 0.605377 0.436375 0.002458
vertex 0.695960 0.280904 0.100763
vertex 0.676265 0.280472 0.099441
endloop
endfacet
facet normal -0.073852 -0.550764 -0.831388
outer loop
vertex 0.547159 0.439831 0.005340
vertex 0.605377 0.436375 0.002458
vertex 0.676265 0.280472 0.099441
endloop
endfacet
facet normal -0.045391 -0.534956 -0.843660
outer loop
vertex 0.547159 0.439831 0.005340
vertex 0.676265 0.280472 0.099441
vertex 0.649500 0.280778 0.100687
endloop
endfacet
facet normal -0.135292 -0.572023 -0.809003
outer loop
vertex 0.495886 0.445462 0.009933
vertex 0.547159 0.439831 0.005340
vertex 0.649500 0.280778 0.100687
endloop
endfacet
facet normal -0.084122 -0.539977 -0.837465
outer loop
vertex 0.495886 0.445462 0.009933
vertex 0.649500 0.280778 0.100687
vertex 0.624067 0.281401 0.102840
endloop
endfacet
facet normal -0.216192 -0.603527 -0.767474
outer loop
vertex 0.460513 0.451134 0.015437
vertex 0.495886 0.445462 0.009933
vertex 0.624067 0.281401 0.102840
endloop
endfacet
facet normal -0.137517 -0.554983 -0.820416
outer loop
vertex 0.460513 0.451134 0.015437
vertex 0.624067 0.281401 0.102840
vertex 0.604736 0.282210 0.105533
endloop
endfacet
facet normal -0.327969 -0.640375 -0.694519
outer loop
vertex 0.595034 0.282663 0.107250
vertex 0.449175 0.455071 0.017161
vertex 0.460513 0.451134 0.015437
endloop
endfacet
facet normal -0.168755 -0.572147 -0.802602
outer loop
vertex 0.595034 0.282663 0.107250
vertex 0.460513 0.451134 0.015437
vertex 0.604736 0.282210 0.105533
endloop
endfacet
facet normal -0.037969 0.449407 0.892520
outer loop
vertex 0.595034 0.282663 0.107250
vertex 0.614396 0.283137 0.107835
vertex 0.474567 0.453632 0.016038
endloop
endfacet
facet normal 0.066703 0.505836 0.860047
outer loop
vertex 0.595034 0.282663 0.107250
vertex 0.474567 0.453632 0.016038
vertex 0.449175 0.455071 0.017161
endloop
endfacet
facet normal -0.023978 0.458616 0.888311
outer loop
vertex 0.474567 0.453632 0.016038
vertex 0.614396 0.283137 0.107835
vertex 0.638858 0.283062 0.108534
endloop
endfacet
facet normal 0.047688 0.511261 0.858101
outer loop
vertex 0.474567 0.453632 0.016038
vertex 0.638858 0.283062 0.108534
vertex 0.517882 0.451866 0.014683
endloop
endfacet
facet normal -0.063332 0.449892 0.890834
outer loop
vertex 0.517882 0.451866 0.014683
vertex 0.638858 0.283062 0.108534
vertex 0.663940 0.283391 0.110151
endloop
endfacet
facet normal -0.015958 0.482439 0.875784
outer loop
vertex 0.517882 0.451866 0.014683
vertex 0.663940 0.283391 0.110151
vertex 0.558251 0.452359 0.015147
endloop
endfacet
facet normal -0.057189 0.461884 0.885095
outer loop
vertex 0.558251 0.452359 0.015147
vertex 0.663940 0.283391 0.110151
vertex 0.684510 0.283694 0.111322
endloop
endfacet
facet normal -0.086265 0.443983 0.891873
outer loop
vertex 0.558251 0.452359 0.015147
vertex 0.684510 0.283694 0.111322
vertex 0.603805 0.455728 0.017876
endloop
endfacet
facet normal 0.042122 0.492076 0.869532
outer loop
vertex 0.603805 0.455728 0.017876
vertex 0.684510 0.283694 0.111322
vertex 0.700334 0.283564 0.110629
endloop
endfacet
facet normal -0.012161 0.468968 0.883131
outer loop
vertex 0.603805 0.455728 0.017876
vertex 0.700334 0.283564 0.110629
vertex 0.650643 0.456178 0.018282
endloop
endfacet
facet normal 0.277030 0.514048 0.811794
outer loop
vertex 0.650643 0.456178 0.018282
vertex 0.700334 0.283564 0.110629
vertex 0.707144 0.283114 0.108590
endloop
endfacet
facet normal 0.167570 0.498526 0.850525
outer loop
vertex 0.650643 0.456178 0.018282
vertex 0.707144 0.283114 0.108590
vertex 0.673754 0.452866 0.015670
endloop
endfacet
facet normal -0.141670 -0.989862 0.010167
outer loop
vertex 0.633575 0.140436 0.188040
vertex 0.619790 0.142115 0.159424
vertex 0.629078 0.140766 0.157506
endloop
endfacet
facet normal -0.055085 -0.998478 -0.002679
outer loop
vertex 0.633575 0.140436 0.188040
vertex 0.629078 0.140766 0.157506
vertex 0.641206 0.140015 0.188040
endloop
endfacet
facet normal 0.675545 0.177150 0.715721
outer loop
vertex 0.713946 0.152612 0.146935
vertex 0.713946 0.227303 0.128448
vertex 0.712227 0.227717 0.129968
endloop
endfacet
facet normal 0.490926 0.202636 0.847308
outer loop
vertex 0.713946 0.152612 0.146935
vertex 0.712227 0.227717 0.129968
vertex 0.712032 0.153561 0.147817
endloop
endfacet
facet normal 0.294246 -0.234632 -0.926481
outer loop
vertex 0.703421 0.226145 0.124183
vertex 0.710572 0.226722 0.126308
vertex 0.709682 0.150728 0.145271
endloop
endfacet
facet normal 0.190429 -0.249669 -0.949422
outer loop
vertex 0.703421 0.226145 0.124183
vertex 0.709682 0.150728 0.145271
vertex 0.700977 0.149226 0.143920
endloop
endfacet
facet normal 0.079691 -0.250128 -0.964928
outer loop
vertex 0.686943 0.225802 0.122911
vertex 0.703421 0.226145 0.124183
vertex 0.700977 0.149226 0.143920
endloop
endfacet
facet normal 0.067539 -0.252445 -0.965251
outer loop
vertex 0.686943 0.225802 0.122911
vertex 0.700977 0.149226 0.143920
vertex 0.684335 0.148192 0.143026
endloop
endfacet
facet normal -0.028592 -0.249887 -0.967853
outer loop
vertex 0.666150 0.225958 0.123485
vertex 0.686943 0.225802 0.122911
vertex 0.684335 0.148192 0.143026
endloop
endfacet
facet normal -0.008891 -0.245648 -0.969318
outer loop
vertex 0.666150 0.225958 0.123485
vertex 0.684335 0.148192 0.143026
vertex 0.666389 0.148289 0.143166
endloop
endfacet
facet normal -0.061774 -0.245343 -0.967466
outer loop
vertex 0.644671 0.226307 0.124768
vertex 0.666150 0.225958 0.123485
vertex 0.666389 0.148289 0.143166
endloop
endfacet
facet normal -0.043851 -0.240848 -0.969572
outer loop
vertex 0.644671 0.226307 0.124768
vertex 0.666389 0.148289 0.143166
vertex 0.645495 0.149094 0.143911
endloop
endfacet
facet normal -0.110524 -0.240277 -0.964391
outer loop
vertex 0.626661 0.226833 0.126701
vertex 0.644671 0.226307 0.124768
vertex 0.645495 0.149094 0.143911
endloop
endfacet
facet normal -0.092409 -0.236513 -0.967224
outer loop
vertex 0.626661 0.226833 0.126701
vertex 0.645495 0.149094 0.143911
vertex 0.625396 0.150788 0.145417
endloop
endfacet
facet normal -0.181149 -0.236810 -0.954519
outer loop
vertex 0.617147 0.152553 0.146935
vertex 0.616953 0.227298 0.128428
vertex 0.626661 0.226833 0.126701
endloop
endfacet
facet normal -0.223419 -0.229443 -0.947333
outer loop
vertex 0.617147 0.152553 0.146935
vertex 0.626661 0.226833 0.126701
vertex 0.625396 0.150788 0.145417
endloop
endfacet
facet normal -0.038869 0.238636 0.970331
outer loop
vertex 0.617147 0.152553 0.146935
vertex 0.631917 0.153019 0.147412
vertex 0.634935 0.227511 0.129213
endloop
endfacet
facet normal -0.045176 0.239989 0.969724
outer loop
vertex 0.617147 0.152553 0.146935
vertex 0.634935 0.227511 0.129213
vertex 0.616953 0.227298 0.128428
endloop
endfacet
facet normal -0.032371 0.238441 0.970617
outer loop
vertex 0.634935 0.227511 0.129213
vertex 0.631917 0.153019 0.147412
vertex 0.654779 0.153709 0.148005
endloop
endfacet
facet normal -0.042694 0.235733 0.970880
outer loop
vertex 0.634935 0.227511 0.129213
vertex 0.654779 0.153709 0.148005
vertex 0.656799 0.227756 0.130115
endloop
endfacet
facet normal -0.053291 0.235887 0.970318
outer loop
vertex 0.656799 0.227756 0.130115
vertex 0.654779 0.153709 0.148005
vertex 0.675335 0.154692 0.148895
endloop
endfacet
facet normal -0.071406 0.231277 0.970264
outer loop
vertex 0.656799 0.227756 0.130115
vertex 0.675335 0.154692 0.148895
vertex 0.678824 0.228171 0.131637
endloop
endfacet
facet normal -0.027246 0.229789 0.972859
outer loop
vertex 0.678824 0.228171 0.131637
vertex 0.675335 0.154692 0.148895
vertex 0.694763 0.155175 0.149325
endloop
endfacet
facet normal -0.039831 0.227090 0.973059
outer loop
vertex 0.678824 0.228171 0.131637
vertex 0.694763 0.155175 0.149325
vertex 0.696192 0.228355 0.132305
endloop
endfacet
facet normal 0.062936 0.224915 0.972344
outer loop
vertex 0.696192 0.228355 0.132305
vertex 0.694763 0.155175 0.149325
vertex 0.707912 0.154431 0.148646
endloop
endfacet
facet normal 0.074089 0.226432 0.971205
outer loop
vertex 0.696192 0.228355 0.132305
vertex 0.707912 0.154431 0.148646
vertex 0.707890 0.228126 0.131466
endloop
endfacet
facet normal 0.236967 0.220640 0.946131
outer loop
vertex 0.707890 0.228126 0.131466
vertex 0.707912 0.154431 0.148646
vertex 0.712032 0.153561 0.147817
endloop
endfacet
facet normal 0.336946 0.219490 0.915583
outer loop
vertex 0.707890 0.228126 0.131466
vertex 0.712032 0.153561 0.147817
vertex 0.712227 0.227717 0.129968
endloop
endfacet
facet normal -0.039977 -0.733905 0.678075
outer loop
vertex 0.641286 0.140145 0.188387
vertex 0.641286 0.140424 0.188689
vertex 0.636164 0.140424 0.188387
endloop
endfacet
facet normal 0.296234 -0.942522 0.154588
outer loop
vertex 0.687084 0.140436 0.188041
vertex 0.686101 0.140127 0.188041
vertex 0.703781 0.140702 0.157666
endloop
endfacet
facet normal 0.331481 -0.927261 0.174092
outer loop
vertex 0.687084 0.140436 0.188041
vertex 0.703781 0.140702 0.157666
vertex 0.707188 0.142189 0.159099
endloop
endfacet
facet normal 0.152579 -0.985798 0.070152
outer loop
vertex 0.696463 0.139489 0.156537
vertex 0.703781 0.140702 0.157666
vertex 0.686101 0.140127 0.188041
endloop
endfacet
facet normal 0.141553 -0.987690 0.066559
outer loop
vertex 0.696463 0.139489 0.156537
vertex 0.686101 0.140127 0.188041
vertex 0.683352 0.139733 0.188041
endloop
endfacet
facet normal 0.040349 0.991055 0.127208
outer loop
vertex 0.689433 0.144302 0.161423
vertex 0.675494 0.141453 0.188041
vertex 0.683400 0.141131 0.188042
endloop
endfacet
facet normal 0.059386 0.989557 0.131341
outer loop
vertex 0.689433 0.144302 0.161423
vertex 0.683400 0.141131 0.188042
vertex 0.701390 0.143665 0.160816
endloop
endfacet
facet normal -0.002526 0.995691 0.092694
outer loop
vertex 0.671557 0.143955 0.161058
vertex 0.662492 0.141420 0.188041
vertex 0.675494 0.141453 0.188041
endloop
endfacet
facet normal -0.021266 0.995214 0.095382
outer loop
vertex 0.671557 0.143955 0.161058
vertex 0.675494 0.141453 0.188041
vertex 0.689433 0.144302 0.161423
endloop
endfacet
facet normal -0.020186 0.997301 0.070597
outer loop
vertex 0.653682 0.143203 0.160334
vertex 0.651375 0.141195 0.188041
vertex 0.662492 0.141420 0.188041
endloop
endfacet
facet normal -0.045074 0.995901 0.078420
outer loop
vertex 0.653682 0.143203 0.160334
vertex 0.662492 0.141420 0.188041
vertex 0.671557 0.143955 0.161058
endloop
endfacet
facet normal -0.033825 0.996863 0.071557
outer loop
vertex 0.634074 0.142632 0.159844
vertex 0.641235 0.140851 0.188040
vertex 0.651375 0.141195 0.188041
endloop
endfacet
facet normal -0.030778 0.997093 0.069699
outer loop
vertex 0.634074 0.142632 0.159844
vertex 0.651375 0.141195 0.188041
vertex 0.653682 0.143203 0.160334
endloop
endfacet
facet normal 0.101963 -0.750411 0.653059
outer loop
vertex 0.683269 0.140424 0.189031
vertex 0.683269 0.139867 0.188391
vertex 0.685986 0.140244 0.188400
endloop
endfacet
facet normal 0.085585 -0.798221 0.596253
outer loop
vertex 0.683269 0.140424 0.189031
vertex 0.685986 0.140244 0.188400
vertex 0.685986 0.140424 0.188641
endloop
endfacet
facet normal -0.075662 -0.996949 0.019195
outer loop
vertex 0.629078 0.140766 0.157506
vertex 0.646984 0.139386 0.156413
vertex 0.651331 0.139665 0.188040
endloop
endfacet
facet normal -0.034546 -0.999344 -0.010857
outer loop
vertex 0.629078 0.140766 0.157506
vertex 0.651331 0.139665 0.188040
vertex 0.641206 0.140015 0.188040
endloop
endfacet
facet normal -0.035055 -0.999206 0.018906
outer loop
vertex 0.646984 0.139386 0.156413
vertex 0.665467 0.138726 0.155802
vertex 0.662444 0.139442 0.188040
endloop
endfacet
facet normal -0.020061 -0.999732 0.011576
outer loop
vertex 0.646984 0.139386 0.156413
vertex 0.662444 0.139442 0.188040
vertex 0.651331 0.139665 0.188040
endloop
endfacet
facet normal -0.004826 -0.999730 0.022735
outer loop
vertex 0.665467 0.138726 0.155802
vertex 0.681952 0.138645 0.155739
vertex 0.675431 0.139411 0.188040
endloop
endfacet
facet normal -0.002386 -0.999756 0.021981
outer loop
vertex 0.665467 0.138726 0.155802
vertex 0.675431 0.139411 0.188040
vertex 0.662444 0.139442 0.188040
endloop
endfacet
facet normal 0.056327 -0.997926 0.031172
outer loop
vertex 0.681952 0.138645 0.155739
vertex 0.696463 0.139489 0.156537
vertex 0.683352 0.139733 0.188041
endloop
endfacet
facet normal 0.040594 -0.998667 0.031879
outer loop
vertex 0.681952 0.138645 0.155739
vertex 0.683352 0.139733 0.188041
vertex 0.675431 0.139411 0.188040
endloop
endfacet
facet normal 0.140160 0.974988 0.172493
outer loop
vertex 0.683400 0.141131 0.188042
vertex 0.686121 0.140740 0.188041
vertex 0.705262 0.142941 0.160049
endloop
endfacet
facet normal 0.223538 0.945759 0.235734
outer loop
vertex 0.683400 0.141131 0.188042
vertex 0.705262 0.142941 0.160049
vertex 0.701390 0.143665 0.160816
endloop
endfacet
facet normal 0.497997 0.768897 0.400993
outer loop
vertex 0.707188 0.142189 0.159099
vertex 0.705262 0.142941 0.160049
vertex 0.686121 0.140740 0.188041
endloop
endfacet
facet normal 0.290822 0.921386 0.257820
outer loop
vertex 0.707188 0.142189 0.159099
vertex 0.686121 0.140740 0.188041
vertex 0.687084 0.140436 0.188041
endloop
endfacet
facet normal -0.053940 0.995603 0.076585
outer loop
vertex 0.633575 0.140436 0.188040
vertex 0.641235 0.140851 0.188040
vertex 0.634074 0.142632 0.159844
endloop
endfacet
facet normal -0.038322 0.996301 0.076919
outer loop
vertex 0.633575 0.140436 0.188040
vertex 0.634074 0.142632 0.159844
vertex 0.619790 0.142115 0.159424
endloop
endfacet
facet normal 0.698428 0.545971 -0.462724
outer loop
vertex 0.680843 0.432264 -0.175673
vertex 0.674547 0.445005 -0.170143
vertex 0.689047 0.437801 -0.156757
endloop
endfacet
facet normal 0.684325 0.564189 -0.461942
outer loop
vertex 0.680843 0.432264 -0.175673
vertex 0.689047 0.437801 -0.156757
vertex 0.696583 0.424826 -0.161440
endloop
endfacet
facet normal 0.676628 0.641919 -0.360713
outer loop
vertex 0.674547 0.445005 -0.170143
vertex 0.669354 0.456296 -0.159791
vertex 0.682662 0.449383 -0.147130
endloop
endfacet
facet normal 0.659196 0.661160 -0.358230
outer loop
vertex 0.674547 0.445005 -0.170143
vertex 0.682662 0.449383 -0.147130
vertex 0.689047 0.437801 -0.156757
endloop
endfacet
facet normal 0.647034 0.713409 -0.269063
outer loop
vertex 0.669354 0.456296 -0.159791
vertex 0.666052 0.464419 -0.146194
vertex 0.678400 0.457809 -0.134026
endloop
endfacet
facet normal 0.630502 0.729831 -0.264225
outer loop
vertex 0.669354 0.456296 -0.159791
vertex 0.678400 0.457809 -0.134026
vertex 0.682662 0.449383 -0.147130
endloop
endfacet
facet normal 0.591290 0.789911 -0.162530
outer loop
vertex 0.666052 0.464419 -0.146194
vertex 0.665146 0.468137 -0.131420
vertex 0.676910 0.461796 -0.119440
endloop
endfacet
facet normal 0.582729 0.797089 -0.158355
outer loop
vertex 0.666052 0.464419 -0.146194
vertex 0.676910 0.461796 -0.119440
vertex 0.678400 0.457809 -0.134026
endloop
endfacet
facet normal 0.334767 0.501829 -0.797558
outer loop
vertex 0.643227 0.438666 -0.187278
vertex 0.639126 0.451117 -0.181165
vertex 0.674547 0.445005 -0.170143
endloop
endfacet
facet normal 0.331685 0.508728 -0.794469
outer loop
vertex 0.643227 0.438666 -0.187278
vertex 0.674547 0.445005 -0.170143
vertex 0.680843 0.432264 -0.175673
endloop
endfacet
facet normal 0.320934 0.710659 -0.626072
outer loop
vertex 0.639126 0.451117 -0.181165
vertex 0.635982 0.462054 -0.170362
vertex 0.669354 0.456296 -0.159791
endloop
endfacet
facet normal 0.317073 0.716023 -0.621913
outer loop
vertex 0.639126 0.451117 -0.181165
vertex 0.669354 0.456296 -0.159791
vertex 0.674547 0.445005 -0.170143
endloop
endfacet
facet normal 0.287497 0.850263 -0.440907
outer loop
vertex 0.635982 0.462054 -0.170362
vertex 0.634274 0.469812 -0.156515
vertex 0.666052 0.464419 -0.146194
endloop
endfacet
facet normal 0.286080 0.851583 -0.439277
outer loop
vertex 0.635982 0.462054 -0.170362
vertex 0.666052 0.464419 -0.146194
vertex 0.669354 0.456296 -0.159791
endloop
endfacet
facet normal 0.228611 0.948818 -0.217903
outer loop
vertex 0.634274 0.469812 -0.156515
vertex 0.634263 0.473210 -0.141731
vertex 0.665146 0.468137 -0.131420
endloop
endfacet
facet normal 0.233293 0.946293 -0.223838
outer loop
vertex 0.634274 0.469812 -0.156515
vertex 0.665146 0.468137 -0.131420
vertex 0.666052 0.464419 -0.146194
endloop
endfacet
facet normal -0.017953 0.456278 -0.889656
outer loop
vertex 0.430918 0.440481 -0.190473
vertex 0.438156 0.452759 -0.184322
vertex 0.590327 0.454149 -0.186680
endloop
endfacet
facet normal -0.017990 0.456645 -0.889467
outer loop
vertex 0.430918 0.440481 -0.190473
vertex 0.590327 0.454149 -0.186680
vertex 0.592043 0.441879 -0.193014
endloop
endfacet
facet normal -0.017593 0.714568 -0.699345
outer loop
vertex 0.438156 0.452759 -0.184322
vertex 0.447127 0.463358 -0.173718
vertex 0.588986 0.464811 -0.175802
endloop
endfacet
facet normal -0.017375 0.712982 -0.700967
outer loop
vertex 0.438156 0.452759 -0.184322
vertex 0.588986 0.464811 -0.175802
vertex 0.590327 0.454149 -0.186680
endloop
endfacet
facet normal -0.016843 0.883362 -0.468388
outer loop
vertex 0.447127 0.463358 -0.173718
vertex 0.456466 0.470664 -0.160275
vertex 0.588224 0.472243 -0.162035
endloop
endfacet
facet normal -0.015996 0.879480 -0.475667
outer loop
vertex 0.447127 0.463358 -0.173718
vertex 0.588224 0.472243 -0.162035
vertex 0.588986 0.464811 -0.175802
endloop
endfacet
facet normal -0.016118 0.981524 -0.190661
outer loop
vertex 0.456466 0.470664 -0.160275
vertex 0.464751 0.473565 -0.146041
vertex 0.588156 0.475313 -0.147475
endloop
endfacet
facet normal -0.014481 0.978369 -0.206359
outer loop
vertex 0.456466 0.470664 -0.160275
vertex 0.588156 0.475313 -0.147475
vertex 0.588224 0.472243 -0.162035
endloop
endfacet
facet normal -0.143457 0.509366 -0.848508
outer loop
vertex 0.384635 0.437314 -0.184545
vertex 0.394219 0.449710 -0.178724
vertex 0.438156 0.452759 -0.184322
endloop
endfacet
facet normal -0.143528 0.509613 -0.848348
outer loop
vertex 0.384635 0.437314 -0.184545
vertex 0.438156 0.452759 -0.184322
vertex 0.430918 0.440481 -0.190473
endloop
endfacet
facet normal -0.132449 0.750808 -0.647105
outer loop
vertex 0.394219 0.449710 -0.178724
vertex 0.405155 0.460489 -0.168456
vertex 0.447127 0.463358 -0.173718
endloop
endfacet
facet normal -0.134146 0.755320 -0.641480
outer loop
vertex 0.394219 0.449710 -0.178724
vertex 0.447127 0.463358 -0.173718
vertex 0.438156 0.452759 -0.184322
endloop
endfacet
facet normal -0.110468 0.898562 -0.424715
outer loop
vertex 0.405155 0.460489 -0.168456
vertex 0.415778 0.468011 -0.155305
vertex 0.456466 0.470664 -0.160275
endloop
endfacet
facet normal -0.113490 0.903901 -0.412410
outer loop
vertex 0.405155 0.460489 -0.168456
vertex 0.456466 0.470664 -0.160275
vertex 0.447127 0.463358 -0.173718
endloop
endfacet
facet normal -0.079414 0.982385 -0.169156
outer loop
vertex 0.415778 0.468011 -0.155305
vertex 0.424471 0.471130 -0.141272
vertex 0.464751 0.473565 -0.146041
endloop
endfacet
facet normal -0.082842 0.984826 -0.152498
outer loop
vertex 0.415778 0.468011 -0.155305
vertex 0.464751 0.473565 -0.146041
vertex 0.456466 0.470664 -0.160275
endloop
endfacet
facet normal -0.386200 0.621693 -0.681430
outer loop
vertex 0.361402 0.432725 -0.175621
vertex 0.372051 0.445303 -0.170181
vertex 0.394219 0.449710 -0.178724
endloop
endfacet
facet normal -0.385155 0.619139 -0.684340
outer loop
vertex 0.361402 0.432725 -0.175621
vertex 0.394219 0.449710 -0.178724
vertex 0.384635 0.437314 -0.184545
endloop
endfacet
facet normal -0.339019 0.795988 -0.501467
outer loop
vertex 0.372051 0.445303 -0.170181
vertex 0.383238 0.456469 -0.160020
vertex 0.405155 0.460489 -0.168456
endloop
endfacet
facet normal -0.345157 0.806867 -0.479408
outer loop
vertex 0.372051 0.445303 -0.170181
vertex 0.405155 0.460489 -0.168456
vertex 0.394219 0.449710 -0.178724
endloop
endfacet
facet normal -0.270006 0.900486 -0.340912
outer loop
vertex 0.383238 0.456469 -0.160020
vertex 0.393259 0.464523 -0.146683
vertex 0.415778 0.468011 -0.155305
endloop
endfacet
facet normal -0.281117 0.913139 -0.295212
outer loop
vertex 0.383238 0.456469 -0.160020
vertex 0.415778 0.468011 -0.155305
vertex 0.405155 0.460489 -0.168456
endloop
endfacet
facet normal -0.177996 0.971098 -0.159018
outer loop
vertex 0.393259 0.464523 -0.146683
vertex 0.400589 0.468238 -0.132201
vertex 0.424471 0.471130 -0.141272
endloop
endfacet
facet normal -0.189483 0.976806 -0.099735
outer loop
vertex 0.393259 0.464523 -0.146683
vertex 0.424471 0.471130 -0.141272
vertex 0.415778 0.468011 -0.155305
endloop
endfacet
facet normal -0.425654 0.142666 0.893569
outer loop
vertex 0.385367 0.413785 -0.137492
vertex 0.396252 0.426901 -0.134401
vertex 0.366465 0.435168 -0.149910
endloop
endfacet
facet normal -0.451025 0.115282 0.885035
outer loop
vertex 0.385367 0.413785 -0.137492
vertex 0.366465 0.435168 -0.149910
vertex 0.354987 0.422429 -0.154100
endloop
endfacet
facet normal -0.462340 -0.142510 0.875176
outer loop
vertex 0.396252 0.426901 -0.134401
vertex 0.408312 0.439127 -0.126039
vertex 0.378246 0.446892 -0.140658
endloop
endfacet
facet normal -0.492748 -0.177168 0.851945
outer loop
vertex 0.396252 0.426901 -0.134401
vertex 0.378246 0.446892 -0.140658
vertex 0.366465 0.435168 -0.149910
endloop
endfacet
facet normal -0.451714 -0.456461 0.766549
outer loop
vertex 0.408312 0.439127 -0.126039
vertex 0.419711 0.448603 -0.113679
vertex 0.388539 0.455816 -0.127753
endloop
endfacet
facet normal -0.480044 -0.494323 0.724709
outer loop
vertex 0.408312 0.439127 -0.126039
vertex 0.388539 0.455816 -0.127753
vertex 0.378246 0.446892 -0.140658
endloop
endfacet
facet normal -0.374758 -0.771255 0.514511
outer loop
vertex 0.419711 0.448603 -0.113679
vertex 0.428713 0.453886 -0.099203
vertex 0.395774 0.460581 -0.113159
endloop
endfacet
facet normal -0.390584 -0.800299 0.454934
outer loop
vertex 0.419711 0.448603 -0.113679
vertex 0.395774 0.460581 -0.113159
vertex 0.388539 0.455816 -0.127753
endloop
endfacet
facet normal 0.727963 0.184467 0.660335
outer loop
vertex 0.696583 0.424826 -0.161440
vertex 0.689047 0.437801 -0.156757
vertex 0.678097 0.430554 -0.142661
endloop
endfacet
facet normal 0.727810 0.224865 0.647865
outer loop
vertex 0.696583 0.424826 -0.161440
vertex 0.678097 0.430554 -0.142661
vertex 0.685471 0.417445 -0.146395
endloop
endfacet
facet normal 0.788871 -0.072380 0.610281
outer loop
vertex 0.689047 0.437801 -0.156757
vertex 0.682662 0.449383 -0.147130
vertex 0.671661 0.442365 -0.133742
endloop
endfacet
facet normal 0.795409 -0.023881 0.605602
outer loop
vertex 0.689047 0.437801 -0.156757
vertex 0.671661 0.442365 -0.133742
vertex 0.678097 0.430554 -0.142661
endloop
endfacet
facet normal 0.789305 -0.366673 0.492492
outer loop
vertex 0.682662 0.449383 -0.147130
vertex 0.678400 0.457809 -0.134026
vertex 0.667144 0.451079 -0.120997
endloop
endfacet
facet normal 0.807738 -0.312464 0.499925
outer loop
vertex 0.682662 0.449383 -0.147130
vertex 0.667144 0.451079 -0.120997
vertex 0.671661 0.442365 -0.133742
endloop
endfacet
facet normal 0.671554 -0.694430 0.258423
outer loop
vertex 0.678400 0.457809 -0.134026
vertex 0.676910 0.461796 -0.119440
vertex 0.665234 0.455370 -0.106366
endloop
endfacet
facet normal 0.711200 -0.644064 0.281737
outer loop
vertex 0.678400 0.457809 -0.134026
vertex 0.665234 0.455370 -0.106366
vertex 0.667144 0.451079 -0.120997
endloop
endfacet
facet normal 0.300244 -0.101271 0.948471
outer loop
vertex 0.685471 0.417445 -0.146395
vertex 0.678097 0.430554 -0.142661
vertex 0.646290 0.425490 -0.133133
endloop
endfacet
facet normal 0.304310 -0.082355 0.949006
outer loop
vertex 0.685471 0.417445 -0.146395
vertex 0.646290 0.425490 -0.133133
vertex 0.651954 0.412160 -0.136106
endloop
endfacet
facet normal 0.315517 -0.456345 0.831985
outer loop
vertex 0.678097 0.430554 -0.142661
vertex 0.671661 0.442365 -0.133742
vertex 0.641458 0.437581 -0.124912
endloop
endfacet
facet normal 0.321253 -0.441307 0.837881
outer loop
vertex 0.678097 0.430554 -0.142661
vertex 0.641458 0.437581 -0.124912
vertex 0.646290 0.425490 -0.133133
endloop
endfacet
facet normal 0.288957 -0.739480 0.608007
outer loop
vertex 0.671661 0.442365 -0.133742
vertex 0.667144 0.451079 -0.120997
vertex 0.638193 0.446593 -0.112694
endloop
endfacet
facet normal 0.295881 -0.729251 0.616966
outer loop
vertex 0.671661 0.442365 -0.133742
vertex 0.638193 0.446593 -0.112694
vertex 0.641458 0.437581 -0.124912
endloop
endfacet
facet normal 0.223948 -0.926928 0.301086
outer loop
vertex 0.667144 0.451079 -0.120997
vertex 0.665234 0.455370 -0.106366
vertex 0.636992 0.451154 -0.098339
endloop
endfacet
facet normal 0.232261 -0.921212 0.312128
outer loop
vertex 0.667144 0.451079 -0.120997
vertex 0.636992 0.451154 -0.098339
vertex 0.638193 0.446593 -0.112694
endloop
endfacet
facet normal 0.057148 -0.194135 0.979309
outer loop
vertex 0.651954 0.412160 -0.136106
vertex 0.646290 0.425490 -0.133133
vertex 0.597107 0.424193 -0.130520
endloop
endfacet
facet normal 0.057596 -0.192254 0.979654
outer loop
vertex 0.651954 0.412160 -0.136106
vertex 0.597107 0.424193 -0.130520
vertex 0.599738 0.410846 -0.133294
endloop
endfacet
facet normal 0.059013 -0.545051 0.836324
outer loop
vertex 0.646290 0.425490 -0.133133
vertex 0.641458 0.437581 -0.124912
vertex 0.594923 0.436328 -0.122445
endloop
endfacet
facet normal 0.058801 -0.545673 0.835932
outer loop
vertex 0.646290 0.425490 -0.133133
vertex 0.594923 0.436328 -0.122445
vertex 0.597107 0.424193 -0.130520
endloop
endfacet
facet normal 0.053522 -0.796725 0.601967
outer loop
vertex 0.641458 0.437581 -0.124912
vertex 0.638193 0.446593 -0.112694
vertex 0.593520 0.445403 -0.110297
endloop
endfacet
facet normal 0.053353 -0.797034 0.601573
outer loop
vertex 0.641458 0.437581 -0.124912
vertex 0.593520 0.445403 -0.110297
vertex 0.594923 0.436328 -0.122445
endloop
endfacet
facet normal 0.041022 -0.951251 0.305677
outer loop
vertex 0.638193 0.446593 -0.112694
vertex 0.636992 0.451154 -0.098339
vertex 0.593110 0.450037 -0.095926
endloop
endfacet
facet normal 0.041831 -0.950561 0.307709
outer loop
vertex 0.638193 0.446593 -0.112694
vertex 0.593110 0.450037 -0.095926
vertex 0.593520 0.445403 -0.110297
endloop
endfacet
facet normal -0.003599 -0.204166 0.978930
outer loop
vertex 0.599738 0.410846 -0.133294
vertex 0.597107 0.424193 -0.130520
vertex 0.431083 0.424751 -0.131014
endloop
endfacet
facet normal -0.003808 -0.206618 0.978414
outer loop
vertex 0.599738 0.410846 -0.133294
vertex 0.431083 0.424751 -0.131014
vertex 0.421353 0.411463 -0.133858
endloop
endfacet
facet normal -0.004513 -0.554546 0.832141
outer loop
vertex 0.597107 0.424193 -0.130520
vertex 0.594923 0.436328 -0.122445
vertex 0.443493 0.436990 -0.122825
endloop
endfacet
facet normal -0.004338 -0.553047 0.833139
outer loop
vertex 0.597107 0.424193 -0.130520
vertex 0.443493 0.436990 -0.122825
vertex 0.431083 0.424751 -0.131014
endloop
endfacet
facet normal -0.006397 -0.801476 0.597993
outer loop
vertex 0.594923 0.436328 -0.122445
vertex 0.593520 0.445403 -0.110297
vertex 0.456693 0.446316 -0.110537
endloop
endfacet
facet normal -0.004997 -0.793962 0.607947
outer loop
vertex 0.594923 0.436328 -0.122445
vertex 0.456693 0.446316 -0.110537
vertex 0.443493 0.436990 -0.122825
endloop
endfacet
facet normal -0.009974 -0.951779 0.306622
outer loop
vertex 0.593520 0.445403 -0.110297
vertex 0.593110 0.450037 -0.095926
vertex 0.468674 0.451310 -0.096022
endloop
endfacet
facet normal -0.006877 -0.943814 0.330406
outer loop
vertex 0.593520 0.445403 -0.110297
vertex 0.468674 0.451310 -0.096022
vertex 0.456693 0.446316 -0.110537
endloop
endfacet
facet normal -0.104133 -0.134653 0.985406
outer loop
vertex 0.421353 0.411463 -0.133858
vertex 0.431083 0.424751 -0.131014
vertex 0.396252 0.426901 -0.134401
endloop
endfacet
facet normal -0.108513 -0.141824 0.983926
outer loop
vertex 0.421353 0.411463 -0.133858
vertex 0.396252 0.426901 -0.134401
vertex 0.385367 0.413785 -0.137492
endloop
endfacet
facet normal -0.108624 -0.474375 0.873596
outer loop
vertex 0.431083 0.424751 -0.131014
vertex 0.443493 0.436990 -0.122825
vertex 0.408312 0.439127 -0.126039
endloop
endfacet
facet normal -0.114221 -0.481619 0.868906
outer loop
vertex 0.431083 0.424751 -0.131014
vertex 0.408312 0.439127 -0.126039
vertex 0.396252 0.426901 -0.134401
endloop
endfacet
facet normal -0.102359 -0.736353 0.668810
outer loop
vertex 0.443493 0.436990 -0.122825
vertex 0.456693 0.446316 -0.110537
vertex 0.419711 0.448603 -0.113679
endloop
endfacet
facet normal -0.105645 -0.739731 0.664558
outer loop
vertex 0.443493 0.436990 -0.122825
vertex 0.419711 0.448603 -0.113679
vertex 0.408312 0.439127 -0.126039
endloop
endfacet
facet normal -0.090103 -0.916520 0.389709
outer loop
vertex 0.456693 0.446316 -0.110537
vertex 0.468674 0.451310 -0.096022
vertex 0.428713 0.453886 -0.099203
endloop
endfacet
facet normal -0.089822 -0.916310 0.390267
outer loop
vertex 0.456693 0.446316 -0.110537
vertex 0.428713 0.453886 -0.099203
vertex 0.419711 0.448603 -0.113679
endloop
endfacet
facet normal 0.127903 0.469002 -0.873887
outer loop
vertex 0.592043 0.441879 -0.193014
vertex 0.590327 0.454149 -0.186680
vertex 0.639126 0.451117 -0.181165
endloop
endfacet
facet normal 0.127387 0.470614 -0.873095
outer loop
vertex 0.592043 0.441879 -0.193014
vertex 0.639126 0.451117 -0.181165
vertex 0.643227 0.438666 -0.187278
endloop
endfacet
facet normal 0.121559 0.716314 -0.687108
outer loop
vertex 0.590327 0.454149 -0.186680
vertex 0.588986 0.464811 -0.175802
vertex 0.635982 0.462054 -0.170362
endloop
endfacet
facet normal 0.122217 0.715030 -0.688328
outer loop
vertex 0.590327 0.454149 -0.186680
vertex 0.635982 0.462054 -0.170362
vertex 0.639126 0.451117 -0.181165
endloop
endfacet
facet normal 0.102450 0.877693 -0.468143
outer loop
vertex 0.588986 0.464811 -0.175802
vertex 0.588224 0.472243 -0.162035
vertex 0.634274 0.469812 -0.156515
endloop
endfacet
facet normal 0.106313 0.872997 -0.475998
outer loop
vertex 0.588986 0.464811 -0.175802
vertex 0.634274 0.469812 -0.156515
vertex 0.635982 0.462054 -0.170362
endloop
endfacet
facet normal 0.070123 0.976143 -0.205492
outer loop
vertex 0.588224 0.472243 -0.162035
vertex 0.588156 0.475313 -0.147475
vertex 0.634263 0.473210 -0.141731
endloop
endfacet
facet normal 0.078055 0.971627 -0.223265
outer loop
vertex 0.588224 0.472243 -0.162035
vertex 0.634263 0.473210 -0.141731
vertex 0.634274 0.469812 -0.156515
endloop
endfacet
facet normal -0.683776 0.695765 -0.219911
outer loop
vertex 0.349353 0.425804 -0.161297
vertex 0.360815 0.438543 -0.156632
vertex 0.372051 0.445303 -0.170181
endloop
endfacet
facet normal -0.685160 0.685994 -0.244883
outer loop
vertex 0.349353 0.425804 -0.161297
vertex 0.372051 0.445303 -0.170181
vertex 0.361402 0.432725 -0.175621
endloop
endfacet
facet normal -0.630995 0.758583 -0.162471
outer loop
vertex 0.360815 0.438543 -0.156632
vertex 0.372338 0.450202 -0.146948
vertex 0.383238 0.456469 -0.160020
endloop
endfacet
facet normal -0.631107 0.762404 -0.142983
outer loop
vertex 0.360815 0.438543 -0.156632
vertex 0.383238 0.456469 -0.160020
vertex 0.372051 0.445303 -0.170181
endloop
endfacet
facet normal -0.558966 0.818974 -0.129766
outer loop
vertex 0.372338 0.450202 -0.146948
vertex 0.382166 0.459006 -0.133719
vertex 0.393259 0.464523 -0.146683
endloop
endfacet
facet normal -0.562652 0.823335 -0.074441
outer loop
vertex 0.372338 0.450202 -0.146948
vertex 0.393259 0.464523 -0.146683
vertex 0.383238 0.456469 -0.160020
endloop
endfacet
facet normal -0.441239 0.893765 -0.080569
outer loop
vertex 0.382166 0.459006 -0.133719
vertex 0.388805 0.463614 -0.118960
vertex 0.400589 0.468238 -0.132201
endloop
endfacet
facet normal -0.447829 0.894115 -0.002695
outer loop
vertex 0.382166 0.459006 -0.133719
vertex 0.400589 0.468238 -0.132201
vertex 0.393259 0.464523 -0.146683
endloop
endfacet
facet normal -0.630105 0.337762 0.699203
outer loop
vertex 0.354987 0.422429 -0.154100
vertex 0.366465 0.435168 -0.149910
vertex 0.360815 0.438543 -0.156632
endloop
endfacet
facet normal -0.654988 0.342712 0.673454
outer loop
vertex 0.354987 0.422429 -0.154100
vertex 0.360815 0.438543 -0.156632
vertex 0.349353 0.425804 -0.161297
endloop
endfacet
facet normal -0.688316 0.128218 0.713989
outer loop
vertex 0.366465 0.435168 -0.149910
vertex 0.378246 0.446892 -0.140658
vertex 0.372338 0.450202 -0.146948
endloop
endfacet
facet normal -0.719472 0.147339 0.678713
outer loop
vertex 0.366465 0.435168 -0.149910
vertex 0.372338 0.450202 -0.146948
vertex 0.360815 0.438543 -0.156632
endloop
endfacet
facet normal -0.715816 -0.157986 0.680182
outer loop
vertex 0.378246 0.446892 -0.140658
vertex 0.388539 0.455816 -0.127753
vertex 0.382166 0.459006 -0.133719
endloop
endfacet
facet normal -0.755059 -0.124409 0.643746
outer loop
vertex 0.378246 0.446892 -0.140658
vertex 0.382166 0.459006 -0.133719
vertex 0.372338 0.450202 -0.146948
endloop
endfacet
facet normal -0.662498 -0.550360 0.508134
outer loop
vertex 0.388539 0.455816 -0.127753
vertex 0.395774 0.460581 -0.113159
vertex 0.388805 0.463614 -0.118960
endloop
endfacet
facet normal -0.708429 -0.517267 0.480170
outer loop
vertex 0.388539 0.455816 -0.127753
vertex 0.388805 0.463614 -0.118960
vertex 0.382166 0.459006 -0.133719
endloop
endfacet
facet normal -0.676276 0.518640 0.523128
outer loop
vertex 0.246946 0.306424 -0.178761
vertex 0.256227 0.306424 -0.166763
vertex 0.354987 0.422429 -0.154100
endloop
endfacet
facet normal -0.607037 0.422247 0.673212
outer loop
vertex 0.246946 0.306424 -0.178761
vertex 0.354987 0.422429 -0.154100
vertex 0.349353 0.425804 -0.161297
endloop
endfacet
facet normal 0.444612 -0.895559 -0.017166
outer loop
vertex 0.676966 0.470572 -0.034203
vertex 0.677123 0.470489 -0.025808
vertex 0.663041 0.463593 -0.030771
endloop
endfacet
facet normal 0.449920 -0.893018 0.009554
outer loop
vertex 0.676966 0.470572 -0.034203
vertex 0.663041 0.463593 -0.030771
vertex 0.663086 0.463527 -0.039063
endloop
endfacet
facet normal 0.477648 -0.854411 -0.204536
outer loop
vertex 0.677123 0.470489 -0.025808
vertex 0.677574 0.468622 -0.016956
vertex 0.663402 0.461903 -0.021984
endloop
endfacet
facet normal 0.483918 -0.855462 -0.184411
outer loop
vertex 0.677123 0.470489 -0.025808
vertex 0.663402 0.461903 -0.021984
vertex 0.663041 0.463593 -0.030771
endloop
endfacet
facet normal 0.493834 -0.791225 -0.360681
outer loop
vertex 0.677574 0.468622 -0.016956
vertex 0.678288 0.465099 -0.008250
vertex 0.664146 0.458574 -0.013299
endloop
endfacet
facet normal 0.499464 -0.793782 -0.347053
outer loop
vertex 0.677574 0.468622 -0.016956
vertex 0.664146 0.458574 -0.013299
vertex 0.663402 0.461903 -0.021984
endloop
endfacet
facet normal 0.499392 -0.709104 -0.497775
outer loop
vertex 0.678288 0.465099 -0.008250
vertex 0.679216 0.460160 -0.000283
vertex 0.665222 0.453832 -0.005308
endloop
endfacet
facet normal 0.503330 -0.711673 -0.490082
outer loop
vertex 0.678288 0.465099 -0.008250
vertex 0.665222 0.453832 -0.005308
vertex 0.664146 0.458574 -0.013299
endloop
endfacet
facet normal 0.495346 -0.604258 -0.624103
outer loop
vertex 0.679216 0.460160 -0.000283
vertex 0.680295 0.454141 0.006401
vertex 0.666557 0.448000 0.001443
endloop
endfacet
facet normal 0.497010 -0.605622 -0.621452
outer loop
vertex 0.679216 0.460160 -0.000283
vertex 0.666557 0.448000 0.001443
vertex 0.665222 0.453832 -0.005308
endloop
endfacet
facet normal 0.478029 -0.467355 -0.743685
outer loop
vertex 0.680295 0.454141 0.006401
vertex 0.681451 0.447453 0.011347
vertex 0.668059 0.441476 0.006495
endloop
endfacet
facet normal 0.477318 -0.466670 -0.744572
outer loop
vertex 0.680295 0.454141 0.006401
vertex 0.668059 0.441476 0.006495
vertex 0.666557 0.448000 0.001443
endloop
endfacet
facet normal 0.167112 -0.985899 0.008757
outer loop
vertex 0.663086 0.463527 -0.039063
vertex 0.663041 0.463593 -0.030771
vertex 0.636933 0.459139 -0.033999
endloop
endfacet
facet normal 0.169108 -0.985405 0.019485
outer loop
vertex 0.663086 0.463527 -0.039063
vertex 0.636933 0.459139 -0.033999
vertex 0.636692 0.458934 -0.042269
endloop
endfacet
facet normal 0.185810 -0.963459 -0.192932
outer loop
vertex 0.663041 0.463593 -0.030771
vertex 0.663402 0.461903 -0.021984
vertex 0.637724 0.457598 -0.025216
endloop
endfacet
facet normal 0.187548 -0.964465 -0.186099
outer loop
vertex 0.663041 0.463593 -0.030771
vertex 0.637724 0.457598 -0.025216
vertex 0.636933 0.459139 -0.033999
endloop
endfacet
facet normal 0.197392 -0.909614 -0.365566
outer loop
vertex 0.663402 0.461903 -0.021984
vertex 0.664146 0.458574 -0.013299
vertex 0.639010 0.454413 -0.016518
endloop
endfacet
facet normal 0.198312 -0.910543 -0.362744
outer loop
vertex 0.663402 0.461903 -0.021984
vertex 0.639010 0.454413 -0.016518
vertex 0.637724 0.457598 -0.025216
endloop
endfacet
facet normal 0.203946 -0.829607 -0.519767
outer loop
vertex 0.664146 0.458574 -0.013299
vertex 0.665222 0.453832 -0.005308
vertex 0.640703 0.449803 -0.008498
endloop
endfacet
facet normal 0.203900 -0.829549 -0.519877
outer loop
vertex 0.664146 0.458574 -0.013299
vertex 0.640703 0.449803 -0.008498
vertex 0.639010 0.454413 -0.016518
endloop
endfacet
facet normal 0.205588 -0.720092 -0.662722
outer loop
vertex 0.665222 0.453832 -0.005308
vertex 0.666557 0.448000 0.001443
vertex 0.642689 0.444081 -0.001703
endloop
endfacet
facet normal 0.204553 -0.718474 -0.664796
outer loop
vertex 0.665222 0.453832 -0.005308
vertex 0.642689 0.444081 -0.001703
vertex 0.640703 0.449803 -0.008498
endloop
endfacet
facet normal 0.200231 -0.570628 -0.796424
outer loop
vertex 0.666557 0.448000 0.001443
vertex 0.668059 0.441476 0.006495
vertex 0.644831 0.437638 0.003405
endloop
endfacet
facet normal 0.198508 -0.567512 -0.799078
outer loop
vertex 0.666557 0.448000 0.001443
vertex 0.644831 0.437638 0.003405
vertex 0.642689 0.444081 -0.001703
endloop
endfacet
facet normal 0.029874 -0.999268 0.023890
outer loop
vertex 0.636692 0.458934 -0.042269
vertex 0.636933 0.459139 -0.033999
vertex 0.594005 0.457835 -0.034862
endloop
endfacet
facet normal 0.030321 -0.999189 0.026484
outer loop
vertex 0.636692 0.458934 -0.042269
vertex 0.594005 0.457835 -0.034862
vertex 0.593546 0.457603 -0.043088
endloop
endfacet
facet normal 0.033419 -0.983888 -0.175634
outer loop
vertex 0.636933 0.459139 -0.033999
vertex 0.637724 0.457598 -0.025216
vertex 0.595221 0.456315 -0.026116
endloop
endfacet
facet normal 0.033418 -0.983889 -0.175627
outer loop
vertex 0.636933 0.459139 -0.033999
vertex 0.595221 0.456315 -0.026116
vertex 0.594005 0.457835 -0.034862
endloop
endfacet
facet normal 0.036027 -0.936683 -0.348321
outer loop
vertex 0.637724 0.457598 -0.025216
vertex 0.639010 0.454413 -0.016518
vertex 0.597113 0.453147 -0.017447
endloop
endfacet
facet normal 0.035666 -0.936113 -0.349887
outer loop
vertex 0.637724 0.457598 -0.025216
vertex 0.597113 0.453147 -0.017447
vertex 0.595221 0.456315 -0.026116
endloop
endfacet
facet normal 0.037955 -0.862866 -0.504006
outer loop
vertex 0.639010 0.454413 -0.016518
vertex 0.640703 0.449803 -0.008498
vertex 0.599551 0.448546 -0.009445
endloop
endfacet
facet normal 0.037261 -0.861366 -0.506616
outer loop
vertex 0.639010 0.454413 -0.016518
vertex 0.599551 0.448546 -0.009445
vertex 0.597113 0.453147 -0.017447
endloop
endfacet
facet normal 0.039005 -0.758689 -0.650285
outer loop
vertex 0.640703 0.449803 -0.008498
vertex 0.642689 0.444081 -0.001703
vertex 0.602370 0.442825 -0.002656
endloop
endfacet
facet normal 0.038131 -0.756279 -0.653137
outer loop
vertex 0.640703 0.449803 -0.008498
vertex 0.602370 0.442825 -0.002656
vertex 0.599551 0.448546 -0.009445
endloop
endfacet
facet normal 0.038564 -0.612883 -0.789232
outer loop
vertex 0.642689 0.444081 -0.001703
vertex 0.644831 0.437638 0.003405
vertex 0.605377 0.436375 0.002458
endloop
endfacet
facet normal 0.037711 -0.609988 -0.791513
outer loop
vertex 0.642689 0.444081 -0.001703
vertex 0.605377 0.436375 0.002458
vertex 0.602370 0.442825 -0.002656
endloop
endfacet
facet normal -0.043466 -0.998586 0.030590
outer loop
vertex 0.593546 0.457603 -0.043088
vertex 0.594005 0.457835 -0.034862
vertex 0.515980 0.461362 -0.030590
endloop
endfacet
facet normal -0.036780 -0.996760 0.071531
outer loop
vertex 0.593546 0.457603 -0.043088
vertex 0.515980 0.461362 -0.030590
vertex 0.510153 0.461015 -0.038422
endloop
endfacet
facet normal -0.057537 -0.984919 -0.163168
outer loop
vertex 0.594005 0.457835 -0.034862
vertex 0.595221 0.456315 -0.026116
vertex 0.522547 0.459917 -0.022232
endloop
endfacet
facet normal -0.051896 -0.990101 -0.130408
outer loop
vertex 0.594005 0.457835 -0.034862
vertex 0.522547 0.459917 -0.022232
vertex 0.515980 0.461362 -0.030590
endloop
endfacet
facet normal -0.067702 -0.941763 -0.329392
outer loop
vertex 0.595221 0.456315 -0.026116
vertex 0.597113 0.453147 -0.017447
vertex 0.529407 0.456780 -0.013918
endloop
endfacet
facet normal -0.063439 -0.949896 -0.306061
outer loop
vertex 0.595221 0.456315 -0.026116
vertex 0.529407 0.456780 -0.013918
vertex 0.522547 0.459917 -0.022232
endloop
endfacet
facet normal -0.074263 -0.874127 -0.479987
outer loop
vertex 0.597113 0.453147 -0.017447
vertex 0.599551 0.448546 -0.009445
vertex 0.536093 0.452163 -0.006214
endloop
endfacet
facet normal -0.071616 -0.881738 -0.466271
outer loop
vertex 0.597113 0.453147 -0.017447
vertex 0.536093 0.452163 -0.006214
vertex 0.529407 0.456780 -0.013918
endloop
endfacet
facet normal -0.077115 -0.777964 -0.623558
outer loop
vertex 0.599551 0.448546 -0.009445
vertex 0.602370 0.442825 -0.002656
vertex 0.542147 0.446382 0.000354
endloop
endfacet
facet normal -0.076069 -0.782205 -0.618359
outer loop
vertex 0.599551 0.448546 -0.009445
vertex 0.542147 0.446382 0.000354
vertex 0.536093 0.452163 -0.006214
endloop
endfacet
facet normal -0.075861 -0.640969 -0.763808
outer loop
vertex 0.602370 0.442825 -0.002656
vertex 0.605377 0.436375 0.002458
vertex 0.547159 0.439831 0.005340
endloop
endfacet
facet normal -0.076017 -0.640063 -0.764552
outer loop
vertex 0.602370 0.442825 -0.002656
vertex 0.547159 0.439831 0.005340
vertex 0.542147 0.446382 0.000354
endloop
endfacet
facet normal -0.099674 -0.988007 0.117927
outer loop
vertex 0.510153 0.461015 -0.038422
vertex 0.515980 0.461362 -0.030590
vertex 0.465369 0.467038 -0.025813
endloop
endfacet
facet normal -0.099120 -0.987836 0.119817
outer loop
vertex 0.510153 0.461015 -0.038422
vertex 0.465369 0.467038 -0.025813
vertex 0.461009 0.466515 -0.033732
endloop
endfacet
facet normal -0.118312 -0.989895 -0.078168
outer loop
vertex 0.515980 0.461362 -0.030590
vertex 0.522547 0.459917 -0.022232
vertex 0.470848 0.465715 -0.017407
endloop
endfacet
facet normal -0.118430 -0.989847 -0.078601
outer loop
vertex 0.515980 0.461362 -0.030590
vertex 0.470848 0.465715 -0.017407
vertex 0.465369 0.467038 -0.025813
endloop
endfacet
facet normal -0.130639 -0.958387 -0.253828
outer loop
vertex 0.522547 0.459917 -0.022232
vertex 0.529407 0.456780 -0.013918
vertex 0.477071 0.462635 -0.009089
endloop
endfacet
facet normal -0.131321 -0.957623 -0.256346
outer loop
vertex 0.522547 0.459917 -0.022232
vertex 0.477071 0.462635 -0.009089
vertex 0.470848 0.465715 -0.017407
endloop
endfacet
facet normal -0.138172 -0.897812 -0.418140
outer loop
vertex 0.529407 0.456780 -0.013918
vertex 0.536093 0.452163 -0.006214
vertex 0.483614 0.458009 -0.001425
endloop
endfacet
facet normal -0.139158 -0.895874 -0.421954
outer loop
vertex 0.529407 0.456780 -0.013918
vertex 0.483614 0.458009 -0.001425
vertex 0.477071 0.462635 -0.009089
endloop
endfacet
facet normal -0.141206 -0.804047 -0.577555
outer loop
vertex 0.536093 0.452163 -0.006214
vertex 0.542147 0.446382 0.000354
vertex 0.490031 0.452152 0.005063
endloop
endfacet
facet normal -0.142300 -0.800629 -0.582017
outer loop
vertex 0.536093 0.452163 -0.006214
vertex 0.490031 0.452152 0.005063
vertex 0.483614 0.458009 -0.001425
endloop
endfacet
facet normal -0.138764 -0.664818 -0.734004
outer loop
vertex 0.542147 0.446382 0.000354
vertex 0.547159 0.439831 0.005340
vertex 0.495886 0.445462 0.009933
endloop
endfacet
facet normal -0.139763 -0.659792 -0.738336
outer loop
vertex 0.542147 0.446382 0.000354
vertex 0.495886 0.445462 0.009933
vertex 0.490031 0.452152 0.005063
endloop
endfacet
facet normal -0.180473 -0.969909 0.163418
outer loop
vertex 0.461009 0.466515 -0.033732
vertex 0.465369 0.467038 -0.025813
vertex 0.429684 0.474541 -0.020691
endloop
endfacet
facet normal -0.198868 -0.972545 0.120859
outer loop
vertex 0.461009 0.466515 -0.033732
vertex 0.429684 0.474541 -0.020691
vertex 0.426137 0.474259 -0.028797
endloop
endfacet
facet normal -0.198034 -0.979872 -0.025149
outer loop
vertex 0.465369 0.467038 -0.025813
vertex 0.470848 0.465715 -0.017407
vertex 0.434611 0.472903 -0.012124
endloop
endfacet
facet normal -0.214036 -0.974774 -0.063271
outer loop
vertex 0.465369 0.467038 -0.025813
vertex 0.434611 0.472903 -0.012124
vertex 0.429684 0.474541 -0.020691
endloop
endfacet
facet normal -0.208517 -0.957643 -0.198597
outer loop
vertex 0.470848 0.465715 -0.017407
vertex 0.477071 0.462635 -0.009089
vertex 0.440583 0.469458 -0.003679
endloop
endfacet
facet normal -0.221504 -0.947662 -0.229940
outer loop
vertex 0.470848 0.465715 -0.017407
vertex 0.440583 0.469458 -0.003679
vertex 0.434611 0.472903 -0.012124
endloop
endfacet
facet normal -0.214863 -0.906410 -0.363669
outer loop
vertex 0.477071 0.462635 -0.009089
vertex 0.483614 0.458009 -0.001425
vertex 0.447193 0.464439 0.004067
endloop
endfacet
facet normal -0.224647 -0.894041 -0.387588
outer loop
vertex 0.477071 0.462635 -0.009089
vertex 0.447193 0.464439 0.004067
vertex 0.440583 0.469458 -0.003679
endloop
endfacet
facet normal -0.218317 -0.821944 -0.526066
outer loop
vertex 0.483614 0.458009 -0.001425
vertex 0.490031 0.452152 0.005063
vertex 0.453991 0.458189 0.010587
endloop
endfacet
facet normal -0.224692 -0.809791 -0.541990
outer loop
vertex 0.483614 0.458009 -0.001425
vertex 0.453991 0.458189 0.010587
vertex 0.447193 0.464439 0.004067
endloop
endfacet
facet normal -0.218041 -0.691874 -0.688309
outer loop
vertex 0.490031 0.452152 0.005063
vertex 0.495886 0.445462 0.009933
vertex 0.460513 0.451134 0.015437
endloop
endfacet
facet normal -0.221108 -0.682980 -0.696168
outer loop
vertex 0.490031 0.452152 0.005063
vertex 0.460513 0.451134 0.015437
vertex 0.453991 0.458189 0.010587
endloop
endfacet
facet normal 0.665145 0.514900 0.540796
outer loop
vertex 0.681451 0.447453 0.011347
vertex 0.680295 0.454141 0.006401
vertex 0.672367 0.459697 0.010862
endloop
endfacet
facet normal 0.665591 0.515202 0.539959
outer loop
vertex 0.681451 0.447453 0.011347
vertex 0.672367 0.459697 0.010862
vertex 0.673754 0.452866 0.015670
endloop
endfacet
facet normal 0.667621 0.603621 0.435802
outer loop
vertex 0.680295 0.454141 0.006401
vertex 0.679216 0.460160 -0.000283
vertex 0.671023 0.465886 0.004337
endloop
endfacet
facet normal 0.667946 0.603769 0.435100
outer loop
vertex 0.680295 0.454141 0.006401
vertex 0.671023 0.465886 0.004337
vertex 0.672367 0.459697 0.010862
endloop
endfacet
facet normal 0.659640 0.670783 0.339005
outer loop
vertex 0.679216 0.460160 -0.000283
vertex 0.678288 0.465099 -0.008250
vertex 0.669814 0.471010 -0.003457
endloop
endfacet
facet normal 0.659790 0.670810 0.338660
outer loop
vertex 0.679216 0.460160 -0.000283
vertex 0.669814 0.471010 -0.003457
vertex 0.671023 0.465886 0.004337
endloop
endfacet
facet normal 0.643209 0.726674 0.241304
outer loop
vertex 0.678288 0.465099 -0.008250
vertex 0.677574 0.468622 -0.016956
vertex 0.668821 0.474721 -0.011991
endloop
endfacet
facet normal 0.643274 0.726672 0.241135
outer loop
vertex 0.678288 0.465099 -0.008250
vertex 0.668821 0.474721 -0.011991
vertex 0.669814 0.471010 -0.003457
endloop
endfacet
facet normal 0.616184 0.776401 0.132355
outer loop
vertex 0.677574 0.468622 -0.016956
vertex 0.677123 0.470489 -0.025808
vertex 0.668113 0.476766 -0.020683
endloop
endfacet
facet normal 0.616143 0.776411 0.132490
outer loop
vertex 0.677574 0.468622 -0.016956
vertex 0.668113 0.476766 -0.020683
vertex 0.668821 0.474721 -0.011991
endloop
endfacet
facet normal 0.570910 0.821008 -0.002558
outer loop
vertex 0.677123 0.470489 -0.025808
vertex 0.676966 0.470572 -0.034203
vertex 0.667737 0.477006 -0.028941
endloop
endfacet
facet normal 0.570812 0.821078 -0.002135
outer loop
vertex 0.677123 0.470489 -0.025808
vertex 0.667737 0.477006 -0.028941
vertex 0.668113 0.476766 -0.020683
endloop
endfacet
facet normal 0.172683 0.590128 0.788625
outer loop
vertex 0.673754 0.452866 0.015670
vertex 0.672367 0.459697 0.010862
vertex 0.648577 0.463077 0.013542
endloop
endfacet
facet normal 0.173812 0.592492 0.786602
outer loop
vertex 0.673754 0.452866 0.015670
vertex 0.648577 0.463077 0.013542
vertex 0.650643 0.456178 0.018282
endloop
endfacet
facet normal 0.178179 0.731991 0.657603
outer loop
vertex 0.672367 0.459697 0.010862
vertex 0.671023 0.465886 0.004337
vertex 0.646532 0.469368 0.007097
endloop
endfacet
facet normal 0.178078 0.731817 0.657824
outer loop
vertex 0.672367 0.459697 0.010862
vertex 0.646532 0.469368 0.007097
vertex 0.648577 0.463077 0.013542
endloop
endfacet
facet normal 0.178665 0.834642 0.521010
outer loop
vertex 0.671023 0.465886 0.004337
vertex 0.669814 0.471010 -0.003457
vertex 0.644647 0.474622 -0.000613
endloop
endfacet
facet normal 0.177492 0.832905 0.524182
outer loop
vertex 0.671023 0.465886 0.004337
vertex 0.644647 0.474622 -0.000613
vertex 0.646532 0.469368 0.007097
endloop
endfacet
facet normal 0.175496 0.910121 0.375342
outer loop
vertex 0.669814 0.471010 -0.003457
vertex 0.668821 0.474721 -0.011991
vertex 0.643050 0.478482 -0.009061
endloop
endfacet
facet normal 0.173447 0.907749 0.381979
outer loop
vertex 0.669814 0.471010 -0.003457
vertex 0.643050 0.478482 -0.009061
vertex 0.644647 0.474622 -0.000613
endloop
endfacet
facet normal 0.167990 0.962554 0.212766
outer loop
vertex 0.668821 0.474721 -0.011991
vertex 0.668113 0.476766 -0.020683
vertex 0.641851 0.480684 -0.017673
endloop
endfacet
facet normal 0.165522 0.960753 0.222613
outer loop
vertex 0.668821 0.474721 -0.011991
vertex 0.641851 0.480684 -0.017673
vertex 0.643050 0.478482 -0.009061
endloop
endfacet
facet normal 0.153707 0.987878 0.021711
outer loop
vertex 0.668113 0.476766 -0.020683
vertex 0.667737 0.477006 -0.028941
vertex 0.641131 0.481078 -0.025862
endloop
endfacet
facet normal 0.151306 0.987894 0.034225
outer loop
vertex 0.668113 0.476766 -0.020683
vertex 0.641131 0.481078 -0.025862
vertex 0.641851 0.480684 -0.017673
endloop
endfacet
facet normal -0.013048 0.563577 0.825961
outer loop
vertex 0.650643 0.456178 0.018282
vertex 0.648577 0.463077 0.013542
vertex 0.600540 0.462598 0.013110
endloop
endfacet
facet normal -0.012583 0.565919 0.824365
outer loop
vertex 0.650643 0.456178 0.018282
vertex 0.600540 0.462598 0.013110
vertex 0.603805 0.455728 0.017876
endloop
endfacet
facet normal -0.013098 0.713463 0.700570
outer loop
vertex 0.648577 0.463077 0.013542
vertex 0.646532 0.469368 0.007097
vertex 0.597454 0.468904 0.006652
endloop
endfacet
facet normal -0.013414 0.712199 0.701849
outer loop
vertex 0.648577 0.463077 0.013542
vertex 0.597454 0.468904 0.006652
vertex 0.600540 0.462598 0.013110
endloop
endfacet
facet normal -0.011766 0.824969 0.565056
outer loop
vertex 0.646532 0.469368 0.007097
vertex 0.644647 0.474622 -0.000613
vertex 0.594761 0.474216 -0.001059
endloop
endfacet
facet normal -0.012937 0.821322 0.570318
outer loop
vertex 0.646532 0.469368 0.007097
vertex 0.594761 0.474216 -0.001059
vertex 0.597454 0.468904 0.006652
endloop
endfacet
facet normal -0.009152 0.908860 0.417001
outer loop
vertex 0.644647 0.474622 -0.000613
vertex 0.643050 0.478482 -0.009061
vertex 0.592642 0.478174 -0.009496
endloop
endfacet
facet normal -0.011176 0.904189 0.426986
outer loop
vertex 0.644647 0.474622 -0.000613
vertex 0.592642 0.478174 -0.009496
vertex 0.594761 0.474216 -0.001059
endloop
endfacet
facet normal -0.005429 0.968636 0.248426
outer loop
vertex 0.643050 0.478482 -0.009061
vertex 0.641851 0.480684 -0.017673
vertex 0.591242 0.480506 -0.018085
endloop
endfacet
facet normal -0.008166 0.964692 0.263253
outer loop
vertex 0.643050 0.478482 -0.009061
vertex 0.591242 0.480506 -0.018085
vertex 0.592642 0.478174 -0.009496
endloop
endfacet
facet normal -0.000835 0.998841 0.048123
outer loop
vertex 0.641851 0.480684 -0.017673
vertex 0.641131 0.481078 -0.025862
vertex 0.590657 0.481054 -0.026240
endloop
endfacet
facet normal -0.004057 0.997722 0.067336
outer loop
vertex 0.641851 0.480684 -0.017673
vertex 0.590657 0.481054 -0.026240
vertex 0.591242 0.480506 -0.018085
endloop
endfacet
facet normal -0.089877 0.538508 0.837813
outer loop
vertex 0.603805 0.455728 0.017876
vertex 0.600540 0.462598 0.013110
vertex 0.553439 0.459146 0.010276
endloop
endfacet
facet normal -0.089990 0.537803 0.838254
outer loop
vertex 0.603805 0.455728 0.017876
vertex 0.553439 0.459146 0.010276
vertex 0.558251 0.452359 0.015147
endloop
endfacet
facet normal -0.091986 0.690114 0.717831
outer loop
vertex 0.600540 0.462598 0.013110
vertex 0.597454 0.468904 0.006652
vertex 0.547865 0.465398 0.003668
endloop
endfacet
facet normal -0.093636 0.682583 0.724785
outer loop
vertex 0.600540 0.462598 0.013110
vertex 0.547865 0.465398 0.003668
vertex 0.553439 0.459146 0.010276
endloop
endfacet
facet normal -0.088892 0.805471 0.585931
outer loop
vertex 0.597454 0.468904 0.006652
vertex 0.594761 0.474216 -0.001059
vertex 0.541911 0.470688 -0.004227
endloop
endfacet
facet normal -0.092297 0.793628 0.601362
outer loop
vertex 0.597454 0.468904 0.006652
vertex 0.541911 0.470688 -0.004227
vertex 0.547865 0.465398 0.003668
endloop
endfacet
facet normal -0.081735 0.894248 0.440044
outer loop
vertex 0.594761 0.474216 -0.001059
vertex 0.592642 0.478174 -0.009496
vertex 0.535982 0.474656 -0.012871
endloop
endfacet
facet normal -0.086667 0.881528 0.464109
outer loop
vertex 0.594761 0.474216 -0.001059
vertex 0.535982 0.474656 -0.012871
vertex 0.541911 0.470688 -0.004227
endloop
endfacet
facet normal -0.070946 0.959643 0.272125
outer loop
vertex 0.592642 0.478174 -0.009496
vertex 0.591242 0.480506 -0.018085
vertex 0.530482 0.477032 -0.021675
endloop
endfacet
facet normal -0.077081 0.949426 0.304384
outer loop
vertex 0.592642 0.478174 -0.009496
vertex 0.530482 0.477032 -0.021675
vertex 0.535982 0.474656 -0.012871
endloop
endfacet
facet normal -0.056367 0.995885 0.070966
outer loop
vertex 0.591242 0.480506 -0.018085
vertex 0.590657 0.481054 -0.026240
vertex 0.525785 0.477653 -0.030039
endloop
endfacet
facet normal -0.063166 0.992020 0.109120
outer loop
vertex 0.591242 0.480506 -0.018085
vertex 0.525785 0.477653 -0.030039
vertex 0.530482 0.477032 -0.021675
endloop
endfacet
facet normal -0.015320 0.575816 0.817435
outer loop
vertex 0.558251 0.452359 0.015147
vertex 0.553439 0.459146 0.010276
vertex 0.512436 0.458657 0.009852
endloop
endfacet
facet normal -0.016406 0.570825 0.820908
outer loop
vertex 0.558251 0.452359 0.015147
vertex 0.512436 0.458657 0.009852
vertex 0.517882 0.451866 0.014683
endloop
endfacet
facet normal -0.015140 0.719907 0.693906
outer loop
vertex 0.553439 0.459146 0.010276
vertex 0.547865 0.465398 0.003668
vertex 0.506280 0.464881 0.003297
endloop
endfacet
facet normal -0.015758 0.717655 0.696221
outer loop
vertex 0.553439 0.459146 0.010276
vertex 0.506280 0.464881 0.003297
vertex 0.512436 0.458657 0.009852
endloop
endfacet
facet normal -0.015421 0.825239 0.564573
outer loop
vertex 0.547865 0.465398 0.003668
vertex 0.541911 0.470688 -0.004227
vertex 0.499831 0.470113 -0.004536
endloop
endfacet
facet normal -0.015296 0.825601 0.564047
outer loop
vertex 0.547865 0.465398 0.003668
vertex 0.499831 0.470113 -0.004536
vertex 0.506280 0.464881 0.003297
endloop
endfacet
facet normal -0.016447 0.904371 0.426429
outer loop
vertex 0.541911 0.470688 -0.004227
vertex 0.535982 0.474656 -0.012871
vertex 0.493530 0.473998 -0.013113
endloop
endfacet
facet normal -0.015484 0.906479 0.421968
outer loop
vertex 0.541911 0.470688 -0.004227
vertex 0.493530 0.473998 -0.013113
vertex 0.499831 0.470113 -0.004536
endloop
endfacet
facet normal -0.018289 0.962362 0.271155
outer loop
vertex 0.535982 0.474656 -0.012871
vertex 0.530482 0.477032 -0.021675
vertex 0.487806 0.476270 -0.021849
endloop
endfacet
facet normal -0.016448 0.964997 0.261747
outer loop
vertex 0.535982 0.474656 -0.012871
vertex 0.487806 0.476270 -0.021849
vertex 0.493530 0.473998 -0.013113
endloop
endfacet
facet normal -0.020685 0.996118 0.085564
outer loop
vertex 0.530482 0.477032 -0.021675
vertex 0.525785 0.477653 -0.030039
vertex 0.483049 0.476775 -0.030149
endloop
endfacet
facet normal -0.018097 0.997308 0.071051
outer loop
vertex 0.530482 0.477032 -0.021675
vertex 0.483049 0.476775 -0.030149
vertex 0.487806 0.476270 -0.021849
endloop
endfacet
facet normal 0.050803 0.605654 0.794104
outer loop
vertex 0.517882 0.451866 0.014683
vertex 0.512436 0.458657 0.009852
vertex 0.468496 0.460456 0.011291
endloop
endfacet
facet normal 0.049434 0.599621 0.798756
outer loop
vertex 0.517882 0.451866 0.014683
vertex 0.468496 0.460456 0.011291
vertex 0.474567 0.453632 0.016038
endloop
endfacet
facet normal 0.052367 0.748280 0.661312
outer loop
vertex 0.512436 0.458657 0.009852
vertex 0.506280 0.464881 0.003297
vertex 0.462044 0.466629 0.004822
endloop
endfacet
facet normal 0.052293 0.748010 0.661624
outer loop
vertex 0.512436 0.458657 0.009852
vertex 0.462044 0.466629 0.004822
vertex 0.468496 0.460456 0.011291
endloop
endfacet
facet normal 0.050239 0.849122 0.525802
outer loop
vertex 0.506280 0.464881 0.003297
vertex 0.499831 0.470113 -0.004536
vertex 0.455649 0.471732 -0.002929
endloop
endfacet
facet normal 0.051608 0.853151 0.519105
outer loop
vertex 0.506280 0.464881 0.003297
vertex 0.455649 0.471732 -0.002929
vertex 0.462044 0.466629 0.004822
endloop
endfacet
facet normal 0.044624 0.921914 0.384816
outer loop
vertex 0.499831 0.470113 -0.004536
vertex 0.493530 0.473998 -0.013113
vertex 0.449748 0.475416 -0.011433
endloop
endfacet
facet normal 0.047438 0.928153 0.369163
outer loop
vertex 0.499831 0.470113 -0.004536
vertex 0.449748 0.475416 -0.011433
vertex 0.455649 0.471732 -0.002929
endloop
endfacet
facet normal 0.035470 0.972614 0.229703
outer loop
vertex 0.493530 0.473998 -0.013113
vertex 0.487806 0.476270 -0.021849
vertex 0.444742 0.477430 -0.020111
endloop
endfacet
facet normal 0.039515 0.978131 0.204202
outer loop
vertex 0.493530 0.473998 -0.013113
vertex 0.444742 0.477430 -0.020111
vertex 0.449748 0.475416 -0.011433
endloop
endfacet
facet normal 0.022481 0.998600 0.047874
outer loop
vertex 0.487806 0.476270 -0.021849
vertex 0.483049 0.476775 -0.030149
vertex 0.440974 0.477637 -0.028371
endloop
endfacet
facet normal 0.027430 0.999545 0.012543
outer loop
vertex 0.487806 0.476270 -0.021849
vertex 0.440974 0.477637 -0.028371
vertex 0.444742 0.477430 -0.020111
endloop
endfacet
facet normal -0.348077 -0.722306 -0.597592
outer loop
vertex 0.449175 0.455071 0.017161
vertex 0.443170 0.461859 0.012454
vertex 0.453991 0.458189 0.010587
endloop
endfacet
facet normal -0.342813 -0.726405 -0.595663
outer loop
vertex 0.449175 0.455071 0.017161
vertex 0.453991 0.458189 0.010587
vertex 0.460513 0.451134 0.015437
endloop
endfacet
facet normal -0.360316 -0.828936 -0.427829
outer loop
vertex 0.443170 0.461859 0.012454
vertex 0.436934 0.467881 0.006038
vertex 0.447193 0.464439 0.004067
endloop
endfacet
facet normal -0.355636 -0.831673 -0.426430
outer loop
vertex 0.443170 0.461859 0.012454
vertex 0.447193 0.464439 0.004067
vertex 0.453991 0.458189 0.010587
endloop
endfacet
facet normal -0.358706 -0.890696 -0.279266
outer loop
vertex 0.436934 0.467881 0.006038
vertex 0.430892 0.472725 -0.001651
vertex 0.440583 0.469458 -0.003679
endloop
endfacet
facet normal -0.353096 -0.893454 -0.277603
outer loop
vertex 0.436934 0.467881 0.006038
vertex 0.440583 0.469458 -0.003679
vertex 0.447193 0.464439 0.004067
endloop
endfacet
facet normal -0.350596 -0.925968 -0.140233
outer loop
vertex 0.430892 0.472725 -0.001651
vertex 0.425456 0.476061 -0.010088
vertex 0.434611 0.472903 -0.012124
endloop
endfacet
facet normal -0.342106 -0.929579 -0.137281
outer loop
vertex 0.430892 0.472725 -0.001651
vertex 0.434611 0.472903 -0.012124
vertex 0.440583 0.469458 -0.003679
endloop
endfacet
facet normal -0.338238 -0.941061 0.000042
outer loop
vertex 0.425456 0.476061 -0.010088
vertex 0.420998 0.477663 -0.018699
vertex 0.429684 0.474541 -0.020691
endloop
endfacet
facet normal -0.324887 -0.945734 0.006019
outer loop
vertex 0.425456 0.476061 -0.010088
vertex 0.429684 0.474541 -0.020691
vertex 0.434611 0.472903 -0.012124
endloop
endfacet
facet normal -0.320532 -0.934956 0.152043
outer loop
vertex 0.420998 0.477663 -0.018699
vertex 0.417819 0.477420 -0.026895
vertex 0.426137 0.474259 -0.028797
endloop
endfacet
facet normal -0.300136 -0.939688 0.164028
outer loop
vertex 0.420998 0.477663 -0.018699
vertex 0.426137 0.474259 -0.028797
vertex 0.429684 0.474541 -0.020691
endloop
endfacet
facet normal 0.007865 0.999435 -0.032689
outer loop
vertex 0.417819 0.477420 -0.026895
vertex 0.420998 0.477663 -0.018699
vertex 0.444742 0.477430 -0.020111
endloop
endfacet
facet normal -0.007551 0.999566 0.028486
outer loop
vertex 0.417819 0.477420 -0.026895
vertex 0.444742 0.477430 -0.020111
vertex 0.440974 0.477637 -0.028371
endloop
endfacet
facet normal 0.035311 0.985648 0.165081
outer loop
vertex 0.420998 0.477663 -0.018699
vertex 0.425456 0.476061 -0.010088
vertex 0.449748 0.475416 -0.011433
endloop
endfacet
facet normal 0.022298 0.976622 0.213802
outer loop
vertex 0.420998 0.477663 -0.018699
vertex 0.449748 0.475416 -0.011433
vertex 0.444742 0.477430 -0.020111
endloop
endfacet
facet normal 0.055068 0.940158 0.336261
outer loop
vertex 0.425456 0.476061 -0.010088
vertex 0.430892 0.472725 -0.001651
vertex 0.455649 0.471732 -0.002929
endloop
endfacet
facet normal 0.045149 0.927710 0.370561
outer loop
vertex 0.425456 0.476061 -0.010088
vertex 0.455649 0.471732 -0.002929
vertex 0.449748 0.475416 -0.011433
endloop
endfacet
facet normal 0.067136 0.867136 0.493525
outer loop
vertex 0.430892 0.472725 -0.001651
vertex 0.436934 0.467881 0.006038
vertex 0.462044 0.466629 0.004822
endloop
endfacet
facet normal 0.060836 0.856006 0.513373
outer loop
vertex 0.430892 0.472725 -0.001651
vertex 0.462044 0.466629 0.004822
vertex 0.455649 0.471732 -0.002929
endloop
endfacet
facet normal 0.071766 0.761123 0.644625
outer loop
vertex 0.436934 0.467881 0.006038
vertex 0.443170 0.461859 0.012454
vertex 0.468496 0.460456 0.011291
endloop
endfacet
facet normal 0.069220 0.755302 0.651712
outer loop
vertex 0.436934 0.467881 0.006038
vertex 0.468496 0.460456 0.011291
vertex 0.462044 0.466629 0.004822
endloop
endfacet
facet normal 0.069462 0.609225 0.789949
outer loop
vertex 0.443170 0.461859 0.012454
vertex 0.449175 0.455071 0.017161
vertex 0.474567 0.453632 0.016038
endloop
endfacet
facet normal 0.070055 0.610902 0.788601
outer loop
vertex 0.443170 0.461859 0.012454
vertex 0.474567 0.453632 0.016038
vertex 0.468496 0.460456 0.011291
endloop
endfacet
facet normal 0.543242 -0.339982 -0.767659
outer loop
vertex 0.709518 0.282456 0.106264
vertex 0.704955 0.281643 0.103395
vertex 0.668059 0.441476 0.006495
endloop
endfacet
facet normal 0.460819 -0.382349 -0.800909
outer loop
vertex 0.709518 0.282456 0.106264
vertex 0.668059 0.441476 0.006495
vertex 0.681451 0.447453 0.011347
endloop
endfacet
facet normal 0.553048 -0.326703 -0.766422
outer loop
vertex 0.709518 0.282456 0.106264
vertex 0.710664 0.274726 0.110386
vertex 0.706486 0.273971 0.107693
endloop
endfacet
facet normal 0.544225 -0.324743 -0.773538
outer loop
vertex 0.709518 0.282456 0.106264
vertex 0.706486 0.273971 0.107693
vertex 0.704955 0.281643 0.103395
endloop
endfacet
facet normal 0.561436 -0.298576 -0.771778
outer loop
vertex 0.710664 0.274726 0.110386
vertex 0.711732 0.265539 0.114717
vertex 0.707889 0.264837 0.112193
endloop
endfacet
facet normal 0.554640 -0.297628 -0.777040
outer loop
vertex 0.710664 0.274726 0.110386
vertex 0.707889 0.264837 0.112193
vertex 0.706486 0.273971 0.107693
endloop
endfacet
facet normal 0.565845 -0.277322 -0.776474
outer loop
vertex 0.711732 0.265539 0.114717
vertex 0.712649 0.255519 0.118964
vertex 0.709068 0.254865 0.116588
endloop
endfacet
facet normal 0.562328 -0.276920 -0.779168
outer loop
vertex 0.711732 0.265539 0.114717
vertex 0.709068 0.254865 0.116588
vertex 0.707889 0.264837 0.112193
endloop
endfacet
facet normal 0.565583 -0.259066 -0.782943
outer loop
vertex 0.712649 0.255519 0.118964
vertex 0.713353 0.245351 0.122837
vertex 0.709945 0.244735 0.120579
endloop
endfacet
facet normal 0.566406 -0.259182 -0.782310
outer loop
vertex 0.712649 0.255519 0.118964
vertex 0.709945 0.244735 0.120579
vertex 0.709068 0.254865 0.116588
endloop
endfacet
facet normal 0.560082 -0.240732 -0.792689
outer loop
vertex 0.713353 0.245351 0.122837
vertex 0.713795 0.235727 0.126072
vertex 0.710458 0.235135 0.123894
endloop
endfacet
facet normal 0.565934 -0.241915 -0.788160
outer loop
vertex 0.713353 0.245351 0.122837
vertex 0.710458 0.235135 0.123894
vertex 0.709945 0.244735 0.120579
endloop
endfacet
facet normal 0.549226 -0.217717 -0.806815
outer loop
vertex 0.713795 0.235727 0.126072
vertex 0.713946 0.227303 0.128448
vertex 0.710572 0.226722 0.126308
endloop
endfacet
facet normal 0.560237 -0.221437 -0.798185
outer loop
vertex 0.713795 0.235727 0.126072
vertex 0.710572 0.226722 0.126308
vertex 0.710458 0.235135 0.123894
endloop
endfacet
facet normal 0.295678 -0.421306 -0.857366
outer loop
vertex 0.704955 0.281643 0.103395
vertex 0.706486 0.273971 0.107693
vertex 0.698099 0.273262 0.105149
endloop
endfacet
facet normal 0.286734 -0.415240 -0.863342
outer loop
vertex 0.704955 0.281643 0.103395
vertex 0.698099 0.273262 0.105149
vertex 0.695960 0.280904 0.100763
endloop
endfacet
facet normal 0.304625 -0.382870 -0.872132
outer loop
vertex 0.706486 0.273971 0.107693
vertex 0.707889 0.264837 0.112193
vertex 0.700028 0.264161 0.109744
endloop
endfacet
facet normal 0.297799 -0.379212 -0.876079
outer loop
vertex 0.706486 0.273971 0.107693
vertex 0.700028 0.264161 0.109744
vertex 0.698099 0.273262 0.105149
endloop
endfacet
facet normal 0.309409 -0.352643 -0.883124
outer loop
vertex 0.707889 0.264837 0.112193
vertex 0.709068 0.254865 0.116588
vertex 0.701618 0.254221 0.114235
endloop
endfacet
facet normal 0.305901 -0.350938 -0.885024
outer loop
vertex 0.707889 0.264837 0.112193
vertex 0.701618 0.254221 0.114235
vertex 0.700028 0.264161 0.109744
endloop
endfacet
facet normal 0.309334 -0.325272 -0.893594
outer loop
vertex 0.709068 0.254865 0.116588
vertex 0.709945 0.244735 0.120579
vertex 0.702759 0.244118 0.118316
endloop
endfacet
facet normal 0.310238 -0.325727 -0.893115
outer loop
vertex 0.709068 0.254865 0.116588
vertex 0.702759 0.244118 0.118316
vertex 0.701618 0.254221 0.114235
endloop
endfacet
facet normal 0.304067 -0.296391 -0.905371
outer loop
vertex 0.709945 0.244735 0.120579
vertex 0.710458 0.235135 0.123894
vertex 0.703374 0.234542 0.121709
endloop
endfacet
facet normal 0.309882 -0.299793 -0.902273
outer loop
vertex 0.709945 0.244735 0.120579
vertex 0.703374 0.234542 0.121709
vertex 0.702759 0.244118 0.118316
endloop
endfacet
facet normal 0.294272 -0.259905 -0.919703
outer loop
vertex 0.710458 0.235135 0.123894
vertex 0.710572 0.226722 0.126308
vertex 0.703421 0.226145 0.124183
endloop
endfacet
facet normal 0.304376 -0.267641 -0.914179
outer loop
vertex 0.710458 0.235135 0.123894
vertex 0.703421 0.226145 0.124183
vertex 0.703374 0.234542 0.121709
endloop
endfacet
facet normal 0.071949 -0.481261 -0.873620
outer loop
vertex 0.695960 0.280904 0.100763
vertex 0.698099 0.273262 0.105149
vertex 0.679248 0.272849 0.103824
endloop
endfacet
facet normal 0.069277 -0.476740 -0.876310
outer loop
vertex 0.695960 0.280904 0.100763
vertex 0.679248 0.272849 0.103824
vertex 0.676265 0.280472 0.099441
endloop
endfacet
facet normal 0.075168 -0.436685 -0.896469
outer loop
vertex 0.698099 0.273262 0.105149
vertex 0.700028 0.264161 0.109744
vertex 0.681961 0.263767 0.108421
endloop
endfacet
facet normal 0.072637 -0.433057 -0.898435
outer loop
vertex 0.698099 0.273262 0.105149
vertex 0.681961 0.263767 0.108421
vertex 0.679248 0.272849 0.103824
endloop
endfacet
facet normal 0.077741 -0.400138 -0.913151
outer loop
vertex 0.700028 0.264161 0.109744
vertex 0.701618 0.254221 0.114235
vertex 0.684220 0.253844 0.112919
endloop
endfacet
facet normal 0.075635 -0.397338 -0.914550
outer loop
vertex 0.700028 0.264161 0.109744
vertex 0.684220 0.253844 0.112919
vertex 0.681961 0.263767 0.108421
endloop
endfacet
facet normal 0.079434 -0.365629 -0.927365
outer loop
vertex 0.701618 0.254221 0.114235
vertex 0.702759 0.244118 0.118316
vertex 0.685869 0.243756 0.117012
endloop
endfacet
facet normal 0.078093 -0.363831 -0.928186
outer loop
vertex 0.701618 0.254221 0.114235
vertex 0.685869 0.243756 0.117012
vertex 0.684220 0.253844 0.112919
endloop
endfacet
facet normal 0.080139 -0.328327 -0.941158
outer loop
vertex 0.702759 0.244118 0.118316
vertex 0.703374 0.234542 0.121709
vertex 0.686798 0.234191 0.120420
endloop
endfacet
facet normal 0.079705 -0.327684 -0.941419
outer loop
vertex 0.702759 0.244118 0.118316
vertex 0.686798 0.234191 0.120420
vertex 0.685869 0.243756 0.117012
endloop
endfacet
facet normal 0.079676 -0.281310 -0.956304
outer loop
vertex 0.703374 0.234542 0.121709
vertex 0.703421 0.226145 0.124183
vertex 0.686943 0.225802 0.122911
endloop
endfacet
facet normal 0.080315 -0.282457 -0.955912
outer loop
vertex 0.703374 0.234542 0.121709
vertex 0.686943 0.225802 0.122911
vertex 0.686798 0.234191 0.120420
endloop
endfacet
facet normal -0.042930 -0.510568 -0.858765
outer loop
vertex 0.676265 0.280472 0.099441
vertex 0.679248 0.272849 0.103824
vertex 0.653789 0.273126 0.104932
endloop
endfacet
facet normal -0.045911 -0.504148 -0.862396
outer loop
vertex 0.676265 0.280472 0.099441
vertex 0.653789 0.273126 0.104932
vertex 0.649500 0.280778 0.100687
endloop
endfacet
facet normal -0.040199 -0.460779 -0.886604
outer loop
vertex 0.679248 0.272849 0.103824
vertex 0.681961 0.263767 0.108421
vertex 0.657792 0.264013 0.109389
endloop
endfacet
facet normal -0.043666 -0.454343 -0.889756
outer loop
vertex 0.679248 0.272849 0.103824
vertex 0.657792 0.264013 0.109389
vertex 0.653789 0.273126 0.104932
endloop
endfacet
facet normal -0.036990 -0.419545 -0.906980
outer loop
vertex 0.681961 0.263767 0.108421
vertex 0.684220 0.253844 0.112919
vertex 0.661236 0.254061 0.113756
endloop
endfacet
facet normal -0.040641 -0.413253 -0.909709
outer loop
vertex 0.681961 0.263767 0.108421
vertex 0.661236 0.254061 0.113756
vertex 0.657792 0.264013 0.109389
endloop
endfacet
facet normal -0.033676 -0.380468 -0.924181
outer loop
vertex 0.684220 0.253844 0.112919
vertex 0.685869 0.243756 0.117012
vertex 0.663886 0.243948 0.117734
endloop
endfacet
facet normal -0.037277 -0.374245 -0.926580
outer loop
vertex 0.684220 0.253844 0.112919
vertex 0.663886 0.243948 0.117734
vertex 0.661236 0.254061 0.113756
endloop
endfacet
facet normal -0.030730 -0.338118 -0.940602
outer loop
vertex 0.685869 0.243756 0.117012
vertex 0.686798 0.234191 0.120420
vertex 0.665562 0.234363 0.121052
endloop
endfacet
facet normal -0.033860 -0.332218 -0.942595
outer loop
vertex 0.685869 0.243756 0.117012
vertex 0.665562 0.234363 0.121052
vertex 0.663886 0.243948 0.117734
endloop
endfacet
facet normal -0.028587 -0.284993 -0.958103
outer loop
vertex 0.686798 0.234191 0.120420
vertex 0.686943 0.225802 0.122911
vertex 0.666150 0.225958 0.123485
endloop
endfacet
facet normal -0.030822 -0.279914 -0.959530
outer loop
vertex 0.686798 0.234191 0.120420
vertex 0.666150 0.225958 0.123485
vertex 0.665562 0.234363 0.121052
endloop
endfacet
facet normal -0.080150 -0.517530 -0.851903
outer loop
vertex 0.649500 0.280778 0.100687
vertex 0.653789 0.273126 0.104932
vertex 0.629330 0.273686 0.106893
endloop
endfacet
facet normal -0.084999 -0.508209 -0.857029
outer loop
vertex 0.649500 0.280778 0.100687
vertex 0.629330 0.273686 0.106893
vertex 0.624067 0.281401 0.102840
endloop
endfacet
facet normal -0.076284 -0.464912 -0.882065
outer loop
vertex 0.653789 0.273126 0.104932
vertex 0.657792 0.264013 0.109389
vertex 0.634255 0.264513 0.111161
endloop
endfacet
facet normal -0.081493 -0.456081 -0.886199
outer loop
vertex 0.653789 0.273126 0.104932
vertex 0.634255 0.264513 0.111161
vertex 0.629330 0.273686 0.106893
endloop
endfacet
facet normal -0.071848 -0.421532 -0.903963
outer loop
vertex 0.657792 0.264013 0.109389
vertex 0.661236 0.254061 0.113756
vertex 0.638507 0.254506 0.115355
endloop
endfacet
facet normal -0.077091 -0.413068 -0.907432
outer loop
vertex 0.657792 0.264013 0.109389
vertex 0.638507 0.254506 0.115355
vertex 0.634255 0.264513 0.111161
endloop
endfacet
facet normal -0.067584 -0.380504 -0.922306
outer loop
vertex 0.661236 0.254061 0.113756
vertex 0.663886 0.243948 0.117734
vertex 0.641797 0.244347 0.119188
endloop
endfacet
facet normal -0.072381 -0.372515 -0.925199
outer loop
vertex 0.661236 0.254061 0.113756
vertex 0.641797 0.244347 0.119188
vertex 0.638507 0.254506 0.115355
endloop
endfacet
facet normal -0.064061 -0.336434 -0.939526
outer loop
vertex 0.663886 0.243948 0.117734
vertex 0.665562 0.234363 0.121052
vertex 0.643899 0.234729 0.122398
endloop
endfacet
facet normal -0.067941 -0.329180 -0.941820
outer loop
vertex 0.663886 0.243948 0.117734
vertex 0.643899 0.234729 0.122398
vertex 0.641797 0.244347 0.119188
endloop
endfacet
facet normal -0.061773 -0.281510 -0.957568
outer loop
vertex 0.665562 0.234363 0.121052
vertex 0.666150 0.225958 0.123485
vertex 0.644671 0.226307 0.124768
endloop
endfacet
facet normal -0.064249 -0.275777 -0.959072
outer loop
vertex 0.665562 0.234363 0.121052
vertex 0.644671 0.226307 0.124768
vertex 0.643899 0.234729 0.122398
endloop
endfacet
facet normal -0.132410 -0.530258 -0.837433
outer loop
vertex 0.624067 0.281401 0.102840
vertex 0.629330 0.273686 0.106893
vertex 0.610519 0.274424 0.109400
endloop
endfacet
facet normal -0.139103 -0.521445 -0.841870
outer loop
vertex 0.624067 0.281401 0.102840
vertex 0.610519 0.274424 0.109400
vertex 0.604736 0.282210 0.105533
endloop
endfacet
facet normal -0.127847 -0.473995 -0.871197
outer loop
vertex 0.629330 0.273686 0.106893
vertex 0.634255 0.264513 0.111161
vertex 0.615876 0.265184 0.113493
endloop
endfacet
facet normal -0.134836 -0.465617 -0.874654
outer loop
vertex 0.629330 0.273686 0.106893
vertex 0.615876 0.265184 0.113493
vertex 0.610519 0.274424 0.109400
endloop
endfacet
facet normal -0.122385 -0.427410 -0.895736
outer loop
vertex 0.634255 0.264513 0.111161
vertex 0.638507 0.254506 0.115355
vertex 0.620440 0.255119 0.117531
endloop
endfacet
facet normal -0.129327 -0.419176 -0.898647
outer loop
vertex 0.634255 0.264513 0.111161
vertex 0.620440 0.255119 0.117531
vertex 0.615876 0.265184 0.113493
endloop
endfacet
facet normal -0.117260 -0.383597 -0.916026
outer loop
vertex 0.638507 0.254506 0.115355
vertex 0.641797 0.244347 0.119188
vertex 0.623901 0.244915 0.121241
endloop
endfacet
facet normal -0.123370 -0.375780 -0.918460
outer loop
vertex 0.638507 0.254506 0.115355
vertex 0.623901 0.244915 0.121241
vertex 0.620440 0.255119 0.117531
endloop
endfacet
facet normal -0.113202 -0.336723 -0.934774
outer loop
vertex 0.641797 0.244347 0.119188
vertex 0.643899 0.234729 0.122398
vertex 0.626023 0.235267 0.124369
endloop
endfacet
facet normal -0.117921 -0.329628 -0.936718
outer loop
vertex 0.641797 0.244347 0.119188
vertex 0.626023 0.235267 0.124369
vertex 0.623901 0.244915 0.121241
endloop
endfacet
facet normal -0.110531 -0.278599 -0.954026
outer loop
vertex 0.643899 0.234729 0.122398
vertex 0.644671 0.226307 0.124768
vertex 0.626661 0.226833 0.126701
endloop
endfacet
facet normal -0.113545 -0.272747 -0.955362
outer loop
vertex 0.643899 0.234729 0.122398
vertex 0.626661 0.226833 0.126701
vertex 0.626023 0.235267 0.124369
endloop
endfacet
facet normal -0.178633 -0.277499 -0.943973
outer loop
vertex 0.616953 0.227298 0.128428
vertex 0.616204 0.235730 0.126091
vertex 0.626023 0.235267 0.124369
endloop
endfacet
facet normal -0.181149 -0.274797 -0.944284
outer loop
vertex 0.616953 0.227298 0.128428
vertex 0.626023 0.235267 0.124369
vertex 0.626661 0.226833 0.126701
endloop
endfacet
facet normal -0.176366 -0.339978 -0.923748
outer loop
vertex 0.616204 0.235730 0.126091
vertex 0.614014 0.245376 0.122959
vertex 0.623901 0.244915 0.121241
endloop
endfacet
facet normal -0.178000 -0.338694 -0.923906
outer loop
vertex 0.616204 0.235730 0.126091
vertex 0.623901 0.244915 0.121241
vertex 0.626023 0.235267 0.124369
endloop
endfacet
facet normal -0.174688 -0.388765 -0.904625
outer loop
vertex 0.614014 0.245376 0.122959
vertex 0.610530 0.255579 0.119247
vertex 0.620440 0.255119 0.117531
endloop
endfacet
facet normal -0.175307 -0.388388 -0.904667
outer loop
vertex 0.614014 0.245376 0.122959
vertex 0.620440 0.255119 0.117531
vertex 0.623901 0.244915 0.121241
endloop
endfacet
facet normal -0.173516 -0.433242 -0.884417
outer loop
vertex 0.610530 0.255579 0.119247
vertex 0.605991 0.265642 0.115208
vertex 0.615876 0.265184 0.113493
endloop
endfacet
facet normal -0.173258 -0.433382 -0.884399
outer loop
vertex 0.610530 0.255579 0.119247
vertex 0.615876 0.265184 0.113493
vertex 0.620440 0.255119 0.117531
endloop
endfacet
facet normal -0.172719 -0.479832 -0.860191
outer loop
vertex 0.605991 0.265642 0.115208
vertex 0.600706 0.274880 0.111116
vertex 0.610519 0.274424 0.109400
endloop
endfacet
facet normal -0.171485 -0.480428 -0.860106
outer loop
vertex 0.605991 0.265642 0.115208
vertex 0.610519 0.274424 0.109400
vertex 0.615876 0.265184 0.113493
endloop
endfacet
facet normal -0.171348 -0.535614 -0.826896
outer loop
vertex 0.600706 0.274880 0.111116
vertex 0.595034 0.282663 0.107250
vertex 0.604736 0.282210 0.105533
endloop
endfacet
facet normal -0.169496 -0.536485 -0.826713
outer loop
vertex 0.600706 0.274880 0.111116
vertex 0.604736 0.282210 0.105533
vertex 0.610519 0.274424 0.109400
endloop
endfacet
facet normal 0.690857 0.207705 0.692513
outer loop
vertex 0.713946 0.227303 0.128448
vertex 0.713795 0.235727 0.126072
vertex 0.712071 0.236160 0.127662
endloop
endfacet
facet normal 0.675586 0.205859 0.707959
outer loop
vertex 0.713946 0.227303 0.128448
vertex 0.712071 0.236160 0.127662
vertex 0.712227 0.227717 0.129968
endloop
endfacet
facet normal 0.701372 0.255845 0.665297
outer loop
vertex 0.713795 0.235727 0.126072
vertex 0.713353 0.245351 0.122837
vertex 0.711574 0.245815 0.124534
endloop
endfacet
facet normal 0.689370 0.255145 0.677990
outer loop
vertex 0.713795 0.235727 0.126072
vertex 0.711574 0.245815 0.124534
vertex 0.712071 0.236160 0.127662
endloop
endfacet
facet normal 0.706915 0.293982 0.643308
outer loop
vertex 0.713353 0.245351 0.122837
vertex 0.712649 0.255519 0.118964
vertex 0.710770 0.256024 0.120798
endloop
endfacet
facet normal 0.698796 0.293711 0.652240
outer loop
vertex 0.713353 0.245351 0.122837
vertex 0.710770 0.256024 0.120798
vertex 0.711574 0.245815 0.124534
endloop
endfacet
facet normal 0.707452 0.329715 0.625140
outer loop
vertex 0.712649 0.255519 0.118964
vertex 0.711732 0.265539 0.114717
vertex 0.709714 0.266092 0.116709
endloop
endfacet
facet normal 0.703338 0.329578 0.629837
outer loop
vertex 0.712649 0.255519 0.118964
vertex 0.709714 0.266092 0.116709
vertex 0.710770 0.256024 0.120798
endloop
endfacet
facet normal 0.702809 0.368549 0.608466
outer loop
vertex 0.711732 0.265539 0.114717
vertex 0.710664 0.274726 0.110386
vertex 0.708477 0.275332 0.112545
endloop
endfacet
facet normal 0.702268 0.368504 0.609117
outer loop
vertex 0.711732 0.265539 0.114717
vertex 0.708477 0.275332 0.112545
vertex 0.709714 0.266092 0.116709
endloop
endfacet
facet normal 0.692502 0.416688 0.588907
outer loop
vertex 0.710664 0.274726 0.110386
vertex 0.709518 0.282456 0.106264
vertex 0.707144 0.283114 0.108590
endloop
endfacet
facet normal 0.694453 0.416967 0.586407
outer loop
vertex 0.710664 0.274726 0.110386
vertex 0.707144 0.283114 0.108590
vertex 0.708477 0.275332 0.112545
endloop
endfacet
facet normal 0.342732 0.253403 0.904611
outer loop
vertex 0.712227 0.227717 0.129968
vertex 0.712071 0.236160 0.127662
vertex 0.707631 0.236582 0.129226
endloop
endfacet
facet normal 0.337087 0.250712 0.907478
outer loop
vertex 0.712227 0.227717 0.129968
vertex 0.707631 0.236582 0.129226
vertex 0.707890 0.228126 0.131466
endloop
endfacet
facet normal 0.339901 0.305646 0.889409
outer loop
vertex 0.712071 0.236160 0.127662
vertex 0.711574 0.245815 0.124534
vertex 0.706874 0.246249 0.126181
endloop
endfacet
facet normal 0.342032 0.306569 0.888273
outer loop
vertex 0.712071 0.236160 0.127662
vertex 0.706874 0.246249 0.126181
vertex 0.707631 0.236582 0.129226
endloop
endfacet
facet normal 0.330468 0.347203 0.877634
outer loop
vertex 0.711574 0.245815 0.124534
vertex 0.710770 0.256024 0.120798
vertex 0.705673 0.256467 0.122542
endloop
endfacet
facet normal 0.338381 0.350749 0.873197
outer loop
vertex 0.711574 0.245815 0.124534
vertex 0.705673 0.256467 0.122542
vertex 0.706874 0.246249 0.126181
endloop
endfacet
facet normal 0.316169 0.385266 0.866953
outer loop
vertex 0.710770 0.256024 0.120798
vertex 0.709714 0.266092 0.116709
vertex 0.704109 0.266540 0.118554
endloop
endfacet
facet normal 0.328181 0.391329 0.859743
outer loop
vertex 0.710770 0.256024 0.120798
vertex 0.704109 0.266540 0.118554
vertex 0.705673 0.256467 0.122542
endloop
endfacet
facet normal 0.299551 0.425039 0.854173
outer loop
vertex 0.709714 0.266092 0.116709
vertex 0.708477 0.275332 0.112545
vertex 0.702288 0.275783 0.114491
endloop
endfacet
facet normal 0.312858 0.433195 0.845259
outer loop
vertex 0.709714 0.266092 0.116709
vertex 0.702288 0.275783 0.114491
vertex 0.704109 0.266540 0.118554
endloop
endfacet
facet normal 0.281288 0.472637 0.835159
outer loop
vertex 0.708477 0.275332 0.112545
vertex 0.707144 0.283114 0.108590
vertex 0.700334 0.283564 0.110629
endloop
endfacet
facet normal 0.294455 0.483187 0.824516
outer loop
vertex 0.708477 0.275332 0.112545
vertex 0.700334 0.283564 0.110629
vertex 0.702288 0.275783 0.114491
endloop
endfacet
facet normal 0.073840 0.257482 0.963458
outer loop
vertex 0.707890 0.228126 0.131466
vertex 0.707631 0.236582 0.129226
vertex 0.695922 0.236808 0.130063
endloop
endfacet
facet normal 0.074142 0.257873 0.963330
outer loop
vertex 0.707890 0.228126 0.131466
vertex 0.695922 0.236808 0.130063
vertex 0.696192 0.228355 0.132305
endloop
endfacet
facet normal 0.070560 0.304710 0.949828
outer loop
vertex 0.707631 0.236582 0.129226
vertex 0.706874 0.246249 0.126181
vertex 0.694836 0.246465 0.127006
endloop
endfacet
facet normal 0.073749 0.308506 0.948359
outer loop
vertex 0.707631 0.236582 0.129226
vertex 0.694836 0.246465 0.127006
vertex 0.695922 0.236808 0.130063
endloop
endfacet
facet normal 0.064789 0.341540 0.937632
outer loop
vertex 0.706874 0.246249 0.126181
vertex 0.705673 0.256467 0.122542
vertex 0.693007 0.256668 0.123344
endloop
endfacet
facet normal 0.070308 0.348121 0.934809
outer loop
vertex 0.706874 0.246249 0.126181
vertex 0.693007 0.256668 0.123344
vertex 0.694836 0.246465 0.127006
endloop
endfacet
facet normal 0.057726 0.375237 0.925130
outer loop
vertex 0.705673 0.256467 0.122542
vertex 0.704109 0.266540 0.118554
vertex 0.690560 0.266721 0.119326
endloop
endfacet
facet normal 0.064414 0.383845 0.921148
outer loop
vertex 0.705673 0.256467 0.122542
vertex 0.690560 0.266721 0.119326
vertex 0.693007 0.256668 0.123344
endloop
endfacet
facet normal 0.050074 0.410164 0.910636
outer loop
vertex 0.704109 0.266540 0.118554
vertex 0.702288 0.275783 0.114491
vertex 0.687662 0.275939 0.115225
endloop
endfacet
facet normal 0.057208 0.420768 0.905363
outer loop
vertex 0.704109 0.266540 0.118554
vertex 0.687662 0.275939 0.115225
vertex 0.690560 0.266721 0.119326
endloop
endfacet
facet normal 0.042724 0.452768 0.890604
outer loop
vertex 0.702288 0.275783 0.114491
vertex 0.700334 0.283564 0.110629
vertex 0.684510 0.283694 0.111322
endloop
endfacet
facet normal 0.049320 0.464935 0.883970
outer loop
vertex 0.702288 0.275783 0.114491
vertex 0.684510 0.283694 0.111322
vertex 0.687662 0.275939 0.115225
endloop
endfacet
facet normal -0.041921 0.254890 0.966061
outer loop
vertex 0.696192 0.228355 0.132305
vertex 0.695922 0.236808 0.130063
vertex 0.678629 0.236617 0.129363
endloop
endfacet
facet normal -0.039861 0.258919 0.965076
outer loop
vertex 0.696192 0.228355 0.132305
vertex 0.678629 0.236617 0.129363
vertex 0.678824 0.228171 0.131637
endloop
endfacet
facet normal -0.044852 0.296906 0.953853
outer loop
vertex 0.695922 0.236808 0.130063
vertex 0.694836 0.246465 0.127006
vertex 0.677338 0.246260 0.126247
endloop
endfacet
facet normal -0.041886 0.302130 0.952346
outer loop
vertex 0.695922 0.236808 0.130063
vertex 0.677338 0.246260 0.126247
vertex 0.678629 0.236617 0.129363
endloop
endfacet
facet normal -0.048309 0.329738 0.942836
outer loop
vertex 0.694836 0.246465 0.127006
vertex 0.693007 0.256668 0.123344
vertex 0.675039 0.256443 0.122502
endloop
endfacet
facet normal -0.044746 0.335909 0.940831
outer loop
vertex 0.694836 0.246465 0.127006
vertex 0.675039 0.256443 0.122502
vertex 0.677338 0.246260 0.126247
endloop
endfacet
facet normal -0.051852 0.359727 0.931616
outer loop
vertex 0.693007 0.256668 0.123344
vertex 0.690560 0.266721 0.119326
vertex 0.671890 0.266472 0.118383
endloop
endfacet
facet normal -0.048131 0.366506 0.929170
outer loop
vertex 0.693007 0.256668 0.123344
vertex 0.671890 0.266472 0.118383
vertex 0.675039 0.256443 0.122502
endloop
endfacet
facet normal -0.055053 0.391367 0.918586
outer loop
vertex 0.690560 0.266721 0.119326
vertex 0.687662 0.275939 0.115225
vertex 0.668104 0.275664 0.114170
endloop
endfacet
facet normal -0.051566 0.398470 0.915731
outer loop
vertex 0.690560 0.266721 0.119326
vertex 0.668104 0.275664 0.114170
vertex 0.671890 0.266472 0.118383
endloop
endfacet
facet normal -0.057626 0.430033 0.900972
outer loop
vertex 0.687662 0.275939 0.115225
vertex 0.684510 0.283694 0.111322
vertex 0.663940 0.283391 0.110151
endloop
endfacet
facet normal -0.054568 0.437449 0.897586
outer loop
vertex 0.687662 0.275939 0.115225
vertex 0.663940 0.283391 0.110151
vertex 0.668104 0.275664 0.114170
endloop
endfacet
facet normal -0.072704 0.257729 0.963478
outer loop
vertex 0.678824 0.228171 0.131637
vertex 0.678629 0.236617 0.129363
vertex 0.656367 0.236195 0.127796
endloop
endfacet
facet normal -0.071443 0.260894 0.962720
outer loop
vertex 0.678824 0.228171 0.131637
vertex 0.656367 0.236195 0.127796
vertex 0.656799 0.227756 0.130115
endloop
endfacet
facet normal -0.072843 0.297822 0.951838
outer loop
vertex 0.678629 0.236617 0.129363
vertex 0.677338 0.246260 0.126247
vertex 0.654687 0.245840 0.124645
endloop
endfacet
facet normal -0.072644 0.298268 0.951714
outer loop
vertex 0.678629 0.236617 0.129363
vertex 0.654687 0.245840 0.124645
vertex 0.656367 0.236195 0.127796
endloop
endfacet
facet normal -0.071936 0.329927 0.941262
outer loop
vertex 0.677338 0.246260 0.126247
vertex 0.675039 0.256443 0.122502
vertex 0.651874 0.256034 0.120875
endloop
endfacet
facet normal -0.072695 0.328242 0.941792
outer loop
vertex 0.677338 0.246260 0.126247
vertex 0.651874 0.256034 0.120875
vertex 0.654687 0.245840 0.124645
endloop
endfacet
facet normal -0.069999 0.360095 0.930286
outer loop
vertex 0.675039 0.256443 0.122502
vertex 0.671890 0.266472 0.118383
vertex 0.648120 0.266083 0.116745
endloop
endfacet
facet normal -0.071725 0.356115 0.931685
outer loop
vertex 0.675039 0.256443 0.122502
vertex 0.648120 0.266083 0.116745
vertex 0.651874 0.256034 0.120875
endloop
endfacet
facet normal -0.067186 0.392715 0.917203
outer loop
vertex 0.671890 0.266472 0.118383
vertex 0.668104 0.275664 0.114170
vertex 0.643681 0.275302 0.112536
endloop
endfacet
facet normal -0.069701 0.386345 0.919717
outer loop
vertex 0.671890 0.266472 0.118383
vertex 0.643681 0.275302 0.112536
vertex 0.648120 0.266083 0.116745
endloop
endfacet
facet normal -0.063640 0.433297 0.899001
outer loop
vertex 0.668104 0.275664 0.114170
vertex 0.663940 0.283391 0.110151
vertex 0.638858 0.283062 0.108534
endloop
endfacet
facet normal -0.066708 0.424270 0.903075
outer loop
vertex 0.668104 0.275664 0.114170
vertex 0.638858 0.283062 0.108534
vertex 0.643681 0.275302 0.112536
endloop
endfacet
facet normal -0.043030 0.262680 0.963923
outer loop
vertex 0.656799 0.227756 0.130115
vertex 0.656367 0.236195 0.127796
vertex 0.634501 0.235956 0.126885
endloop
endfacet
facet normal -0.042710 0.263470 0.963722
outer loop
vertex 0.656799 0.227756 0.130115
vertex 0.634501 0.235956 0.126885
vertex 0.634935 0.227511 0.129213
endloop
endfacet
facet normal -0.041777 0.303690 0.951855
outer loop
vertex 0.656367 0.236195 0.127796
vertex 0.654687 0.245840 0.124645
vertex 0.632616 0.245631 0.123743
endloop
endfacet
facet normal -0.042981 0.301008 0.952653
outer loop
vertex 0.656367 0.236195 0.127796
vertex 0.632616 0.245631 0.123743
vertex 0.634501 0.235956 0.126885
endloop
endfacet
facet normal -0.038899 0.337146 0.940648
outer loop
vertex 0.654687 0.245840 0.124645
vertex 0.651874 0.256034 0.120875
vertex 0.629409 0.255875 0.120003
endloop
endfacet
facet normal -0.041661 0.331119 0.942669
outer loop
vertex 0.654687 0.245840 0.124645
vertex 0.629409 0.255875 0.120003
vertex 0.632616 0.245631 0.123743
endloop
endfacet
facet normal -0.034840 0.368741 0.928879
outer loop
vertex 0.651874 0.256034 0.120875
vertex 0.648120 0.266083 0.116745
vertex 0.625098 0.265991 0.115918
endloop
endfacet
facet normal -0.038731 0.359922 0.932178
outer loop
vertex 0.651874 0.256034 0.120875
vertex 0.625098 0.265991 0.115918
vertex 0.629409 0.255875 0.120003
endloop
endfacet
facet normal -0.029838 0.403211 0.914621
outer loop
vertex 0.648120 0.266083 0.116745
vertex 0.643681 0.275302 0.112536
vertex 0.619978 0.275290 0.111768
endloop
endfacet
facet normal -0.034598 0.391349 0.919592
outer loop
vertex 0.648120 0.266083 0.116745
vertex 0.619978 0.275290 0.111768
vertex 0.625098 0.265991 0.115918
endloop
endfacet
facet normal -0.024194 0.446301 0.894556
outer loop
vertex 0.643681 0.275302 0.112536
vertex 0.638858 0.283062 0.108534
vertex 0.614396 0.283137 0.107835
endloop
endfacet
facet normal -0.029438 0.431077 0.901835
outer loop
vertex 0.643681 0.275302 0.112536
vertex 0.614396 0.283137 0.107835
vertex 0.619978 0.275290 0.111768
endloop
endfacet
facet normal -0.039616 0.421207 0.906099
outer loop
vertex 0.595034 0.282663 0.107250
vertex 0.600706 0.274880 0.111116
vertex 0.619978 0.275290 0.111768
endloop
endfacet
facet normal -0.037743 0.426173 0.903854
outer loop
vertex 0.595034 0.282663 0.107250
vertex 0.619978 0.275290 0.111768
vertex 0.614396 0.283137 0.107835
endloop
endfacet
facet normal -0.041294 0.384813 0.922070
outer loop
vertex 0.600706 0.274880 0.111116
vertex 0.605991 0.265642 0.115208
vertex 0.625098 0.265991 0.115918
endloop
endfacet
facet normal -0.039413 0.389047 0.920374
outer loop
vertex 0.600706 0.274880 0.111116
vertex 0.625098 0.265991 0.115918
vertex 0.619978 0.275290 0.111768
endloop
endfacet
facet normal -0.042963 0.355393 0.933729
outer loop
vertex 0.605991 0.265642 0.115208
vertex 0.610530 0.255579 0.119247
vertex 0.629409 0.255875 0.120003
endloop
endfacet
facet normal -0.041206 0.358970 0.932439
outer loop
vertex 0.605991 0.265642 0.115208
vertex 0.629409 0.255875 0.120003
vertex 0.625098 0.265991 0.115918
endloop
endfacet
facet normal -0.044267 0.328173 0.943580
outer loop
vertex 0.610530 0.255579 0.119247
vertex 0.614014 0.245376 0.122959
vertex 0.632616 0.245631 0.123743
endloop
endfacet
facet normal -0.042938 0.330746 0.942743
outer loop
vertex 0.610530 0.255579 0.119247
vertex 0.632616 0.245631 0.123743
vertex 0.629409 0.255875 0.120003
endloop
endfacet
facet normal -0.045056 0.299243 0.953113
outer loop
vertex 0.614014 0.245376 0.122959
vertex 0.616204 0.235730 0.126091
vertex 0.634501 0.235956 0.126885
endloop
endfacet
facet normal -0.044274 0.300760 0.952672
outer loop
vertex 0.614014 0.245376 0.122959
vertex 0.634501 0.235956 0.126885
vertex 0.632616 0.245631 0.123743
endloop
endfacet
facet normal -0.045187 0.263087 0.963713
outer loop
vertex 0.616204 0.235730 0.126091
vertex 0.616953 0.227298 0.128428
vertex 0.634935 0.227511 0.129213
endloop
endfacet
facet normal -0.045071 0.263330 0.963652
outer loop
vertex 0.616204 0.235730 0.126091
vertex 0.634935 0.227511 0.129213
vertex 0.634501 0.235956 0.126885
endloop
endfacet
facet normal 0.438166 -0.222465 -0.870930
outer loop
vertex 0.713946 0.152612 0.146935
vertex 0.709682 0.150728 0.145271
vertex 0.710572 0.226722 0.126308
endloop
endfacet
facet normal 0.549128 -0.200787 -0.811260
outer loop
vertex 0.713946 0.152612 0.146935
vertex 0.710572 0.226722 0.126308
vertex 0.713946 0.227303 0.128448
endloop
endfacet
facet normal 0.467614 -0.346840 -0.813043
outer loop
vertex 0.713946 0.152612 0.146935
vertex 0.713716 0.150047 0.147897
vertex 0.709455 0.148175 0.146245
endloop
endfacet
facet normal 0.470859 -0.350698 -0.809508
outer loop
vertex 0.713946 0.152612 0.146935
vertex 0.709455 0.148175 0.146245
vertex 0.709682 0.150728 0.145271
endloop
endfacet
facet normal 0.500865 -0.561492 -0.658682
outer loop
vertex 0.713716 0.150047 0.147897
vertex 0.713041 0.147616 0.149456
vertex 0.708849 0.145784 0.147830
endloop
endfacet
facet normal 0.501884 -0.562670 -0.656898
outer loop
vertex 0.713716 0.150047 0.147897
vertex 0.708849 0.145784 0.147830
vertex 0.709455 0.148175 0.146245
endloop
endfacet
facet normal 0.501662 -0.717730 -0.482907
outer loop
vertex 0.713041 0.147616 0.149456
vertex 0.711967 0.145486 0.151506
vertex 0.707906 0.143716 0.149918
endloop
endfacet
facet normal 0.501206 -0.717289 -0.484035
outer loop
vertex 0.713041 0.147616 0.149456
vertex 0.707906 0.143716 0.149918
vertex 0.708849 0.145784 0.147830
endloop
endfacet
facet normal 0.478303 -0.825298 -0.300184
outer loop
vertex 0.711967 0.145486 0.151506
vertex 0.710567 0.143801 0.153908
vertex 0.706689 0.142114 0.152367
endloop
endfacet
facet normal 0.477715 -0.824900 -0.302205
outer loop
vertex 0.711967 0.145486 0.151506
vertex 0.706689 0.142114 0.152367
vertex 0.707906 0.143716 0.149918
endloop
endfacet
facet normal 0.435018 -0.893147 -0.114224
outer loop
vertex 0.710567 0.143801 0.153908
vertex 0.708937 0.142676 0.156497
vertex 0.705282 0.141086 0.155010
endloop
endfacet
facet normal 0.434619 -0.893112 -0.116003
outer loop
vertex 0.710567 0.143801 0.153908
vertex 0.705282 0.141086 0.155010
vertex 0.706689 0.142114 0.152367
endloop
endfacet
facet normal 0.371595 -0.925228 0.076615
outer loop
vertex 0.708937 0.142676 0.156497
vertex 0.707188 0.142189 0.159099
vertex 0.703781 0.140702 0.157666
endloop
endfacet
facet normal 0.371525 -0.925293 0.076172
outer loop
vertex 0.708937 0.142676 0.156497
vertex 0.703781 0.140702 0.157666
vertex 0.705282 0.141086 0.155010
endloop
endfacet
facet normal 0.201168 -0.364723 -0.909125
outer loop
vertex 0.709682 0.150728 0.145271
vertex 0.709455 0.148175 0.146245
vertex 0.700753 0.146688 0.144916
endloop
endfacet
facet normal 0.204827 -0.373181 -0.904865
outer loop
vertex 0.709682 0.150728 0.145271
vertex 0.700753 0.146688 0.144916
vertex 0.700977 0.149226 0.143920
endloop
endfacet
facet normal 0.216701 -0.576955 -0.787504
outer loop
vertex 0.709455 0.148175 0.146245
vertex 0.708849 0.145784 0.147830
vertex 0.700258 0.144329 0.146532
endloop
endfacet
facet normal 0.219068 -0.582291 -0.782909
outer loop
vertex 0.709455 0.148175 0.146245
vertex 0.700258 0.144329 0.146532
vertex 0.700753 0.146688 0.144916
endloop
endfacet
facet normal 0.219837 -0.740944 -0.634566
outer loop
vertex 0.708849 0.145784 0.147830
vertex 0.707906 0.143716 0.149918
vertex 0.699526 0.142308 0.148659
endloop
endfacet
facet normal 0.221264 -0.743864 -0.630642
outer loop
vertex 0.708849 0.145784 0.147830
vertex 0.699526 0.142308 0.148659
vertex 0.700258 0.144329 0.146532
endloop
endfacet
facet normal 0.212975 -0.862771 -0.458550
outer loop
vertex 0.707906 0.143716 0.149918
vertex 0.706689 0.142114 0.152367
vertex 0.698606 0.140765 0.151151
endloop
endfacet
facet normal 0.213669 -0.863925 -0.456047
outer loop
vertex 0.707906 0.143716 0.149918
vertex 0.698606 0.140765 0.151151
vertex 0.699526 0.142308 0.148659
endloop
endfacet
facet normal 0.196829 -0.944611 -0.262618
outer loop
vertex 0.706689 0.142114 0.152367
vertex 0.705282 0.141086 0.155010
vertex 0.697561 0.139803 0.153838
endloop
endfacet
facet normal 0.197050 -0.944838 -0.261636
outer loop
vertex 0.706689 0.142114 0.152367
vertex 0.697561 0.139803 0.153838
vertex 0.698606 0.140765 0.151151
endloop
endfacet
facet normal 0.170267 -0.984319 -0.046104
outer loop
vertex 0.705282 0.141086 0.155010
vertex 0.703781 0.140702 0.157666
vertex 0.696463 0.139489 0.156537
endloop
endfacet
facet normal 0.170427 -0.984334 -0.045183
outer loop
vertex 0.705282 0.141086 0.155010
vertex 0.696463 0.139489 0.156537
vertex 0.697561 0.139803 0.153838
endloop
endfacet
facet normal 0.072358 -0.369883 -0.926256
outer loop
vertex 0.700977 0.149226 0.143920
vertex 0.700753 0.146688 0.144916
vertex 0.684180 0.145667 0.144029
endloop
endfacet
facet normal 0.072826 -0.372049 -0.925352
outer loop
vertex 0.700977 0.149226 0.143920
vertex 0.684180 0.145667 0.144029
vertex 0.684335 0.148192 0.143026
endloop
endfacet
facet normal 0.078561 -0.574572 -0.814675
outer loop
vertex 0.700753 0.146688 0.144916
vertex 0.700258 0.144329 0.146532
vertex 0.683896 0.143331 0.145658
endloop
endfacet
facet normal 0.079045 -0.576665 -0.813147
outer loop
vertex 0.700753 0.146688 0.144916
vertex 0.683896 0.143331 0.145658
vertex 0.684180 0.145667 0.144029
endloop
endfacet
facet normal 0.080356 -0.736261 -0.671910
outer loop
vertex 0.700258 0.144329 0.146532
vertex 0.699526 0.142308 0.148659
vertex 0.683501 0.141342 0.147801
endloop
endfacet
facet normal 0.080801 -0.737934 -0.670018
outer loop
vertex 0.700258 0.144329 0.146532
vertex 0.683501 0.141342 0.147801
vertex 0.683896 0.143331 0.145658
endloop
endfacet
facet normal 0.078439 -0.860294 -0.503727
outer loop
vertex 0.699526 0.142308 0.148659
vertex 0.698606 0.140765 0.151151
vertex 0.683023 0.139836 0.150311
endloop
endfacet
facet normal 0.078792 -0.861374 -0.501823
outer loop
vertex 0.699526 0.142308 0.148659
vertex 0.683023 0.139836 0.150311
vertex 0.683501 0.141342 0.147801
endloop
endfacet
facet normal 0.072635 -0.947624 -0.311018
outer loop
vertex 0.698606 0.140765 0.151151
vertex 0.697561 0.139803 0.153838
vertex 0.682495 0.138917 0.153019
endloop
endfacet
facet normal 0.073141 -0.948674 -0.307681
outer loop
vertex 0.698606 0.140765 0.151151
vertex 0.682495 0.138917 0.153019
vertex 0.683023 0.139836 0.150311
endloop
endfacet
facet normal 0.062765 -0.993953 -0.090104
outer loop
vertex 0.697561 0.139803 0.153838
vertex 0.696463 0.139489 0.156537
vertex 0.681952 0.138645 0.155739
endloop
endfacet
facet normal 0.063187 -0.994219 -0.086812
outer loop
vertex 0.697561 0.139803 0.153838
vertex 0.681952 0.138645 0.155739
vertex 0.682495 0.138917 0.153019
endloop
endfacet
facet normal -0.008508 -0.368707 -0.929507
outer loop
vertex 0.684335 0.148192 0.143026
vertex 0.684180 0.145667 0.144029
vertex 0.666364 0.145763 0.144154
endloop
endfacet
facet normal -0.009234 -0.364165 -0.931289
outer loop
vertex 0.684335 0.148192 0.143026
vertex 0.666364 0.145763 0.144154
vertex 0.666389 0.148289 0.143166
endloop
endfacet
facet normal -0.008123 -0.571325 -0.820683
outer loop
vertex 0.684180 0.145667 0.144029
vertex 0.683896 0.143331 0.145658
vertex 0.666276 0.143425 0.145767
endloop
endfacet
facet normal -0.008835 -0.567637 -0.823232
outer loop
vertex 0.684180 0.145667 0.144029
vertex 0.666276 0.143425 0.145767
vertex 0.666364 0.145763 0.144154
endloop
endfacet
facet normal -0.007483 -0.732245 -0.681000
outer loop
vertex 0.683896 0.143331 0.145658
vertex 0.683501 0.141342 0.147801
vertex 0.666131 0.141433 0.147894
endloop
endfacet
facet normal -0.008121 -0.729587 -0.683840
outer loop
vertex 0.683896 0.143331 0.145658
vertex 0.666131 0.141433 0.147894
vertex 0.666276 0.143425 0.145767
endloop
endfacet
facet normal -0.006858 -0.856895 -0.515445
outer loop
vertex 0.683501 0.141342 0.147801
vertex 0.683023 0.139836 0.150311
vertex 0.665939 0.139924 0.150392
endloop
endfacet
facet normal -0.007252 -0.855682 -0.517451
outer loop
vertex 0.683501 0.141342 0.147801
vertex 0.665939 0.139924 0.150392
vertex 0.666131 0.141433 0.147894
endloop
endfacet
facet normal -0.006083 -0.946578 -0.322419
outer loop
vertex 0.683023 0.139836 0.150311
vertex 0.682495 0.138917 0.153019
vertex 0.665712 0.139001 0.153089
endloop
endfacet
facet normal -0.006410 -0.945939 -0.324280
outer loop
vertex 0.683023 0.139836 0.150311
vertex 0.665712 0.139001 0.153089
vertex 0.665939 0.139924 0.150392
endloop
endfacet
facet normal -0.005273 -0.994918 -0.100549
outer loop
vertex 0.682495 0.138917 0.153019
vertex 0.681952 0.138645 0.155739
vertex 0.665467 0.138726 0.155802
endloop
endfacet
facet normal -0.005402 -0.994839 -0.101319
outer loop
vertex 0.682495 0.138917 0.153019
vertex 0.665467 0.138726 0.155802
vertex 0.665712 0.139001 0.153089
endloop
endfacet
facet normal -0.046566 -0.363459 -0.930446
outer loop
vertex 0.666389 0.148289 0.143166
vertex 0.666364 0.145763 0.144154
vertex 0.645569 0.146561 0.144883
endloop
endfacet
facet normal -0.047070 -0.359071 -0.932123
outer loop
vertex 0.666389 0.148289 0.143166
vertex 0.645569 0.146561 0.144883
vertex 0.645495 0.149094 0.143911
endloop
endfacet
facet normal -0.049905 -0.565897 -0.822964
outer loop
vertex 0.666364 0.145763 0.144154
vertex 0.666276 0.143425 0.145767
vertex 0.645733 0.144207 0.146475
endloop
endfacet
facet normal -0.050508 -0.561916 -0.825651
outer loop
vertex 0.666364 0.145763 0.144154
vertex 0.645733 0.144207 0.146475
vertex 0.645569 0.146561 0.144883
endloop
endfacet
facet normal -0.050649 -0.727231 -0.684522
outer loop
vertex 0.666276 0.143425 0.145767
vertex 0.666131 0.141433 0.147894
vertex 0.645975 0.142192 0.148579
endloop
endfacet
facet normal -0.051267 -0.724207 -0.687674
outer loop
vertex 0.666276 0.143425 0.145767
vertex 0.645975 0.142192 0.148579
vertex 0.645733 0.144207 0.146475
endloop
endfacet
facet normal -0.049083 -0.853243 -0.519199
outer loop
vertex 0.666131 0.141433 0.147894
vertex 0.665939 0.139924 0.150392
vertex 0.646278 0.140654 0.151051
endloop
endfacet
facet normal -0.049818 -0.850748 -0.523208
outer loop
vertex 0.666131 0.141433 0.147894
vertex 0.646278 0.140654 0.151051
vertex 0.645975 0.142192 0.148579
endloop
endfacet
facet normal -0.045224 -0.943988 -0.326866
outer loop
vertex 0.665939 0.139924 0.150392
vertex 0.665712 0.139001 0.153089
vertex 0.646622 0.139696 0.153723
endloop
endfacet
facet normal -0.046106 -0.942195 -0.331877
outer loop
vertex 0.665939 0.139924 0.150392
vertex 0.646622 0.139696 0.153723
vertex 0.646278 0.140654 0.151051
endloop
endfacet
facet normal -0.038933 -0.993788 -0.104254
outer loop
vertex 0.665712 0.139001 0.153089
vertex 0.665467 0.138726 0.155802
vertex 0.646984 0.139386 0.156413
endloop
endfacet
facet normal -0.039784 -0.993233 -0.109108
outer loop
vertex 0.665712 0.139001 0.153089
vertex 0.646984 0.139386 0.156413
vertex 0.646622 0.139696 0.153723
endloop
endfacet
facet normal -0.098870 -0.359021 -0.928078
outer loop
vertex 0.645495 0.149094 0.143911
vertex 0.645569 0.146561 0.144883
vertex 0.625485 0.148248 0.146370
endloop
endfacet
facet normal -0.099437 -0.352596 -0.930478
outer loop
vertex 0.645495 0.149094 0.143911
vertex 0.625485 0.148248 0.146370
vertex 0.625396 0.150788 0.145417
endloop
endfacet
facet normal -0.106263 -0.562111 -0.820207
outer loop
vertex 0.645569 0.146561 0.144883
vertex 0.645733 0.144207 0.146475
vertex 0.625830 0.145864 0.147918
endloop
endfacet
facet normal -0.107597 -0.552341 -0.826645
outer loop
vertex 0.645569 0.146561 0.144883
vertex 0.625830 0.145864 0.147918
vertex 0.625485 0.148248 0.146370
endloop
endfacet
facet normal -0.107446 -0.724183 -0.681186
outer loop
vertex 0.645733 0.144207 0.146475
vertex 0.645975 0.142192 0.148579
vertex 0.626407 0.143800 0.149956
endloop
endfacet
facet normal -0.109578 -0.713724 -0.691802
outer loop
vertex 0.645733 0.144207 0.146475
vertex 0.626407 0.143800 0.149956
vertex 0.625830 0.145864 0.147918
endloop
endfacet
facet normal -0.103551 -0.850156 -0.516248
outer loop
vertex 0.645975 0.142192 0.148579
vertex 0.646278 0.140654 0.151051
vertex 0.627177 0.142196 0.152343
endloop
endfacet
facet normal -0.106440 -0.840849 -0.530701
outer loop
vertex 0.645975 0.142192 0.148579
vertex 0.627177 0.142196 0.152343
vertex 0.626407 0.143800 0.149956
endloop
endfacet
facet normal -0.095351 -0.940876 -0.325055
outer loop
vertex 0.646278 0.140654 0.151051
vertex 0.646622 0.139696 0.153723
vertex 0.628089 0.141161 0.154919
endloop
endfacet
facet normal -0.098528 -0.934967 -0.340776
outer loop
vertex 0.646278 0.140654 0.151051
vertex 0.628089 0.141161 0.154919
vertex 0.627177 0.142196 0.152343
endloop
endfacet
facet normal -0.082686 -0.991226 -0.103116
outer loop
vertex 0.646622 0.139696 0.153723
vertex 0.646984 0.139386 0.156413
vertex 0.629078 0.140766 0.157506
endloop
endfacet
facet normal -0.085830 -0.989269 -0.118235
outer loop
vertex 0.646622 0.139696 0.153723
vertex 0.629078 0.140766 0.157506
vertex 0.628089 0.141161 0.154919
endloop
endfacet
facet normal -0.184347 -0.973767 -0.133392
outer loop
vertex 0.619790 0.142115 0.159424
vertex 0.619066 0.142620 0.156738
vertex 0.628089 0.141161 0.154919
endloop
endfacet
facet normal -0.161050 -0.982969 -0.088515
outer loop
vertex 0.619790 0.142115 0.159424
vertex 0.628089 0.141161 0.154919
vertex 0.629078 0.140766 0.157506
endloop
endfacet
facet normal -0.228223 -0.914918 -0.332927
outer loop
vertex 0.619066 0.142620 0.156738
vertex 0.618404 0.143756 0.154070
vertex 0.627177 0.142196 0.152343
endloop
endfacet
facet normal -0.210809 -0.930589 -0.299273
outer loop
vertex 0.619066 0.142620 0.156738
vertex 0.627177 0.142196 0.152343
vertex 0.628089 0.141161 0.154919
endloop
endfacet
facet normal -0.255787 -0.823485 -0.506404
outer loop
vertex 0.618404 0.143756 0.154070
vertex 0.617848 0.145447 0.151601
vertex 0.626407 0.143800 0.149956
endloop
endfacet
facet normal -0.244781 -0.839473 -0.485147
outer loop
vertex 0.618404 0.143756 0.154070
vertex 0.626407 0.143800 0.149956
vertex 0.627177 0.142196 0.152343
endloop
endfacet
facet normal -0.267576 -0.702529 -0.659436
outer loop
vertex 0.617848 0.145447 0.151601
vertex 0.617436 0.147577 0.149499
vertex 0.625830 0.145864 0.147918
endloop
endfacet
facet normal -0.262161 -0.714167 -0.649028
outer loop
vertex 0.617848 0.145447 0.151601
vertex 0.625830 0.145864 0.147918
vertex 0.626407 0.143800 0.149956
endloop
endfacet
facet normal -0.263198 -0.547369 -0.794427
outer loop
vertex 0.617436 0.147577 0.149499
vertex 0.617197 0.150001 0.147908
vertex 0.625485 0.148248 0.146370
endloop
endfacet
facet normal -0.261761 -0.551969 -0.791714
outer loop
vertex 0.617436 0.147577 0.149499
vertex 0.625485 0.148248 0.146370
vertex 0.625830 0.145864 0.147918
endloop
endfacet
facet normal -0.241424 -0.349848 -0.905164
outer loop
vertex 0.617197 0.150001 0.147908
vertex 0.617147 0.152553 0.146935
vertex 0.625396 0.150788 0.145417
endloop
endfacet
facet normal -0.241732 -0.348270 -0.905690
outer loop
vertex 0.617197 0.150001 0.147908
vertex 0.625396 0.150788 0.145417
vertex 0.625485 0.148248 0.146370
endloop
endfacet
facet normal 0.521944 0.703415 0.482474
outer loop
vertex 0.707188 0.142189 0.159099
vertex 0.708937 0.142676 0.156497
vertex 0.707009 0.143477 0.157415
endloop
endfacet
facet normal 0.515244 0.706296 0.485458
outer loop
vertex 0.707188 0.142189 0.159099
vertex 0.707009 0.143477 0.157415
vertex 0.705262 0.142941 0.160049
endloop
endfacet
facet normal 0.537566 0.595342 0.597153
outer loop
vertex 0.708937 0.142676 0.156497
vertex 0.710567 0.143801 0.153908
vertex 0.708638 0.144648 0.154800
endloop
endfacet
facet normal 0.533373 0.596757 0.599495
outer loop
vertex 0.708937 0.142676 0.156497
vertex 0.708638 0.144648 0.154800
vertex 0.707009 0.143477 0.157415
endloop
endfacet
facet normal 0.538834 0.509088 0.671183
outer loop
vertex 0.710567 0.143801 0.153908
vertex 0.711967 0.145486 0.151506
vertex 0.710039 0.146373 0.152381
endloop
endfacet
facet normal 0.535275 0.509733 0.673538
outer loop
vertex 0.710567 0.143801 0.153908
vertex 0.710039 0.146373 0.152381
vertex 0.708638 0.144648 0.154800
endloop
endfacet
facet normal 0.533551 0.431236 0.727570
outer loop
vertex 0.711967 0.145486 0.151506
vertex 0.713041 0.147616 0.149456
vertex 0.711116 0.148535 0.150323
endloop
endfacet
facet normal 0.529833 0.431227 0.730288
outer loop
vertex 0.711967 0.145486 0.151506
vertex 0.711116 0.148535 0.150323
vertex 0.710039 0.146373 0.152381
endloop
endfacet
facet normal 0.523554 0.352167 0.775802
outer loop
vertex 0.713041 0.147616 0.149456
vertex 0.713716 0.150047 0.147897
vertex 0.711796 0.150987 0.148766
endloop
endfacet
facet normal 0.518720 0.351111 0.779519
outer loop
vertex 0.713041 0.147616 0.149456
vertex 0.711796 0.150987 0.148766
vertex 0.711116 0.148535 0.150323
endloop
endfacet
facet normal 0.508071 0.262141 0.820455
outer loop
vertex 0.713716 0.150047 0.147897
vertex 0.713946 0.152612 0.146935
vertex 0.712032 0.153561 0.147817
endloop
endfacet
facet normal 0.500567 0.258679 0.826147
outer loop
vertex 0.713716 0.150047 0.147897
vertex 0.712032 0.153561 0.147817
vertex 0.711796 0.150987 0.148766
endloop
endfacet
facet normal 0.243190 0.906273 0.345728
outer loop
vertex 0.705262 0.142941 0.160049
vertex 0.707009 0.143477 0.157415
vertex 0.703079 0.144239 0.158182
endloop
endfacet
facet normal 0.238762 0.905632 0.350462
outer loop
vertex 0.705262 0.142941 0.160049
vertex 0.703079 0.144239 0.158182
vertex 0.701390 0.143665 0.160816
endloop
endfacet
facet normal 0.263249 0.808650 0.526103
outer loop
vertex 0.707009 0.143477 0.157415
vertex 0.708638 0.144648 0.154800
vertex 0.704652 0.145444 0.155571
endloop
endfacet
facet normal 0.259902 0.807633 0.529321
outer loop
vertex 0.707009 0.143477 0.157415
vertex 0.704652 0.145444 0.155571
vertex 0.703079 0.144239 0.158182
endloop
endfacet
facet normal 0.270962 0.702613 0.657962
outer loop
vertex 0.708638 0.144648 0.154800
vertex 0.710039 0.146373 0.152381
vertex 0.706003 0.147199 0.153161
endloop
endfacet
facet normal 0.267832 0.701188 0.660758
outer loop
vertex 0.708638 0.144648 0.154800
vertex 0.706003 0.147199 0.153161
vertex 0.704652 0.145444 0.155571
endloop
endfacet
facet normal 0.270917 0.589450 0.761021
outer loop
vertex 0.710039 0.146373 0.152381
vertex 0.711116 0.148535 0.150323
vertex 0.707039 0.149385 0.151116
endloop
endfacet
facet normal 0.267807 0.587474 0.763645
outer loop
vertex 0.710039 0.146373 0.152381
vertex 0.707039 0.149385 0.151116
vertex 0.706003 0.147199 0.153161
endloop
endfacet
facet normal 0.264384 0.463664 0.845646
outer loop
vertex 0.711116 0.148535 0.150323
vertex 0.711796 0.150987 0.148766
vertex 0.707690 0.151851 0.149576
endloop
endfacet
facet normal 0.261060 0.460818 0.848230
outer loop
vertex 0.711116 0.148535 0.150323
vertex 0.707690 0.151851 0.149576
vertex 0.707039 0.149385 0.151116
endloop
endfacet
facet normal 0.250644 0.314565 0.915547
outer loop
vertex 0.711796 0.150987 0.148766
vertex 0.712032 0.153561 0.147817
vertex 0.707912 0.154431 0.148646
endloop
endfacet
facet normal 0.246357 0.309831 0.918321
outer loop
vertex 0.711796 0.150987 0.148766
vertex 0.707912 0.154431 0.148646
vertex 0.707690 0.151851 0.149576
endloop
endfacet
facet normal 0.065336 0.965446 0.252281
outer loop
vertex 0.701390 0.143665 0.160816
vertex 0.703079 0.144239 0.158182
vertex 0.690769 0.144909 0.158806
endloop
endfacet
facet normal 0.064402 0.964379 0.256565
outer loop
vertex 0.701390 0.143665 0.160816
vertex 0.690769 0.144909 0.158806
vertex 0.689433 0.144302 0.161423
endloop
endfacet
facet normal 0.072178 0.888344 0.453470
outer loop
vertex 0.703079 0.144239 0.158182
vertex 0.704652 0.145444 0.155571
vertex 0.692028 0.146143 0.156211
endloop
endfacet
facet normal 0.071408 0.886909 0.456392
outer loop
vertex 0.703079 0.144239 0.158182
vertex 0.692028 0.146143 0.156211
vertex 0.690769 0.144909 0.158806
endloop
endfacet
facet normal 0.075278 0.785527 0.614231
outer loop
vertex 0.704652 0.145444 0.155571
vertex 0.706003 0.147199 0.153161
vertex 0.693122 0.147922 0.153815
endloop
endfacet
facet normal 0.074651 0.784032 0.616215
outer loop
vertex 0.704652 0.145444 0.155571
vertex 0.693122 0.147922 0.153815
vertex 0.692028 0.146143 0.156211
endloop
endfacet
facet normal 0.075437 0.661918 0.745770
outer loop
vertex 0.706003 0.147199 0.153161
vertex 0.707039 0.149385 0.151116
vertex 0.693979 0.150123 0.151782
endloop
endfacet
facet normal 0.075005 0.660689 0.746903
outer loop
vertex 0.706003 0.147199 0.153161
vertex 0.693979 0.150123 0.151782
vertex 0.693122 0.147922 0.153815
endloop
endfacet
facet normal 0.073028 0.514334 0.854475
outer loop
vertex 0.707039 0.149385 0.151116
vertex 0.707690 0.151851 0.149576
vertex 0.694538 0.152597 0.150251
endloop
endfacet
facet normal 0.072607 0.512923 0.855359
outer loop
vertex 0.707039 0.149385 0.151116
vertex 0.694538 0.152597 0.150251
vertex 0.693979 0.150123 0.151782
endloop
endfacet
facet normal 0.067414 0.333189 0.940447
outer loop
vertex 0.707690 0.151851 0.149576
vertex 0.707912 0.154431 0.148646
vertex 0.694763 0.155175 0.149325
endloop
endfacet
facet normal 0.067126 0.332092 0.940856
outer loop
vertex 0.707690 0.151851 0.149576
vertex 0.694763 0.155175 0.149325
vertex 0.694538 0.152597 0.150251
endloop
endfacet
facet normal -0.024643 0.976538 0.213929
outer loop
vertex 0.689433 0.144302 0.161423
vertex 0.690769 0.144909 0.158806
vertex 0.672430 0.144529 0.158428
endloop
endfacet
facet normal -0.023193 0.978315 0.205822
outer loop
vertex 0.689433 0.144302 0.161423
vertex 0.672430 0.144529 0.158428
vertex 0.671557 0.143955 0.161058
endloop
endfacet
facet normal -0.028616 0.908037 0.417910
outer loop
vertex 0.690769 0.144909 0.158806
vertex 0.692028 0.146143 0.156211
vertex 0.673276 0.145732 0.155820
endloop
endfacet
facet normal -0.027357 0.911060 0.411366
outer loop
vertex 0.690769 0.144909 0.158806
vertex 0.673276 0.145732 0.155820
vertex 0.672430 0.144529 0.158428
endloop
endfacet
facet normal -0.031000 0.809223 0.586684
outer loop
vertex 0.692028 0.146143 0.156211
vertex 0.693122 0.147922 0.153815
vertex 0.674036 0.147483 0.153412
endloop
endfacet
facet normal -0.029946 0.812890 0.581647
outer loop
vertex 0.692028 0.146143 0.156211
vertex 0.674036 0.147483 0.153412
vertex 0.673276 0.145732 0.155820
endloop
endfacet
facet normal -0.031941 0.684847 0.727986
outer loop
vertex 0.693122 0.147922 0.153815
vertex 0.693979 0.150123 0.151782
vertex 0.674659 0.149662 0.151368
endloop
endfacet
facet normal -0.031135 0.688540 0.724530
outer loop
vertex 0.693122 0.147922 0.153815
vertex 0.674659 0.149662 0.151368
vertex 0.674036 0.147483 0.153412
endloop
endfacet
facet normal -0.031478 0.531095 0.846727
outer loop
vertex 0.693979 0.150123 0.151782
vertex 0.694538 0.152597 0.150251
vertex 0.675102 0.152121 0.149827
endloop
endfacet
facet normal -0.030854 0.534756 0.844443
outer loop
vertex 0.693979 0.150123 0.151782
vertex 0.675102 0.152121 0.149827
vertex 0.674659 0.149662 0.151368
endloop
endfacet
facet normal -0.029259 0.340165 0.939910
outer loop
vertex 0.694538 0.152597 0.150251
vertex 0.694763 0.155175 0.149325
vertex 0.675335 0.154692 0.148895
endloop
endfacet
facet normal -0.028882 0.342979 0.938899
outer loop
vertex 0.694538 0.152597 0.150251
vertex 0.675335 0.154692 0.148895
vertex 0.675102 0.152121 0.149827
endloop
endfacet
facet normal -0.050565 0.979120 0.196896
outer loop
vertex 0.671557 0.143955 0.161058
vertex 0.672430 0.144529 0.158428
vertex 0.653906 0.143724 0.157674
endloop
endfacet
facet normal -0.048884 0.980948 0.188019
outer loop
vertex 0.671557 0.143955 0.161058
vertex 0.653906 0.143724 0.157674
vertex 0.653682 0.143203 0.160334
endloop
endfacet
facet normal -0.057433 0.913510 0.402741
outer loop
vertex 0.672430 0.144529 0.158428
vertex 0.673276 0.145732 0.155820
vertex 0.654133 0.144875 0.155034
endloop
endfacet
facet normal -0.055927 0.916983 0.394987
outer loop
vertex 0.672430 0.144529 0.158428
vertex 0.654133 0.144875 0.155034
vertex 0.653906 0.143724 0.157674
endloop
endfacet
facet normal -0.061312 0.816360 0.574280
outer loop
vertex 0.673276 0.145732 0.155820
vertex 0.674036 0.147483 0.153412
vertex 0.654347 0.146579 0.152595
endloop
endfacet
facet normal -0.060070 0.820738 0.568139
outer loop
vertex 0.673276 0.145732 0.155820
vertex 0.654347 0.146579 0.152595
vertex 0.654133 0.144875 0.155034
endloop
endfacet
facet normal -0.062629 0.692279 0.718907
outer loop
vertex 0.674036 0.147483 0.153412
vertex 0.674659 0.149662 0.151368
vertex 0.654535 0.148720 0.150522
endloop
endfacet
facet normal -0.061648 0.697074 0.714344
outer loop
vertex 0.674036 0.147483 0.153412
vertex 0.654535 0.148720 0.150522
vertex 0.654347 0.146579 0.152595
endloop
endfacet
facet normal -0.061389 0.537937 0.840747
outer loop
vertex 0.674659 0.149662 0.151368
vertex 0.675102 0.152121 0.149827
vertex 0.654682 0.151152 0.148956
endloop
endfacet
facet normal -0.060628 0.542970 0.837561
outer loop
vertex 0.674659 0.149662 0.151368
vertex 0.654682 0.151152 0.148956
vertex 0.654535 0.148720 0.150522
endloop
endfacet
facet normal -0.057056 0.344820 0.936933
outer loop
vertex 0.675102 0.152121 0.149827
vertex 0.675335 0.154692 0.148895
vertex 0.654779 0.153709 0.148005
endloop
endfacet
facet normal -0.056490 0.349920 0.935075
outer loop
vertex 0.675102 0.152121 0.149827
vertex 0.654779 0.153709 0.148005
vertex 0.654682 0.151152 0.148956
endloop
endfacet
facet normal -0.033247 0.981334 0.189414
outer loop
vertex 0.653682 0.143203 0.160334
vertex 0.653906 0.143724 0.157674
vertex 0.633427 0.143129 0.157162
endloop
endfacet
facet normal -0.033320 0.981244 0.189869
outer loop
vertex 0.653682 0.143203 0.160334
vertex 0.633427 0.143129 0.157162
vertex 0.634074 0.142632 0.159844
endloop
endfacet
facet normal -0.036633 0.917202 0.396735
outer loop
vertex 0.653906 0.143724 0.157674
vertex 0.654133 0.144875 0.155034
vertex 0.632851 0.144256 0.154500
endloop
endfacet
facet normal -0.036562 0.917395 0.396295
outer loop
vertex 0.653906 0.143724 0.157674
vertex 0.632851 0.144256 0.154500
vertex 0.633427 0.143129 0.157162
endloop
endfacet
facet normal -0.038397 0.820730 0.570024
outer loop
vertex 0.654133 0.144875 0.155034
vertex 0.654347 0.146579 0.152595
vertex 0.632385 0.145937 0.152040
endloop
endfacet
facet normal -0.038169 0.821660 0.568699
outer loop
vertex 0.654133 0.144875 0.155034
vertex 0.632385 0.145937 0.152040
vertex 0.632851 0.144256 0.154500
endloop
endfacet
facet normal -0.038753 0.696843 0.716176
outer loop
vertex 0.654347 0.146579 0.152595
vertex 0.654535 0.148720 0.150522
vertex 0.632061 0.148058 0.149950
endloop
endfacet
facet normal -0.038476 0.698372 0.714700
outer loop
vertex 0.654347 0.146579 0.152595
vertex 0.632061 0.148058 0.149950
vertex 0.632385 0.145937 0.152040
endloop
endfacet
facet normal -0.037701 0.542608 0.839140
outer loop
vertex 0.654535 0.148720 0.150522
vertex 0.654682 0.151152 0.148956
vertex 0.631902 0.150474 0.148371
endloop
endfacet
facet normal -0.037371 0.544974 0.837620
outer loop
vertex 0.654535 0.148720 0.150522
vertex 0.631902 0.150474 0.148371
vertex 0.632061 0.148058 0.149950
endloop
endfacet
facet normal -0.034835 0.349542 0.936273
outer loop
vertex 0.654682 0.151152 0.148956
vertex 0.654779 0.153709 0.148005
vertex 0.631917 0.153019 0.147412
endloop
endfacet
facet normal -0.034509 0.352579 0.935146
outer loop
vertex 0.654682 0.151152 0.148956
vertex 0.631917 0.153019 0.147412
vertex 0.631902 0.150474 0.148371
endloop
endfacet
facet normal -0.040829 0.355261 0.933875
outer loop
vertex 0.617147 0.152553 0.146935
vertex 0.617197 0.150001 0.147908
vertex 0.631902 0.150474 0.148371
endloop
endfacet
facet normal -0.041314 0.352525 0.934890
outer loop
vertex 0.617147 0.152553 0.146935
vertex 0.631902 0.150474 0.148371
vertex 0.631917 0.153019 0.147412
endloop
endfacet
facet normal -0.043747 0.545177 0.837179
outer loop
vertex 0.617197 0.150001 0.147908
vertex 0.617436 0.147577 0.149499
vertex 0.632061 0.148058 0.149950
endloop
endfacet
facet normal -0.043888 0.544521 0.837598
outer loop
vertex 0.617197 0.150001 0.147908
vertex 0.632061 0.148058 0.149950
vertex 0.631902 0.150474 0.148371
endloop
endfacet
facet normal -0.045106 0.697259 0.715399
outer loop
vertex 0.617436 0.147577 0.149499
vertex 0.617848 0.145447 0.151601
vertex 0.632385 0.145937 0.152040
endloop
endfacet
facet normal -0.044995 0.697684 0.714991
outer loop
vertex 0.617436 0.147577 0.149499
vertex 0.632385 0.145937 0.152040
vertex 0.632061 0.148058 0.149950
endloop
endfacet
facet normal -0.045365 0.819406 0.571416
outer loop
vertex 0.617848 0.145447 0.151601
vertex 0.618404 0.143756 0.154070
vertex 0.632851 0.144256 0.154500
endloop
endfacet
facet normal -0.044863 0.820835 0.569400
outer loop
vertex 0.617848 0.145447 0.151601
vertex 0.632851 0.144256 0.154500
vertex 0.632385 0.145937 0.152040
endloop
endfacet
facet normal -0.044265 0.915163 0.400646
outer loop
vertex 0.618404 0.143756 0.154070
vertex 0.619066 0.142620 0.156738
vertex 0.633427 0.143129 0.157162
endloop
endfacet
facet normal -0.043552 0.916586 0.397459
outer loop
vertex 0.618404 0.143756 0.154070
vertex 0.633427 0.143129 0.157162
vertex 0.632851 0.144256 0.154500
endloop
endfacet
facet normal -0.041209 0.979874 0.195318
outer loop
vertex 0.619066 0.142620 0.156738
vertex 0.619790 0.142115 0.159424
vertex 0.634074 0.142632 0.159844
endloop
endfacet
facet normal -0.040412 0.980662 0.191492
outer loop
vertex 0.619066 0.142620 0.156738
vertex 0.634074 0.142632 0.159844
vertex 0.633427 0.143129 0.157162
endloop
endfacet
facet normal 0.243315 0.777073 0.580479
outer loop
vertex 0.685986 0.140424 0.188641
vertex 0.686561 0.140424 0.188400
vertex 0.685986 0.140604 0.188400
endloop
endfacet
facet normal 0.130887 0.909807 0.393853
outer loop
vertex 0.685986 0.140604 0.188400
vertex 0.686121 0.140740 0.188041
vertex 0.683400 0.141131 0.188042
endloop
endfacet
facet normal 0.122665 0.894281 0.430366
outer loop
vertex 0.685986 0.140604 0.188400
vertex 0.683400 0.141131 0.188042
vertex 0.683269 0.140981 0.188391
endloop
endfacet
facet normal 0.277046 -0.885050 0.374075
outer loop
vertex 0.687084 0.140436 0.188041
vertex 0.686561 0.140424 0.188400
vertex 0.685986 0.140244 0.188400
endloop
endfacet
facet normal 0.277739 -0.883604 0.376967
outer loop
vertex 0.687084 0.140436 0.188041
vertex 0.685986 0.140244 0.188400
vertex 0.686101 0.140127 0.188041
endloop
endfacet
facet normal 0.127932 -0.930153 0.344164
outer loop
vertex 0.686101 0.140127 0.188041
vertex 0.685986 0.140244 0.188400
vertex 0.683269 0.139867 0.188391
endloop
endfacet
facet normal 0.131152 -0.915049 0.381425
outer loop
vertex 0.686101 0.140127 0.188041
vertex 0.683269 0.139867 0.188391
vertex 0.683352 0.139733 0.188041
endloop
endfacet
facet normal 0.037057 -0.930296 0.364933
outer loop
vertex 0.683352 0.139733 0.188041
vertex 0.683269 0.139867 0.188391
vertex 0.675391 0.139552 0.188388
endloop
endfacet
facet normal 0.037539 -0.924690 0.378865
outer loop
vertex 0.683352 0.139733 0.188041
vertex 0.675391 0.139552 0.188388
vertex 0.675431 0.139411 0.188040
endloop
endfacet
facet normal -0.001902 -0.926903 0.375297
outer loop
vertex 0.675431 0.139411 0.188040
vertex 0.675391 0.139552 0.188388
vertex 0.662426 0.139579 0.188389
endloop
endfacet
facet normal -0.002222 -0.930885 0.365305
outer loop
vertex 0.675431 0.139411 0.188040
vertex 0.662426 0.139579 0.188389
vertex 0.662444 0.139442 0.188040
endloop
endfacet
facet normal -0.019143 -0.931023 0.364459
outer loop
vertex 0.662444 0.139442 0.188040
vertex 0.662426 0.139579 0.188389
vertex 0.651359 0.139805 0.188385
endloop
endfacet
facet normal -0.018580 -0.925907 0.377295
outer loop
vertex 0.662444 0.139442 0.188040
vertex 0.651359 0.139805 0.188385
vertex 0.651331 0.139665 0.188040
endloop
endfacet
facet normal -0.031155 -0.925270 0.378029
outer loop
vertex 0.651331 0.139665 0.188040
vertex 0.651359 0.139805 0.188385
vertex 0.641286 0.140145 0.188387
endloop
endfacet
facet normal -0.032269 -0.933486 0.357158
outer loop
vertex 0.651331 0.139665 0.188040
vertex 0.641286 0.140145 0.188387
vertex 0.641206 0.140015 0.188040
endloop
endfacet
facet normal -0.051553 -0.934458 0.352322
outer loop
vertex 0.636164 0.140424 0.188387
vertex 0.633575 0.140436 0.188040
vertex 0.641206 0.140015 0.188040
endloop
endfacet
facet normal -0.050729 -0.931348 0.360578
outer loop
vertex 0.636164 0.140424 0.188387
vertex 0.641206 0.140015 0.188040
vertex 0.641286 0.140145 0.188387
endloop
endfacet
facet normal 0.037136 0.913015 0.406232
outer loop
vertex 0.683269 0.140981 0.188391
vertex 0.683400 0.141131 0.188042
vertex 0.675494 0.141453 0.188041
endloop
endfacet
facet normal 0.036083 0.906439 0.420793
outer loop
vertex 0.683269 0.140981 0.188391
vertex 0.675494 0.141453 0.188041
vertex 0.675391 0.141296 0.188388
endloop
endfacet
facet normal -0.002312 0.911338 0.411652
outer loop
vertex 0.675391 0.141296 0.188388
vertex 0.675494 0.141453 0.188041
vertex 0.662492 0.141420 0.188041
endloop
endfacet
facet normal -0.001880 0.917472 0.397795
outer loop
vertex 0.675391 0.141296 0.188388
vertex 0.662492 0.141420 0.188041
vertex 0.662426 0.141269 0.188389
endloop
endfacet
facet normal -0.018590 0.918488 0.395012
outer loop
vertex 0.662426 0.141269 0.188389
vertex 0.662492 0.141420 0.188041
vertex 0.651375 0.141195 0.188041
endloop
endfacet
facet normal -0.018827 0.914858 0.403337
outer loop
vertex 0.662426 0.141269 0.188389
vertex 0.651375 0.141195 0.188041
vertex 0.651359 0.141043 0.188385
endloop
endfacet
facet normal -0.031073 0.914802 0.402706
outer loop
vertex 0.651359 0.141043 0.188385
vertex 0.651375 0.141195 0.188041
vertex 0.641235 0.140851 0.188040
endloop
endfacet
facet normal -0.030955 0.916759 0.398240
outer loop
vertex 0.651359 0.141043 0.188385
vertex 0.641235 0.140851 0.188040
vertex 0.641286 0.140702 0.188387
endloop
endfacet
facet normal -0.049626 0.914357 0.401856
outer loop
vertex 0.633575 0.140436 0.188040
vertex 0.636164 0.140424 0.188387
vertex 0.641286 0.140702 0.188387
endloop
endfacet
facet normal -0.049580 0.915064 0.400249
outer loop
vertex 0.633575 0.140436 0.188040
vertex 0.641286 0.140702 0.188387
vertex 0.641235 0.140851 0.188040
endloop
endfacet
facet normal 0.272403 0.862915 0.425646
outer loop
vertex 0.686561 0.140424 0.188400
vertex 0.687084 0.140436 0.188041
vertex 0.686121 0.140740 0.188041
endloop
endfacet
facet normal 0.269990 0.862363 0.428294
outer loop
vertex 0.686561 0.140424 0.188400
vertex 0.686121 0.140740 0.188041
vertex 0.685986 0.140604 0.188400
endloop
endfacet
facet normal 0.243288 -0.777117 0.580431
outer loop
vertex 0.685986 0.140244 0.188400
vertex 0.686561 0.140424 0.188400
vertex 0.685986 0.140424 0.188641
endloop
endfacet
endsolid Wing_Extended_Applied_Low_Poly
