solid B4-70-14_14
facet normal 0.438047 0.484054 -0.757501
outer loop
vertex 0.013752 -0.037671 0.000176
vertex 0.021453 -0.030393 0.009280
vertex 0.022873 -0.039565 0.004240
endloop
endfacet
facet normal 0.441038 0.401021 -0.802912
outer loop
vertex 0.013752 -0.037671 0.000176
vertex 0.022873 -0.039565 0.004240
vertex 0.020814 -0.049540 -0.001874
endloop
endfacet
facet normal 0.548521 0.017343 -0.835957
outer loop
vertex -0.022544 -0.058161 -0.027981
vertex -0.020612 -0.044513 -0.026430
vertex -0.014043 -0.046083 -0.022152
endloop
endfacet
facet normal 0.697504 0.118525 -0.706711
outer loop
vertex -0.001500 -0.037176 -0.011125
vertex -0.008411 -0.024192 -0.015768
vertex 0.006971 -0.031794 -0.001861
endloop
endfacet
facet normal 0.543206 -0.014483 -0.839474
outer loop
vertex -0.017011 -0.034110 -0.024280
vertex -0.014043 -0.046083 -0.022152
vertex -0.020612 -0.044513 -0.026430
endloop
endfacet
facet normal 0.670183 0.054106 -0.740221
outer loop
vertex -0.008411 -0.024192 -0.015768
vertex -0.017011 -0.034110 -0.024280
vertex -0.012718 -0.020108 -0.019369
endloop
endfacet
facet normal 0.423939 0.393098 -0.815935
outer loop
vertex 0.006445 -0.048986 -0.009072
vertex 0.013752 -0.037671 0.000176
vertex 0.020814 -0.049540 -0.001874
endloop
endfacet
facet normal 0.396522 0.277385 -0.875116
outer loop
vertex 0.016214 -0.057580 -0.007370
vertex 0.003912 -0.068031 -0.016257
vertex 0.006445 -0.048986 -0.009072
endloop
endfacet
facet normal 0.484384 0.251653 -0.837880
outer loop
vertex 0.006445 -0.048986 -0.009072
vertex 0.003912 -0.068031 -0.016257
vertex -0.006746 -0.057957 -0.019392
endloop
endfacet
facet normal 0.561891 0.156501 -0.812272
outer loop
vertex -0.005677 -0.042799 -0.015732
vertex -0.006746 -0.057957 -0.019392
vertex -0.014043 -0.046083 -0.022152
endloop
endfacet
facet normal 0.556812 0.387840 -0.734535
outer loop
vertex 0.006971 -0.031794 -0.001861
vertex 0.013752 -0.037671 0.000176
vertex -0.001500 -0.037176 -0.011125
endloop
endfacet
facet normal 0.580774 0.256425 -0.772624
outer loop
vertex 0.013752 -0.037671 0.000176
vertex 0.006445 -0.048986 -0.009072
vertex -0.001500 -0.037176 -0.011125
endloop
endfacet
facet normal 0.557976 0.237156 -0.795249
outer loop
vertex -0.005677 -0.042799 -0.015732
vertex -0.001500 -0.037176 -0.011125
vertex 0.006445 -0.048986 -0.009072
endloop
endfacet
facet normal 0.537383 0.161940 -0.827644
outer loop
vertex 0.006445 -0.048986 -0.009072
vertex -0.006746 -0.057957 -0.019392
vertex -0.005677 -0.042799 -0.015732
endloop
endfacet
facet normal 0.510382 0.285547 -0.811155
outer loop
vertex -0.014043 -0.046083 -0.022152
vertex -0.001500 -0.037176 -0.011125
vertex -0.005677 -0.042799 -0.015732
endloop
endfacet
facet normal 0.653805 0.078878 -0.752540
outer loop
vertex -0.017011 -0.034110 -0.024280
vertex -0.008411 -0.024192 -0.015768
vertex -0.001500 -0.037176 -0.011125
endloop
endfacet
facet normal 0.649567 0.026034 -0.759858
outer loop
vertex -0.001500 -0.037176 -0.011125
vertex -0.014043 -0.046083 -0.022152
vertex -0.017011 -0.034110 -0.024280
endloop
endfacet
facet normal 0.433438 0.326297 -0.840037
outer loop
vertex 0.016214 -0.057580 -0.007370
vertex 0.006445 -0.048986 -0.009072
vertex 0.020814 -0.049540 -0.001874
endloop
endfacet
facet normal 0.471271 0.085572 -0.877827
outer loop
vertex -0.020309 -0.063970 -0.027260
vertex -0.014043 -0.046083 -0.022152
vertex -0.006746 -0.057957 -0.019392
endloop
endfacet
facet normal 0.485306 0.078649 -0.870800
outer loop
vertex -0.022544 -0.058161 -0.027981
vertex -0.014043 -0.046083 -0.022152
vertex -0.020309 -0.063970 -0.027260
endloop
endfacet
facet normal 0.645373 -0.429032 0.632001
outer loop
vertex 0.022873 -0.039565 0.004240
vertex 0.021725 -0.030468 0.011587
vertex 0.020384 -0.032690 0.011448
endloop
endfacet
facet normal 0.971765 0.209787 -0.107988
outer loop
vertex 0.021725 -0.030468 0.011587
vertex 0.022873 -0.039565 0.004240
vertex 0.021453 -0.030393 0.009280
endloop
endfacet
facet normal 0.615437 -0.453288 0.644800
outer loop
vertex 0.021197 -0.045253 0.001840
vertex 0.022873 -0.039565 0.004240
vertex 0.020384 -0.032690 0.011448
endloop
endfacet
facet normal 0.829685 -0.406027 0.383099
outer loop
vertex 0.022873 -0.039565 0.004240
vertex 0.021197 -0.045253 0.001840
vertex 0.020814 -0.049540 -0.001874
endloop
endfacet
facet normal 0.270706 -0.644048 0.715486
outer loop
vertex 0.020814 -0.049540 -0.001874
vertex 0.021197 -0.045253 0.001840
vertex 0.016214 -0.057580 -0.007370
endloop
endfacet
facet normal 0.469288 0.182300 -0.864023
outer loop
vertex 0.003912 -0.068031 -0.016257
vertex 0.016214 -0.057580 -0.007370
vertex 0.011406 -0.062587 -0.011038
endloop
endfacet
facet normal -0.096816 -0.793674 0.600590
outer loop
vertex 0.003912 -0.068031 -0.016257
vertex -0.007092 -0.069496 -0.019967
vertex -0.002988 -0.069739 -0.019627
endloop
endfacet
facet normal -0.641225 -0.505756 0.577097
outer loop
vertex -0.020309 -0.063970 -0.027260
vertex -0.015214 -0.068094 -0.025213
vertex -0.013301 -0.066642 -0.021814
endloop
endfacet
facet normal -0.477867 -0.677882 0.558676
outer loop
vertex -0.007092 -0.069496 -0.019967
vertex -0.013301 -0.066642 -0.021814
vertex -0.015214 -0.068094 -0.025213
endloop
endfacet
facet normal -0.041643 -0.979433 -0.197423
outer loop
vertex -0.015214 -0.068094 -0.025213
vertex -0.002988 -0.069739 -0.019627
vertex -0.007092 -0.069496 -0.019967
endloop
endfacet
facet normal 0.455624 0.125399 -0.881296
outer loop
vertex -0.015214 -0.068094 -0.025213
vertex -0.020309 -0.063970 -0.027260
vertex -0.006746 -0.057957 -0.019392
endloop
endfacet
facet normal 0.417891 0.163973 -0.893577
outer loop
vertex -0.015214 -0.068094 -0.025213
vertex -0.006746 -0.057957 -0.019392
vertex 0.003912 -0.068031 -0.016257
endloop
endfacet
facet normal 0.422693 0.074474 -0.903208
outer loop
vertex 0.003912 -0.068031 -0.016257
vertex -0.002988 -0.069739 -0.019627
vertex -0.015214 -0.068094 -0.025213
endloop
endfacet
facet normal -0.870144 0.318686 -0.375885
outer loop
vertex -0.017011 -0.034110 -0.024280
vertex -0.017031 -0.032121 -0.022546
vertex -0.013497 -0.016592 -0.017563
endloop
endfacet
facet normal -0.817491 0.373622 -0.438309
outer loop
vertex -0.020612 -0.044513 -0.026430
vertex -0.017031 -0.032121 -0.022546
vertex -0.017011 -0.034110 -0.024280
endloop
endfacet
facet normal -0.320369 0.151561 -0.935090
outer loop
vertex -0.022544 -0.058161 -0.027981
vertex -0.021988 -0.049387 -0.026749
vertex -0.020612 -0.044513 -0.026430
endloop
endfacet
facet normal -0.271720 0.391573 -0.879112
outer loop
vertex -0.013497 -0.016592 -0.017563
vertex -0.012718 -0.020108 -0.019369
vertex -0.017011 -0.034110 -0.024280
endloop
endfacet
facet normal -0.962521 0.269947 0.026106
outer loop
vertex -0.020612 -0.044513 -0.026430
vertex -0.021988 -0.049387 -0.026749
vertex -0.017031 -0.032121 -0.022546
endloop
endfacet
facet normal -0.176337 -0.617278 0.766729
outer loop
vertex 0.003912 -0.068031 -0.016257
vertex 0.001977 -0.056745 -0.007615
vertex -0.007092 -0.069496 -0.019967
endloop
endfacet
facet normal -0.934747 0.103736 0.339834
outer loop
vertex -0.013497 -0.016592 -0.017563
vertex -0.017031 -0.032121 -0.022546
vertex -0.015911 -0.036843 -0.018021
endloop
endfacet
facet normal -0.904182 0.163484 0.394623
outer loop
vertex -0.017031 -0.032121 -0.022546
vertex -0.021988 -0.049387 -0.026749
vertex -0.015911 -0.036843 -0.018021
endloop
endfacet
facet normal -0.821428 -0.027936 0.569628
outer loop
vertex -0.021988 -0.049387 -0.026749
vertex -0.022544 -0.058161 -0.027981
vertex -0.017438 -0.050176 -0.020226
endloop
endfacet
facet normal -0.438917 -0.452332 0.776369
outer loop
vertex -0.013301 -0.066642 -0.021814
vertex -0.007092 -0.069496 -0.019967
vertex -0.007783 -0.054057 -0.011362
endloop
endfacet
facet normal -0.990877 0.116592 0.067593
outer loop
vertex -0.013682 -0.020781 -0.013049
vertex -0.013497 -0.016592 -0.017563
vertex -0.015911 -0.036843 -0.018021
endloop
endfacet
facet normal -0.919680 -0.124101 0.372543
outer loop
vertex -0.011450 -0.029007 -0.005749
vertex -0.013587 -0.034652 -0.012907
vertex -0.011739 -0.041895 -0.010758
endloop
endfacet
facet normal -0.884441 -0.151626 0.441333
outer loop
vertex -0.008955 -0.032218 -0.001854
vertex -0.011450 -0.029007 -0.005749
vertex -0.011739 -0.041895 -0.010758
endloop
endfacet
facet normal -0.762547 -0.292240 0.577163
outer loop
vertex -0.008955 -0.032218 -0.001854
vertex -0.007783 -0.054057 -0.011362
vertex -0.004798 -0.036025 0.001712
endloop
endfacet
facet normal -0.463397 -0.541442 0.701501
outer loop
vertex 0.005094 -0.037862 0.009018
vertex 0.002111 -0.038088 0.006873
vertex 0.001977 -0.056745 -0.007615
endloop
endfacet
facet normal 0.326355 -0.560793 0.760923
outer loop
vertex 0.020384 -0.032690 0.011448
vertex 0.014755 -0.037232 0.010514
vertex 0.021197 -0.045253 0.001840
endloop
endfacet
facet normal -0.820202 -0.000657 0.572074
outer loop
vertex -0.021988 -0.049387 -0.026749
vertex -0.017438 -0.050176 -0.020226
vertex -0.015911 -0.036843 -0.018021
endloop
endfacet
facet normal -0.716741 -0.192573 0.670222
outer loop
vertex -0.020309 -0.063970 -0.027260
vertex -0.017438 -0.050176 -0.020226
vertex -0.022544 -0.058161 -0.027981
endloop
endfacet
facet normal -0.653795 -0.292797 0.697726
outer loop
vertex -0.007783 -0.054057 -0.011362
vertex -0.020309 -0.063970 -0.027260
vertex -0.013301 -0.066642 -0.021814
endloop
endfacet
facet normal -0.505162 -0.527070 0.683380
outer loop
vertex 0.002111 -0.038088 0.006873
vertex -0.001410 -0.045206 -0.001219
vertex 0.001977 -0.056745 -0.007615
endloop
endfacet
facet normal -0.425617 -0.454987 0.782200
outer loop
vertex 0.001977 -0.056745 -0.007615
vertex -0.007783 -0.054057 -0.011362
vertex -0.007092 -0.069496 -0.019967
endloop
endfacet
facet normal -0.986307 -0.005008 0.164846
outer loop
vertex -0.012726 -0.024896 -0.007457
vertex -0.013682 -0.020781 -0.013049
vertex -0.013587 -0.034652 -0.012907
endloop
endfacet
facet normal -0.910143 -0.001947 0.414289
outer loop
vertex -0.015911 -0.036843 -0.018021
vertex -0.013587 -0.034652 -0.012907
vertex -0.013682 -0.020781 -0.013049
endloop
endfacet
facet normal -0.917720 -0.128892 0.375736
outer loop
vertex -0.012726 -0.024896 -0.007457
vertex -0.013587 -0.034652 -0.012907
vertex -0.011450 -0.029007 -0.005749
endloop
endfacet
facet normal -0.784249 -0.282602 0.552350
outer loop
vertex -0.011739 -0.041895 -0.010758
vertex -0.007783 -0.054057 -0.011362
vertex -0.008955 -0.032218 -0.001854
endloop
endfacet
facet normal -0.915934 0.038849 0.399445
outer loop
vertex -0.013587 -0.034652 -0.012907
vertex -0.015911 -0.036843 -0.018021
vertex -0.017438 -0.050176 -0.020226
endloop
endfacet
facet normal -0.835455 -0.050771 0.547208
outer loop
vertex -0.011739 -0.041895 -0.010758
vertex -0.013587 -0.034652 -0.012907
vertex -0.017438 -0.050176 -0.020226
endloop
endfacet
facet normal -0.737299 -0.436630 0.515505
outer loop
vertex -0.001410 -0.045206 -0.001219
vertex -0.002154 -0.036042 0.005479
vertex -0.004798 -0.036025 0.001712
endloop
endfacet
facet normal -0.545676 -0.430813 0.718775
outer loop
vertex -0.007783 -0.054057 -0.011362
vertex -0.001410 -0.045206 -0.001219
vertex -0.004798 -0.036025 0.001712
endloop
endfacet
facet normal -0.484451 -0.541513 0.687074
outer loop
vertex -0.002154 -0.036042 0.005479
vertex -0.001410 -0.045206 -0.001219
vertex 0.002111 -0.038088 0.006873
endloop
endfacet
facet normal -0.162436 -0.636989 0.753564
outer loop
vertex 0.005094 -0.037862 0.009018
vertex 0.001977 -0.056745 -0.007615
vertex 0.009486 -0.038401 0.009509
endloop
endfacet
facet normal -0.001771 -0.647527 0.762040
outer loop
vertex 0.009486 -0.038401 0.009509
vertex 0.011406 -0.062587 -0.011038
vertex 0.014755 -0.037232 0.010514
endloop
endfacet
facet normal 0.205497 -0.637744 0.742330
outer loop
vertex 0.016214 -0.057580 -0.007370
vertex 0.021197 -0.045253 0.001840
vertex 0.014755 -0.037232 0.010514
endloop
endfacet
facet normal 0.106520 -0.652110 0.750604
outer loop
vertex 0.011406 -0.062587 -0.011038
vertex 0.016214 -0.057580 -0.007370
vertex 0.014755 -0.037232 0.010514
endloop
endfacet
facet normal -0.676203 -0.254359 0.691413
outer loop
vertex -0.020309 -0.063970 -0.027260
vertex -0.007783 -0.054057 -0.011362
vertex -0.011739 -0.041895 -0.010758
endloop
endfacet
facet normal -0.789114 -0.140645 0.597928
outer loop
vertex -0.011739 -0.041895 -0.010758
vertex -0.017438 -0.050176 -0.020226
vertex -0.020309 -0.063970 -0.027260
endloop
endfacet
facet normal -0.427205 -0.531022 0.731786
outer loop
vertex -0.007783 -0.054057 -0.011362
vertex 0.001977 -0.056745 -0.007615
vertex -0.001410 -0.045206 -0.001219
endloop
endfacet
facet normal -0.218630 -0.616571 0.756334
outer loop
vertex 0.001977 -0.056745 -0.007615
vertex 0.003912 -0.068031 -0.016257
vertex 0.009486 -0.038401 0.009509
endloop
endfacet
facet normal -0.056841 -0.649017 0.758648
outer loop
vertex 0.003912 -0.068031 -0.016257
vertex 0.011406 -0.062587 -0.011038
vertex 0.009486 -0.038401 0.009509
endloop
endfacet
facet normal -0.574696 0.433778 0.693946
outer loop
vertex -0.048243 -0.002495 -0.001010
vertex -0.037709 -0.004917 0.009227
vertex -0.037248 0.000168 0.006430
endloop
endfacet
facet normal -0.589196 -0.332978 0.736189
outer loop
vertex -0.043773 -0.022413 0.001902
vertex -0.036737 -0.015220 0.010786
vertex -0.050969 -0.019977 -0.002755
endloop
endfacet
facet normal -0.635541 -0.211985 0.742395
outer loop
vertex -0.036737 -0.015220 0.010786
vertex -0.057563 -0.016004 -0.007265
vertex -0.050969 -0.019977 -0.002755
endloop
endfacet
facet normal -0.658930 -0.041671 0.751049
outer loop
vertex -0.057563 -0.016004 -0.007265
vertex -0.038229 -0.011293 0.009959
vertex -0.066728 -0.006791 -0.014795
endloop
endfacet
facet normal 0.004528 0.985709 0.168395
outer loop
vertex -0.024896 0.012726 -0.007457
vertex -0.020432 0.013711 -0.013341
vertex -0.029785 0.013378 -0.011144
endloop
endfacet
facet normal 0.129340 0.989783 0.060002
outer loop
vertex -0.020432 0.013711 -0.013341
vertex -0.016624 0.013471 -0.017590
vertex -0.036112 0.016074 -0.018522
endloop
endfacet
facet normal 0.113625 0.952181 0.283623
outer loop
vertex -0.016624 0.013471 -0.017590
vertex -0.031219 0.016805 -0.022939
vertex -0.036112 0.016074 -0.018522
endloop
endfacet
facet normal 0.185012 0.915728 0.356669
outer loop
vertex -0.031219 0.016805 -0.022939
vertex -0.049672 0.022072 -0.026887
vertex -0.036112 0.016074 -0.018522
endloop
endfacet
facet normal -0.243081 0.767510 0.593161
outer loop
vertex -0.057229 0.022670 -0.027950
vertex -0.064527 0.019699 -0.027096
vertex -0.061327 0.017612 -0.023084
endloop
endfacet
facet normal -0.388227 0.653615 0.649667
outer loop
vertex -0.064527 0.019699 -0.027096
vertex -0.067585 0.013379 -0.022566
vertex -0.061327 0.017612 -0.023084
endloop
endfacet
facet normal -0.163971 0.910916 0.378610
outer loop
vertex -0.029785 0.013378 -0.011144
vertex -0.041630 0.009915 -0.007940
vertex -0.024896 0.012726 -0.007457
endloop
endfacet
facet normal -0.246889 0.825980 0.506757
outer loop
vertex -0.041630 0.009915 -0.007940
vertex -0.032291 0.008779 -0.001539
vertex -0.027756 0.011154 -0.003201
endloop
endfacet
facet normal -0.045099 0.925242 0.376688
outer loop
vertex -0.029785 0.013378 -0.011144
vertex -0.036112 0.016074 -0.018522
vertex -0.041521 0.014279 -0.014760
endloop
endfacet
facet normal -0.100548 0.838782 0.535103
outer loop
vertex -0.041521 0.014279 -0.014760
vertex -0.041630 0.009915 -0.007940
vertex -0.029785 0.013378 -0.011144
endloop
endfacet
facet normal -0.337322 0.710024 0.618126
outer loop
vertex -0.032291 0.008779 -0.001539
vertex -0.041630 0.009915 -0.007940
vertex -0.043718 0.003937 -0.002213
endloop
endfacet
facet normal -0.321851 0.711195 0.624991
outer loop
vertex -0.043718 0.003937 -0.002213
vertex -0.041630 0.009915 -0.007940
vertex -0.053152 0.006612 -0.010116
endloop
endfacet
facet normal -0.381160 0.848393 0.367351
outer loop
vertex -0.043718 0.003937 -0.002213
vertex -0.032549 0.006989 0.002328
vertex -0.032291 0.008779 -0.001539
endloop
endfacet
facet normal -0.562235 0.516323 0.645990
outer loop
vertex -0.043718 0.003937 -0.002213
vertex -0.048243 -0.002495 -0.001010
vertex -0.037248 0.000168 0.006430
endloop
endfacet
facet normal -0.673754 0.138166 0.725924
outer loop
vertex -0.037709 -0.004917 0.009227
vertex -0.048243 -0.002495 -0.001010
vertex -0.038229 -0.011293 0.009959
endloop
endfacet
facet normal -0.593392 -0.327658 0.735205
outer loop
vertex -0.034222 -0.018796 0.011223
vertex -0.036737 -0.015220 0.010786
vertex -0.043773 -0.022413 0.001902
endloop
endfacet
facet normal -0.087035 0.810454 0.579300
outer loop
vertex -0.049672 0.022072 -0.026887
vertex -0.046946 0.014191 -0.015453
vertex -0.041521 0.014279 -0.014760
endloop
endfacet
facet normal -0.162489 0.749252 0.642043
outer loop
vertex -0.061327 0.017612 -0.023084
vertex -0.046946 0.014191 -0.015453
vertex -0.057229 0.022670 -0.027950
endloop
endfacet
facet normal -0.435048 0.477055 0.763644
outer loop
vertex -0.069217 0.009244 -0.020912
vertex -0.053152 0.006612 -0.010116
vertex -0.067585 0.013379 -0.022566
endloop
endfacet
facet normal -0.472027 0.471374 0.744981
outer loop
vertex -0.048243 -0.002495 -0.001010
vertex -0.043718 0.003937 -0.002213
vertex -0.068821 0.004114 -0.018230
endloop
endfacet
facet normal -0.472470 0.379374 0.795517
outer loop
vertex -0.068821 0.004114 -0.018230
vertex -0.053152 0.006612 -0.010116
vertex -0.069217 0.009244 -0.020912
endloop
endfacet
facet normal -0.564458 0.310884 0.764682
outer loop
vertex -0.038229 -0.011293 0.009959
vertex -0.048243 -0.002495 -0.001010
vertex -0.067191 -0.000768 -0.015699
endloop
endfacet
facet normal -0.650554 -0.088071 0.754337
outer loop
vertex -0.038229 -0.011293 0.009959
vertex -0.057563 -0.016004 -0.007265
vertex -0.036737 -0.015220 0.010786
endloop
endfacet
facet normal 0.039718 0.949036 0.312655
outer loop
vertex -0.036112 0.016074 -0.018522
vertex -0.029785 0.013378 -0.011144
vertex -0.020432 0.013711 -0.013341
endloop
endfacet
facet normal -0.167571 0.956070 0.240520
outer loop
vertex -0.027756 0.011154 -0.003201
vertex -0.024896 0.012726 -0.007457
vertex -0.041630 0.009915 -0.007940
endloop
endfacet
facet normal -0.082009 0.840080 0.536228
outer loop
vertex -0.041630 0.009915 -0.007940
vertex -0.041521 0.014279 -0.014760
vertex -0.046946 0.014191 -0.015453
endloop
endfacet
facet normal 0.067362 0.859342 0.506946
outer loop
vertex -0.049672 0.022072 -0.026887
vertex -0.041521 0.014279 -0.014760
vertex -0.036112 0.016074 -0.018522
endloop
endfacet
facet normal -0.430084 0.664136 0.611515
outer loop
vertex -0.043718 0.003937 -0.002213
vertex -0.037248 0.000168 0.006430
vertex -0.032549 0.006989 0.002328
endloop
endfacet
facet normal -0.015060 0.821619 0.569838
outer loop
vertex -0.057229 0.022670 -0.027950
vertex -0.046946 0.014191 -0.015453
vertex -0.049672 0.022072 -0.026887
endloop
endfacet
facet normal -0.313244 0.617673 0.721358
outer loop
vertex -0.061327 0.017612 -0.023084
vertex -0.053152 0.006612 -0.010116
vertex -0.041630 0.009915 -0.007940
endloop
endfacet
facet normal -0.086202 0.838380 0.538227
outer loop
vertex -0.041630 0.009915 -0.007940
vertex -0.046946 0.014191 -0.015453
vertex -0.061327 0.017612 -0.023084
endloop
endfacet
facet normal -0.344284 0.597728 0.724009
outer loop
vertex -0.053152 0.006612 -0.010116
vertex -0.061327 0.017612 -0.023084
vertex -0.067585 0.013379 -0.022566
endloop
endfacet
facet normal -0.456607 0.520723 0.721358
outer loop
vertex -0.053152 0.006612 -0.010116
vertex -0.068821 0.004114 -0.018230
vertex -0.043718 0.003937 -0.002213
endloop
endfacet
facet normal -0.587106 0.209377 0.781964
outer loop
vertex -0.048243 -0.002495 -0.001010
vertex -0.068821 0.004114 -0.018230
vertex -0.067191 -0.000768 -0.015699
endloop
endfacet
facet normal -0.648632 0.063978 0.758409
outer loop
vertex -0.067191 -0.000768 -0.015699
vertex -0.066728 -0.006791 -0.014795
vertex -0.038229 -0.011293 0.009959
endloop
endfacet
facet normal 0.385232 0.271428 -0.882000
outer loop
vertex -0.020143 0.012705 -0.019363
vertex -0.031219 0.016805 -0.022939
vertex -0.016624 0.013471 -0.017590
endloop
endfacet
facet normal 0.389204 0.288402 -0.874840
outer loop
vertex -0.032795 0.016342 -0.023792
vertex -0.031219 0.016805 -0.022939
vertex -0.020143 0.012705 -0.019363
endloop
endfacet
facet normal 0.151196 0.184092 -0.971211
outer loop
vertex -0.057229 0.022670 -0.027950
vertex -0.049672 0.022072 -0.026887
vertex -0.042972 0.020178 -0.026203
endloop
endfacet
facet normal 0.348313 0.387846 -0.853378
outer loop
vertex -0.031219 0.016805 -0.022939
vertex -0.032795 0.016342 -0.023792
vertex -0.042972 0.020178 -0.026203
endloop
endfacet
facet normal 0.269746 0.962651 0.023260
outer loop
vertex -0.042972 0.020178 -0.026203
vertex -0.049672 0.022072 -0.026887
vertex -0.031219 0.016805 -0.022939
endloop
endfacet
facet normal -0.977876 0.039849 -0.205355
outer loop
vertex -0.068084 0.015134 -0.025169
vertex -0.069741 0.002997 -0.019631
vertex -0.069217 0.009244 -0.020912
endloop
endfacet
facet normal 0.130922 -0.417365 -0.899259
outer loop
vertex -0.068084 0.015134 -0.025169
vertex -0.064729 0.008617 -0.021656
vertex -0.066728 -0.006791 -0.014795
endloop
endfacet
facet normal 0.080712 -0.440452 -0.894141
outer loop
vertex -0.068084 0.015134 -0.025169
vertex -0.064527 0.019699 -0.027096
vertex -0.064729 0.008617 -0.021656
endloop
endfacet
facet normal 0.076726 -0.422531 -0.903095
outer loop
vertex -0.066728 -0.006791 -0.014795
vertex -0.069741 0.002997 -0.019631
vertex -0.068084 0.015134 -0.025169
endloop
endfacet
facet normal -0.160130 0.987025 0.011844
outer loop
vertex 0.031935 0.021555 0.010555
vertex 0.039654 0.022883 0.004219
vertex 0.031417 0.021491 0.008898
endloop
endfacet
facet normal 0.461543 0.563421 0.685226
outer loop
vertex 0.045267 0.021191 0.001830
vertex 0.039654 0.022883 0.004219
vertex 0.034220 0.018746 0.011281
endloop
endfacet
facet normal 0.415451 0.818880 0.396025
outer loop
vertex 0.039654 0.022883 0.004219
vertex 0.045267 0.021191 0.001830
vertex 0.049540 0.020814 -0.001874
endloop
endfacet
facet normal 0.644006 0.270486 0.715607
outer loop
vertex 0.049540 0.020814 -0.001874
vertex 0.045267 0.021191 0.001830
vertex 0.057580 0.016214 -0.007370
endloop
endfacet
facet normal -0.179558 0.471624 -0.863325
outer loop
vertex 0.067966 0.004039 -0.016181
vertex 0.057580 0.016214 -0.007370
vertex 0.062587 0.011406 -0.011038
endloop
endfacet
facet normal 0.467308 0.557479 0.686178
outer loop
vertex 0.039654 0.022883 0.004219
vertex 0.031935 0.021555 0.010555
vertex 0.034220 0.018746 0.011281
endloop
endfacet
facet normal -0.064244 0.674473 -0.735500
outer loop
vertex 0.020147 -0.012702 -0.019361
vertex 0.024228 -0.008242 -0.015628
vertex 0.032739 -0.016318 -0.023777
endloop
endfacet
facet normal -0.498748 0.438789 -0.747472
outer loop
vertex 0.037718 0.013798 0.000178
vertex 0.031417 0.021491 0.008898
vertex 0.039654 0.022883 0.004219
endloop
endfacet
facet normal -0.401625 0.442307 -0.801911
outer loop
vertex 0.037718 0.013798 0.000178
vertex 0.039654 0.022883 0.004219
vertex 0.049540 0.020814 -0.001874
endloop
endfacet
facet normal -0.093390 0.495545 -0.863547
outer loop
vertex 0.064559 -0.019629 -0.027228
vertex 0.051705 -0.022436 -0.027449
vertex 0.053959 -0.012794 -0.022160
endloop
endfacet
facet normal -0.001723 0.481261 -0.876575
outer loop
vertex 0.051705 -0.022436 -0.027449
vertex 0.042642 -0.020068 -0.026131
vertex 0.053959 -0.012794 -0.022160
endloop
endfacet
facet normal 0.040955 0.606590 -0.793959
outer loop
vertex 0.042642 -0.020068 -0.026131
vertex 0.032739 -0.016318 -0.023777
vertex 0.040108 -0.007211 -0.016439
endloop
endfacet
facet normal -0.143544 0.701325 -0.698240
outer loop
vertex 0.035267 0.002482 -0.007125
vertex 0.024228 -0.008242 -0.015628
vertex 0.031699 0.007054 -0.001799
endloop
endfacet
facet normal -0.076946 0.666849 -0.741210
outer loop
vertex 0.035267 0.002482 -0.007125
vertex 0.032739 -0.016318 -0.023777
vertex 0.024228 -0.008242 -0.015628
endloop
endfacet
facet normal -0.273063 0.493929 -0.825512
outer loop
vertex 0.051551 0.008246 -0.009063
vertex 0.050200 -0.001484 -0.014438
vertex 0.035267 0.002482 -0.007125
endloop
endfacet
facet normal -0.204079 0.623358 -0.754836
outer loop
vertex 0.035267 0.002482 -0.007125
vertex 0.050200 -0.001484 -0.014438
vertex 0.040108 -0.007211 -0.016439
endloop
endfacet
facet normal -0.133452 0.528178 -0.838581
outer loop
vertex 0.053959 -0.012794 -0.022160
vertex 0.040108 -0.007211 -0.016439
vertex 0.050200 -0.001484 -0.014438
endloop
endfacet
facet normal -0.386869 0.410470 -0.825740
outer loop
vertex 0.051551 0.008246 -0.009063
vertex 0.037718 0.013798 0.000178
vertex 0.049540 0.020814 -0.001874
endloop
endfacet
facet normal -0.277909 0.396228 -0.875083
outer loop
vertex 0.057580 0.016214 -0.007370
vertex 0.067966 0.004039 -0.016181
vertex 0.051551 0.008246 -0.009063
endloop
endfacet
facet normal -0.235871 0.494777 -0.836398
outer loop
vertex 0.051551 0.008246 -0.009063
vertex 0.067966 0.004039 -0.016181
vertex 0.050200 -0.001484 -0.014438
endloop
endfacet
facet normal -0.221756 0.438456 -0.870966
outer loop
vertex 0.064559 -0.019629 -0.027228
vertex 0.050200 -0.001484 -0.014438
vertex 0.067966 0.004039 -0.016181
endloop
endfacet
facet normal -0.383438 0.558014 -0.735932
outer loop
vertex 0.031699 0.007054 -0.001799
vertex 0.037718 0.013798 0.000178
vertex 0.035267 0.002482 -0.007125
endloop
endfacet
facet normal -0.291180 0.562491 -0.773833
outer loop
vertex 0.037718 0.013798 0.000178
vertex 0.051551 0.008246 -0.009063
vertex 0.035267 0.002482 -0.007125
endloop
endfacet
facet normal -0.087695 0.667064 -0.739821
outer loop
vertex 0.032739 -0.016318 -0.023777
vertex 0.035267 0.002482 -0.007125
vertex 0.040108 -0.007211 -0.016439
endloop
endfacet
facet normal -0.095319 0.587175 -0.803828
outer loop
vertex 0.040108 -0.007211 -0.016439
vertex 0.053959 -0.012794 -0.022160
vertex 0.042642 -0.020068 -0.026131
endloop
endfacet
facet normal -0.329958 0.428410 -0.841185
outer loop
vertex 0.057580 0.016214 -0.007370
vertex 0.051551 0.008246 -0.009063
vertex 0.049540 0.020814 -0.001874
endloop
endfacet
facet normal -0.040139 0.554271 -0.831368
outer loop
vertex 0.050200 -0.001484 -0.014438
vertex 0.064559 -0.019629 -0.027228
vertex 0.053959 -0.012794 -0.022160
endloop
endfacet
facet normal -0.388126 -0.262486 -0.883436
outer loop
vertex 0.020147 -0.012702 -0.019361
vertex 0.029697 -0.016408 -0.022455
vertex 0.016612 -0.013493 -0.017573
endloop
endfacet
facet normal -0.381355 -0.236505 -0.893663
outer loop
vertex 0.032739 -0.016318 -0.023777
vertex 0.029697 -0.016408 -0.022455
vertex 0.020147 -0.012702 -0.019361
endloop
endfacet
facet normal -0.354049 -0.406258 -0.842380
outer loop
vertex 0.029697 -0.016408 -0.022455
vertex 0.032739 -0.016318 -0.023777
vertex 0.042642 -0.020068 -0.026131
endloop
endfacet
facet normal -0.229742 -0.961856 0.148495
outer loop
vertex 0.042642 -0.020068 -0.026131
vertex 0.051705 -0.022436 -0.027449
vertex 0.029697 -0.016408 -0.022455
endloop
endfacet
facet normal -0.050243 0.304884 -0.951063
outer loop
vertex 0.064559 -0.019629 -0.027228
vertex 0.059468 -0.022304 -0.027817
vertex 0.051705 -0.022436 -0.027449
endloop
endfacet
facet normal 0.617537 -0.175841 0.766634
outer loop
vertex 0.067966 0.004039 -0.016181
vertex 0.056745 0.001977 -0.007615
vertex 0.069496 -0.007092 -0.019967
endloop
endfacet
facet normal -0.106760 -0.953159 0.283003
outer loop
vertex 0.016612 -0.013493 -0.017573
vertex 0.029697 -0.016408 -0.022455
vertex 0.038342 -0.016086 -0.018108
endloop
endfacet
facet normal -0.160814 -0.907893 0.387130
outer loop
vertex 0.029697 -0.016408 -0.022455
vertex 0.051705 -0.022436 -0.027449
vertex 0.038342 -0.016086 -0.018108
endloop
endfacet
facet normal 0.042083 -0.797254 0.602176
outer loop
vertex 0.038342 -0.016086 -0.018108
vertex 0.051705 -0.022436 -0.027449
vertex 0.059468 -0.022304 -0.027817
endloop
endfacet
facet normal 0.364881 -0.672690 0.643700
outer loop
vertex 0.064559 -0.019629 -0.027228
vertex 0.066620 -0.013361 -0.021847
vertex 0.060640 -0.016905 -0.022160
endloop
endfacet
facet normal 0.460697 -0.442084 0.769623
outer loop
vertex 0.066620 -0.013361 -0.021847
vertex 0.069496 -0.007092 -0.019967
vertex 0.054536 -0.005917 -0.010338
endloop
endfacet
facet normal -0.116612 -0.990971 0.066161
outer loop
vertex 0.020781 -0.013682 -0.013049
vertex 0.016612 -0.013493 -0.017573
vertex 0.038342 -0.016086 -0.018108
endloop
endfacet
facet normal 0.069612 -0.938510 0.338162
outer loop
vertex 0.029096 -0.011457 -0.005852
vertex 0.033984 -0.013537 -0.012630
vertex 0.044045 -0.013052 -0.013356
endloop
endfacet
facet normal 0.191386 -0.892291 0.408885
outer loop
vertex 0.032218 -0.008955 -0.001854
vertex 0.029096 -0.011457 -0.005852
vertex 0.044364 -0.009443 -0.008603
endloop
endfacet
facet normal 0.290770 -0.762214 0.578345
outer loop
vertex 0.032218 -0.008955 -0.001854
vertex 0.044364 -0.009443 -0.008603
vertex 0.036025 -0.004798 0.001712
endloop
endfacet
facet normal 0.350829 -0.714442 0.605386
outer loop
vertex 0.036025 -0.004798 0.001712
vertex 0.044364 -0.009443 -0.008603
vertex 0.054536 -0.005917 -0.010338
endloop
endfacet
facet normal 0.541442 -0.463398 0.701501
outer loop
vertex 0.037862 0.005094 0.009018
vertex 0.038088 0.002111 0.006873
vertex 0.056745 0.001977 -0.007615
endloop
endfacet
facet normal 0.583440 0.292576 0.757626
outer loop
vertex 0.034220 0.018746 0.011281
vertex 0.037256 0.014634 0.010531
vertex 0.045267 0.021191 0.001830
endloop
endfacet
facet normal 0.180322 -0.729917 0.659322
outer loop
vertex 0.044045 -0.013052 -0.013356
vertex 0.059468 -0.022304 -0.027817
vertex 0.060640 -0.016905 -0.022160
endloop
endfacet
facet normal 0.323332 -0.609649 0.723729
outer loop
vertex 0.044364 -0.009443 -0.008603
vertex 0.060640 -0.016905 -0.022160
vertex 0.066620 -0.013361 -0.021847
endloop
endfacet
facet normal 0.331081 -0.594953 0.732405
outer loop
vertex 0.066620 -0.013361 -0.021847
vertex 0.054536 -0.005917 -0.010338
vertex 0.044364 -0.009443 -0.008603
endloop
endfacet
facet normal 0.527070 -0.505161 0.683381
outer loop
vertex 0.038088 0.002111 0.006873
vertex 0.045206 -0.001410 -0.001219
vertex 0.056745 0.001977 -0.007615
endloop
endfacet
facet normal 0.472909 -0.402560 0.783775
outer loop
vertex 0.056745 0.001977 -0.007615
vertex 0.054536 -0.005917 -0.010338
vertex 0.069496 -0.007092 -0.019967
endloop
endfacet
facet normal 0.005602 -0.986374 0.164421
outer loop
vertex 0.024896 -0.012726 -0.007457
vertex 0.020781 -0.013682 -0.013049
vertex 0.033984 -0.013537 -0.012630
endloop
endfacet
facet normal -0.003366 -0.907663 0.419686
outer loop
vertex 0.038342 -0.016086 -0.018108
vertex 0.033984 -0.013537 -0.012630
vertex 0.020781 -0.013682 -0.013049
endloop
endfacet
facet normal 0.132872 -0.916606 0.377065
outer loop
vertex 0.024896 -0.012726 -0.007457
vertex 0.033984 -0.013537 -0.012630
vertex 0.029096 -0.011457 -0.005852
endloop
endfacet
facet normal 0.208592 -0.785597 0.582518
outer loop
vertex 0.044045 -0.013052 -0.013356
vertex 0.044364 -0.009443 -0.008603
vertex 0.029096 -0.011457 -0.005852
endloop
endfacet
facet normal 0.076281 -0.879415 0.469904
outer loop
vertex 0.038342 -0.016086 -0.018108
vertex 0.044045 -0.013052 -0.013356
vertex 0.033984 -0.013537 -0.012630
endloop
endfacet
facet normal 0.436630 -0.737298 0.515505
outer loop
vertex 0.045206 -0.001410 -0.001219
vertex 0.036042 -0.002154 0.005479
vertex 0.036025 -0.004798 0.001712
endloop
endfacet
facet normal 0.431411 -0.551398 0.714034
outer loop
vertex 0.054536 -0.005917 -0.010338
vertex 0.045206 -0.001410 -0.001219
vertex 0.036025 -0.004798 0.001712
endloop
endfacet
facet normal 0.541514 -0.484450 0.687075
outer loop
vertex 0.036042 -0.002154 0.005479
vertex 0.045206 -0.001410 -0.001219
vertex 0.038088 0.002111 0.006873
endloop
endfacet
facet normal 0.636989 -0.162437 0.753564
outer loop
vertex 0.037862 0.005094 0.009018
vertex 0.056745 0.001977 -0.007615
vertex 0.038401 0.009486 0.009509
endloop
endfacet
facet normal 0.647759 -0.007125 0.761812
outer loop
vertex 0.038401 0.009486 0.009509
vertex 0.062587 0.011406 -0.011038
vertex 0.037256 0.014634 0.010531
endloop
endfacet
facet normal 0.637755 0.205799 0.742237
outer loop
vertex 0.057580 0.016214 -0.007370
vertex 0.045267 0.021191 0.001830
vertex 0.037256 0.014634 0.010531
endloop
endfacet
facet normal 0.652449 0.107168 0.750217
outer loop
vertex 0.062587 0.011406 -0.011038
vertex 0.057580 0.016214 -0.007370
vertex 0.037256 0.014634 0.010531
endloop
endfacet
facet normal -0.000502 -0.842592 0.538552
outer loop
vertex 0.044045 -0.013052 -0.013356
vertex 0.038342 -0.016086 -0.018108
vertex 0.059468 -0.022304 -0.027817
endloop
endfacet
facet normal 0.130819 -0.793789 0.593958
outer loop
vertex 0.044364 -0.009443 -0.008603
vertex 0.044045 -0.013052 -0.013356
vertex 0.060640 -0.016905 -0.022160
endloop
endfacet
facet normal 0.306034 -0.719546 0.623375
outer loop
vertex 0.064559 -0.019629 -0.027228
vertex 0.060640 -0.016905 -0.022160
vertex 0.059468 -0.022304 -0.027817
endloop
endfacet
facet normal 0.531323 -0.405184 0.743990
outer loop
vertex 0.054536 -0.005917 -0.010338
vertex 0.056745 0.001977 -0.007615
vertex 0.045206 -0.001410 -0.001219
endloop
endfacet
facet normal 0.617203 -0.216988 0.756291
outer loop
vertex 0.056745 0.001977 -0.007615
vertex 0.067966 0.004039 -0.016181
vertex 0.038401 0.009486 0.009509
endloop
endfacet
facet normal 0.649008 -0.055865 0.758728
outer loop
vertex 0.067966 0.004039 -0.016181
vertex 0.062587 0.011406 -0.011038
vertex 0.038401 0.009486 0.009509
endloop
endfacet
facet normal 0.226604 -0.973955 0.007927
outer loop
vertex -0.031909 -0.021565 0.010612
vertex -0.036440 -0.022655 0.006291
vertex -0.031269 -0.021432 0.008726
endloop
endfacet
facet normal -0.364296 -0.737986 0.568036
outer loop
vertex -0.043773 -0.022413 0.001902
vertex -0.036440 -0.022655 0.006291
vertex -0.031909 -0.021565 0.010612
endloop
endfacet
facet normal -0.470208 -0.545730 0.693601
outer loop
vertex -0.043773 -0.022413 0.001902
vertex -0.031909 -0.021565 0.010612
vertex -0.034222 -0.018796 0.011223
endloop
endfacet
facet normal 0.790516 -0.096973 0.604715
outer loop
vertex 0.067966 0.004039 -0.016181
vertex 0.069496 -0.007092 -0.019967
vertex 0.069739 -0.002988 -0.019627
endloop
endfacet
facet normal 0.491262 -0.654758 0.574417
outer loop
vertex 0.064559 -0.019629 -0.027228
vertex 0.068103 -0.015191 -0.025202
vertex 0.066620 -0.013361 -0.021847
endloop
endfacet
facet normal 0.676497 -0.478255 0.560021
outer loop
vertex 0.069496 -0.007092 -0.019967
vertex 0.066620 -0.013361 -0.021847
vertex 0.068103 -0.015191 -0.025202
endloop
endfacet
facet normal 0.979700 -0.041768 -0.196072
outer loop
vertex 0.068103 -0.015191 -0.025202
vertex 0.069739 -0.002988 -0.019627
vertex 0.069496 -0.007092 -0.019967
endloop
endfacet
facet normal -0.013883 0.424561 -0.905293
outer loop
vertex 0.068103 -0.015191 -0.025202
vertex 0.064559 -0.019629 -0.027228
vertex 0.067966 0.004039 -0.016181
endloop
endfacet
facet normal -0.078350 0.422916 -0.902775
outer loop
vertex 0.067966 0.004039 -0.016181
vertex 0.069739 -0.002988 -0.019627
vertex 0.068103 -0.015191 -0.025202
endloop
endfacet
facet normal 0.063841 -0.674177 -0.735806
outer loop
vertex -0.020143 0.012705 -0.019363
vertex -0.024228 0.008242 -0.015628
vertex -0.032795 0.016342 -0.023792
endloop
endfacet
facet normal 0.290438 -0.621918 -0.727230
outer loop
vertex -0.036958 0.006176 -0.015244
vertex -0.031743 -0.007481 -0.001482
vertex -0.037148 -0.002832 -0.007616
endloop
endfacet
facet normal 0.381135 -0.434455 -0.816079
outer loop
vertex -0.040394 -0.013242 -0.001402
vertex -0.043773 -0.022413 0.001902
vertex -0.050969 -0.019977 -0.002755
endloop
endfacet
facet normal 0.292612 -0.413593 -0.862159
outer loop
vertex -0.048591 -0.007199 -0.008444
vertex -0.057563 -0.016004 -0.007265
vertex -0.066728 -0.006791 -0.014795
endloop
endfacet
facet normal 0.095983 -0.485449 -0.868980
outer loop
vertex -0.064527 0.019699 -0.027096
vertex -0.057229 0.022670 -0.027950
vertex -0.052115 0.010932 -0.020827
endloop
endfacet
facet normal 0.015277 -0.513805 -0.857771
outer loop
vertex -0.057229 0.022670 -0.027950
vertex -0.042972 0.020178 -0.026203
vertex -0.052115 0.010932 -0.020827
endloop
endfacet
facet normal -0.053742 -0.629660 -0.775010
outer loop
vertex -0.042972 0.020178 -0.026203
vertex -0.032795 0.016342 -0.023792
vertex -0.036958 0.006176 -0.015244
endloop
endfacet
facet normal 0.090282 -0.689599 -0.718542
outer loop
vertex -0.036958 0.006176 -0.015244
vertex -0.024228 0.008242 -0.015628
vertex -0.031743 -0.007481 -0.001482
endloop
endfacet
facet normal 0.084900 -0.661394 -0.745218
outer loop
vertex -0.036958 0.006176 -0.015244
vertex -0.032795 0.016342 -0.023792
vertex -0.024228 0.008242 -0.015628
endloop
endfacet
facet normal 0.355280 -0.544099 -0.760087
outer loop
vertex -0.031269 -0.021432 0.008726
vertex -0.040394 -0.013242 -0.001402
vertex -0.031743 -0.007481 -0.001482
endloop
endfacet
facet normal 0.466115 -0.378368 -0.799734
outer loop
vertex -0.036440 -0.022655 0.006291
vertex -0.043773 -0.022413 0.001902
vertex -0.031269 -0.021432 0.008726
endloop
endfacet
facet normal 0.190167 -0.636755 -0.747248
outer loop
vertex -0.037148 -0.002832 -0.007616
vertex -0.052566 0.000137 -0.014070
vertex -0.036958 0.006176 -0.015244
endloop
endfacet
facet normal 0.151875 -0.528985 -0.834930
outer loop
vertex -0.064729 0.008617 -0.021656
vertex -0.052115 0.010932 -0.020827
vertex -0.052566 0.000137 -0.014070
endloop
endfacet
facet normal 0.114316 -0.581389 -0.805555
outer loop
vertex -0.036958 0.006176 -0.015244
vertex -0.052115 0.010932 -0.020827
vertex -0.042972 0.020178 -0.026203
endloop
endfacet
facet normal 0.381044 -0.434285 -0.816212
outer loop
vertex -0.048591 -0.007199 -0.008444
vertex -0.040394 -0.013242 -0.001402
vertex -0.050969 -0.019977 -0.002755
endloop
endfacet
facet normal 0.315377 -0.434323 -0.843742
outer loop
vertex -0.050969 -0.019977 -0.002755
vertex -0.057563 -0.016004 -0.007265
vertex -0.048591 -0.007199 -0.008444
endloop
endfacet
facet normal 0.279413 -0.484424 -0.829013
outer loop
vertex -0.048591 -0.007199 -0.008444
vertex -0.066728 -0.006791 -0.014795
vertex -0.052566 0.000137 -0.014070
endloop
endfacet
facet normal 0.250442 -0.420709 -0.871942
outer loop
vertex -0.064729 0.008617 -0.021656
vertex -0.052566 0.000137 -0.014070
vertex -0.066728 -0.006791 -0.014795
endloop
endfacet
facet normal 0.365010 -0.558498 -0.744881
outer loop
vertex -0.031743 -0.007481 -0.001482
vertex -0.040394 -0.013242 -0.001402
vertex -0.037148 -0.002832 -0.007616
endloop
endfacet
facet normal 0.268438 -0.554113 -0.787972
outer loop
vertex -0.040394 -0.013242 -0.001402
vertex -0.048591 -0.007199 -0.008444
vertex -0.037148 -0.002832 -0.007616
endloop
endfacet
facet normal 0.455541 -0.445527 -0.770706
outer loop
vertex -0.040394 -0.013242 -0.001402
vertex -0.031269 -0.021432 0.008726
vertex -0.043773 -0.022413 0.001902
endloop
endfacet
facet normal 0.250731 -0.499935 -0.828975
outer loop
vertex -0.052566 0.000137 -0.014070
vertex -0.037148 -0.002832 -0.007616
vertex -0.048591 -0.007199 -0.008444
endloop
endfacet
facet normal 0.141954 -0.529470 -0.836367
outer loop
vertex -0.052115 0.010932 -0.020827
vertex -0.036958 0.006176 -0.015244
vertex -0.052566 0.000137 -0.014070
endloop
endfacet
facet normal 0.138751 -0.438480 -0.887966
outer loop
vertex -0.064729 0.008617 -0.021656
vertex -0.064527 0.019699 -0.027096
vertex -0.052115 0.010932 -0.020827
endloop
endfacet
facet normal 0.714876 -0.358792 -0.600183
outer loop
vertex 0.013118 0.018346 -0.018867
vertex 0.017130 0.032473 -0.022535
vertex 0.013508 0.016879 -0.017527
endloop
endfacet
facet normal 0.902768 -0.151866 0.402425
outer loop
vertex 0.021675 0.047918 -0.026903
vertex 0.017130 0.032473 -0.022535
vertex 0.013118 0.018346 -0.018867
endloop
endfacet
facet normal -0.310888 -0.238717 -0.919980
outer loop
vertex 0.013118 0.018346 -0.018867
vertex 0.012425 0.020804 -0.019271
vertex 0.016796 0.034047 -0.024185
endloop
endfacet
facet normal 0.717626 -0.368267 -0.591094
outer loop
vertex 0.013118 0.018346 -0.018867
vertex 0.016796 0.034047 -0.024185
vertex 0.021675 0.047918 -0.026903
endloop
endfacet
facet normal -0.433934 -0.380676 -0.816570
outer loop
vertex -0.013113 0.040065 -0.001319
vertex -0.022408 0.043782 0.001887
vertex -0.019978 0.050968 -0.002755
endloop
endfacet
facet normal -0.410857 -0.295729 -0.862404
outer loop
vertex -0.007403 0.047437 -0.007890
vertex -0.016004 0.057563 -0.007265
vertex -0.006790 0.066730 -0.014798
endloop
endfacet
facet normal -0.518440 -0.044515 -0.853954
outer loop
vertex 0.022618 0.056100 -0.027902
vertex 0.021675 0.047918 -0.026903
vertex 0.014255 0.045702 -0.022283
endloop
endfacet
facet normal -0.702048 -0.129983 -0.700166
outer loop
vertex -0.001741 0.035071 -0.007715
vertex 0.012425 0.020804 -0.019271
vertex -0.007012 0.031961 -0.001853
endloop
endfacet
facet normal -0.533127 0.021750 -0.845755
outer loop
vertex 0.016796 0.034047 -0.024185
vertex 0.014255 0.045702 -0.022283
vertex 0.021675 0.047918 -0.026903
endloop
endfacet
facet normal -0.541315 -0.357439 -0.761062
outer loop
vertex -0.021512 0.031241 0.008799
vertex -0.013113 0.040065 -0.001319
vertex -0.007012 0.031961 -0.001853
endloop
endfacet
facet normal -0.374118 -0.467975 -0.800646
outer loop
vertex -0.022657 0.036462 0.006282
vertex -0.022408 0.043782 0.001887
vertex -0.021512 0.031241 0.008799
endloop
endfacet
facet normal -0.439461 -0.383586 -0.812241
outer loop
vertex -0.007403 0.047437 -0.007890
vertex -0.013113 0.040065 -0.001319
vertex -0.019978 0.050968 -0.002755
endloop
endfacet
facet normal -0.433444 -0.316054 -0.843941
outer loop
vertex -0.019978 0.050968 -0.002755
vertex -0.016004 0.057563 -0.007265
vertex -0.007403 0.047437 -0.007890
endloop
endfacet
facet normal -0.471098 -0.284039 -0.835098
outer loop
vertex -0.007403 0.047437 -0.007890
vertex -0.006790 0.066730 -0.014798
vertex 0.002967 0.055766 -0.016573
endloop
endfacet
facet normal -0.384951 -0.196589 -0.901757
outer loop
vertex 0.003219 0.069728 -0.019725
vertex 0.002967 0.055766 -0.016573
vertex -0.006790 0.066730 -0.014798
endloop
endfacet
facet normal -0.559243 -0.166525 -0.812106
outer loop
vertex 0.006499 0.041167 -0.016012
vertex 0.002967 0.055766 -0.016573
vertex 0.014255 0.045702 -0.022283
endloop
endfacet
facet normal -0.575109 -0.385483 -0.721563
outer loop
vertex -0.007012 0.031961 -0.001853
vertex -0.013113 0.040065 -0.001319
vertex -0.001741 0.035071 -0.007715
endloop
endfacet
facet normal -0.558820 -0.266976 -0.785140
outer loop
vertex -0.013113 0.040065 -0.001319
vertex -0.007403 0.047437 -0.007890
vertex -0.001741 0.035071 -0.007715
endloop
endfacet
facet normal -0.447697 -0.455912 -0.769228
outer loop
vertex -0.013113 0.040065 -0.001319
vertex -0.021512 0.031241 0.008799
vertex -0.022408 0.043782 0.001887
endloop
endfacet
facet normal -0.574240 -0.273842 -0.771531
outer loop
vertex 0.006499 0.041167 -0.016012
vertex -0.001741 0.035071 -0.007715
vertex -0.007403 0.047437 -0.007890
endloop
endfacet
facet normal -0.551933 -0.164961 -0.817410
outer loop
vertex -0.007403 0.047437 -0.007890
vertex 0.002967 0.055766 -0.016573
vertex 0.006499 0.041167 -0.016012
endloop
endfacet
facet normal -0.677226 -0.080031 -0.731409
outer loop
vertex 0.006499 0.041167 -0.016012
vertex 0.012425 0.020804 -0.019271
vertex -0.001741 0.035071 -0.007715
endloop
endfacet
facet normal -0.648403 -0.067336 -0.758313
outer loop
vertex 0.016796 0.034047 -0.024185
vertex 0.012425 0.020804 -0.019271
vertex 0.006499 0.041167 -0.016012
endloop
endfacet
facet normal -0.625487 -0.009085 -0.780182
outer loop
vertex 0.006499 0.041167 -0.016012
vertex 0.014255 0.045702 -0.022283
vertex 0.016796 0.034047 -0.024185
endloop
endfacet
facet normal -0.498667 -0.069116 -0.864034
outer loop
vertex 0.021545 0.061453 -0.027750
vertex 0.014255 0.045702 -0.022283
vertex 0.002967 0.055766 -0.016573
endloop
endfacet
facet normal -0.491305 -0.073849 -0.867851
outer loop
vertex 0.022618 0.056100 -0.027902
vertex 0.014255 0.045702 -0.022283
vertex 0.021545 0.061453 -0.027750
endloop
endfacet
facet normal -0.463733 -0.187093 -0.865995
outer loop
vertex 0.003219 0.069728 -0.019725
vertex 0.021545 0.061453 -0.027750
vertex 0.002967 0.055766 -0.016573
endloop
endfacet
facet normal 0.044328 0.979606 -0.195979
outer loop
vertex 0.014832 0.068174 -0.024865
vertex 0.003219 0.069728 -0.019725
vertex 0.009244 0.069217 -0.020912
endloop
endfacet
facet normal -0.406209 -0.013450 -0.913681
outer loop
vertex 0.021545 0.061453 -0.027750
vertex 0.003219 0.069728 -0.019725
vertex 0.014832 0.068174 -0.024865
endloop
endfacet
facet normal 0.022915 0.819749 0.572264
outer loop
vertex -0.000768 0.067191 -0.015699
vertex 0.004114 0.068821 -0.018230
vertex -0.006790 0.066730 -0.014798
endloop
endfacet
facet normal -0.000612 0.854838 0.518895
outer loop
vertex -0.006790 0.066730 -0.014798
vertex 0.004114 0.068821 -0.018230
vertex 0.003219 0.069728 -0.019725
endloop
endfacet
facet normal 0.704240 0.478021 0.524921
outer loop
vertex 0.021545 0.061453 -0.027750
vertex 0.014832 0.068174 -0.024865
vertex 0.018035 0.062390 -0.023894
endloop
endfacet
facet normal 0.477867 0.734591 0.481684
outer loop
vertex 0.013492 0.067619 -0.022689
vertex 0.014832 0.068174 -0.024865
vertex 0.009244 0.069217 -0.020912
endloop
endfacet
facet normal 0.690557 0.474030 0.546285
outer loop
vertex 0.018035 0.062390 -0.023894
vertex 0.014832 0.068174 -0.024865
vertex 0.013492 0.067619 -0.022689
endloop
endfacet
facet normal 0.161462 0.883678 0.439366
outer loop
vertex 0.009244 0.069217 -0.020912
vertex 0.003219 0.069728 -0.019725
vertex 0.004114 0.068821 -0.018230
endloop
endfacet
facet normal 0.433778 0.574696 0.693946
outer loop
vertex -0.002495 0.048243 -0.001010
vertex -0.004917 0.037709 0.009227
vertex 0.000168 0.037248 0.006430
endloop
endfacet
facet normal -0.334952 0.588540 0.735818
outer loop
vertex -0.022408 0.043782 0.001887
vertex -0.015264 0.036721 0.010787
vertex -0.019978 0.050968 -0.002755
endloop
endfacet
facet normal -0.211924 0.635525 0.742426
outer loop
vertex -0.015264 0.036721 0.010787
vertex -0.016004 0.057563 -0.007265
vertex -0.019978 0.050968 -0.002755
endloop
endfacet
facet normal -0.041601 0.658941 0.751043
outer loop
vertex -0.016004 0.057563 -0.007265
vertex -0.011293 0.038229 0.009959
vertex -0.006790 0.066730 -0.014798
endloop
endfacet
facet normal 0.988618 -0.121857 0.088238
outer loop
vertex 0.013616 0.021536 -0.012310
vertex 0.013508 0.016879 -0.017527
vertex 0.015829 0.035488 -0.017839
endloop
endfacet
facet normal 0.937027 -0.111356 0.331031
outer loop
vertex 0.013508 0.016879 -0.017527
vertex 0.017130 0.032473 -0.022535
vertex 0.015829 0.035488 -0.017839
endloop
endfacet
facet normal 0.917125 -0.167627 0.361640
outer loop
vertex 0.017130 0.032473 -0.022535
vertex 0.021675 0.047918 -0.026903
vertex 0.015829 0.035488 -0.017839
endloop
endfacet
facet normal 0.854516 -0.035199 0.518231
outer loop
vertex 0.021675 0.047918 -0.026903
vertex 0.022618 0.056100 -0.027902
vertex 0.015052 0.044066 -0.016244
endloop
endfacet
facet normal 0.915139 0.014478 0.402877
outer loop
vertex 0.015829 0.035488 -0.017839
vertex 0.012015 0.034736 -0.009148
vertex 0.013616 0.021536 -0.012310
endloop
endfacet
facet normal 0.847247 0.281499 0.450479
outer loop
vertex 0.012015 0.034736 -0.009148
vertex 0.008691 0.032361 -0.001412
vertex 0.011109 0.027825 -0.003126
endloop
endfacet
facet normal 0.915410 0.008081 0.402442
outer loop
vertex 0.012015 0.034736 -0.009148
vertex 0.015829 0.035488 -0.017839
vertex 0.015052 0.044066 -0.016244
endloop
endfacet
facet normal 0.700867 0.336684 0.628832
outer loop
vertex 0.008691 0.032361 -0.001412
vertex 0.010287 0.045021 -0.009969
vertex 0.003994 0.043702 -0.002250
endloop
endfacet
facet normal 0.703608 0.329122 0.629774
outer loop
vertex 0.003994 0.043702 -0.002250
vertex 0.010287 0.045021 -0.009969
vertex 0.006605 0.053093 -0.010074
endloop
endfacet
facet normal 0.849361 0.378879 0.367474
outer loop
vertex 0.003994 0.043702 -0.002250
vertex 0.006989 0.032549 0.002328
vertex 0.008691 0.032361 -0.001412
endloop
endfacet
facet normal 0.516722 0.562159 0.645736
outer loop
vertex 0.003994 0.043702 -0.002250
vertex -0.002495 0.048243 -0.001010
vertex 0.000168 0.037248 0.006430
endloop
endfacet
facet normal 0.138167 0.673753 0.725925
outer loop
vertex -0.004917 0.037709 0.009227
vertex -0.002495 0.048243 -0.001010
vertex -0.011293 0.038229 0.009959
endloop
endfacet
facet normal -0.357618 0.570278 0.739522
outer loop
vertex -0.020371 0.032749 0.011380
vertex -0.015264 0.036721 0.010787
vertex -0.022408 0.043782 0.001887
endloop
endfacet
facet normal 0.852435 -0.019935 0.522453
outer loop
vertex 0.015829 0.035488 -0.017839
vertex 0.021675 0.047918 -0.026903
vertex 0.015052 0.044066 -0.016244
endloop
endfacet
facet normal 0.799412 0.115989 0.589481
outer loop
vertex 0.010287 0.045021 -0.009969
vertex 0.015052 0.044066 -0.016244
vertex 0.018035 0.062390 -0.023894
endloop
endfacet
facet normal 0.481667 0.433204 0.761795
outer loop
vertex 0.009244 0.069217 -0.020912
vertex 0.006605 0.053093 -0.010074
vertex 0.013492 0.067619 -0.022689
endloop
endfacet
facet normal 0.472223 0.471554 0.744743
outer loop
vertex -0.002495 0.048243 -0.001010
vertex 0.003994 0.043702 -0.002250
vertex 0.004114 0.068821 -0.018230
endloop
endfacet
facet normal 0.379336 0.472587 0.795466
outer loop
vertex 0.004114 0.068821 -0.018230
vertex 0.006605 0.053093 -0.010074
vertex 0.009244 0.069217 -0.020912
endloop
endfacet
facet normal 0.310884 0.564458 0.764682
outer loop
vertex -0.011293 0.038229 0.009959
vertex -0.002495 0.048243 -0.001010
vertex -0.000768 0.067191 -0.015699
endloop
endfacet
facet normal -0.089596 0.650253 0.754416
outer loop
vertex -0.011293 0.038229 0.009959
vertex -0.016004 0.057563 -0.007265
vertex -0.015264 0.036721 0.010787
endloop
endfacet
facet normal 0.988794 0.091699 0.117802
outer loop
vertex 0.012726 0.024896 -0.007457
vertex 0.013616 0.021536 -0.012310
vertex 0.012015 0.034736 -0.009148
endloop
endfacet
facet normal 0.953701 0.116576 0.277245
outer loop
vertex 0.011109 0.027825 -0.003126
vertex 0.012726 0.024896 -0.007457
vertex 0.012015 0.034736 -0.009148
endloop
endfacet
facet normal 0.796365 0.179910 0.577439
outer loop
vertex 0.015052 0.044066 -0.016244
vertex 0.010287 0.045021 -0.009969
vertex 0.012015 0.034736 -0.009148
endloop
endfacet
facet normal 0.881665 0.182876 0.434998
outer loop
vertex 0.008691 0.032361 -0.001412
vertex 0.012015 0.034736 -0.009148
vertex 0.010287 0.045021 -0.009969
endloop
endfacet
facet normal 0.664041 0.429497 0.612031
outer loop
vertex 0.003994 0.043702 -0.002250
vertex 0.000168 0.037248 0.006430
vertex 0.006989 0.032549 0.002328
endloop
endfacet
facet normal 0.748966 0.147763 0.645923
outer loop
vertex 0.021545 0.061453 -0.027750
vertex 0.018035 0.062390 -0.023894
vertex 0.015052 0.044066 -0.016244
endloop
endfacet
facet normal 0.761893 0.134738 0.633534
outer loop
vertex 0.021545 0.061453 -0.027750
vertex 0.015052 0.044066 -0.016244
vertex 0.022618 0.056100 -0.027902
endloop
endfacet
facet normal 0.628651 0.296088 0.719117
outer loop
vertex 0.010287 0.045021 -0.009969
vertex 0.018035 0.062390 -0.023894
vertex 0.006605 0.053093 -0.010074
endloop
endfacet
facet normal 0.593580 0.348528 0.725390
outer loop
vertex 0.006605 0.053093 -0.010074
vertex 0.018035 0.062390 -0.023894
vertex 0.013492 0.067619 -0.022689
endloop
endfacet
facet normal 0.520300 0.456633 0.721647
outer loop
vertex 0.006605 0.053093 -0.010074
vertex 0.004114 0.068821 -0.018230
vertex 0.003994 0.043702 -0.002250
endloop
endfacet
facet normal 0.209378 0.587107 0.781963
outer loop
vertex -0.002495 0.048243 -0.001010
vertex 0.004114 0.068821 -0.018230
vertex -0.000768 0.067191 -0.015699
endloop
endfacet
facet normal 0.063844 0.648665 0.758391
outer loop
vertex -0.000768 0.067191 -0.015699
vertex -0.006790 0.066730 -0.014798
vertex -0.011293 0.038229 0.009959
endloop
endfacet
facet normal -0.662773 0.431831 0.611763
outer loop
vertex -0.022657 0.036462 0.006282
vertex -0.021712 0.030491 0.011520
vertex -0.020371 0.032749 0.011380
endloop
endfacet
facet normal -0.949107 -0.278774 -0.146566
outer loop
vertex -0.021712 0.030491 0.011520
vertex -0.022657 0.036462 0.006282
vertex -0.021512 0.031241 0.008799
endloop
endfacet
facet normal -0.707404 0.381418 0.595063
outer loop
vertex -0.022408 0.043782 0.001887
vertex -0.022657 0.036462 0.006282
vertex -0.020371 0.032749 0.011380
endloop
endfacet
facet normal -0.819755 0.022913 0.572256
outer loop
vertex -0.067191 -0.000768 -0.015699
vertex -0.068821 0.004114 -0.018230
vertex -0.066728 -0.006791 -0.014795
endloop
endfacet
facet normal -0.839432 0.010032 0.543372
outer loop
vertex -0.066728 -0.006791 -0.014795
vertex -0.068821 0.004114 -0.018230
vertex -0.069741 0.002997 -0.019631
endloop
endfacet
facet normal -0.538480 0.647322 0.539457
outer loop
vertex -0.064527 0.019699 -0.027096
vertex -0.068084 0.015134 -0.025169
vertex -0.067585 0.013379 -0.022566
endloop
endfacet
facet normal -0.743588 0.479732 0.465762
outer loop
vertex -0.067585 0.013379 -0.022566
vertex -0.068084 0.015134 -0.025169
vertex -0.069217 0.009244 -0.020912
endloop
endfacet
facet normal -0.879653 0.165235 0.445990
outer loop
vertex -0.069217 0.009244 -0.020912
vertex -0.069741 0.002997 -0.019631
vertex -0.068821 0.004114 -0.018230
endloop
endfacet
facet normal -0.505389 -0.374669 -0.777307
outer loop
vertex -0.012034 -0.013614 -0.019849
vertex -0.007851 -0.014877 -0.021959
vertex -0.009322 -0.015951 -0.020486
endloop
endfacet
facet normal -0.359079 -0.166447 -0.918345
outer loop
vertex -0.012034 -0.013614 -0.019849
vertex -0.009322 -0.015951 -0.020486
vertex -0.011136 -0.017850 -0.019432
endloop
endfacet
facet normal -0.480715 0.314222 -0.818644
outer loop
vertex -0.012718 -0.020108 -0.019369
vertex -0.013497 -0.016592 -0.017563
vertex -0.011136 -0.017850 -0.019432
endloop
endfacet
facet normal -0.832040 -0.016922 -0.554457
outer loop
vertex -0.013497 -0.016592 -0.017563
vertex -0.014740 -0.013951 -0.015777
vertex -0.012034 -0.013614 -0.019849
endloop
endfacet
facet normal -0.673591 -0.212469 -0.707907
outer loop
vertex -0.011136 -0.017850 -0.019432
vertex -0.013497 -0.016592 -0.017563
vertex -0.012034 -0.013614 -0.019849
endloop
endfacet
facet normal -0.930842 -0.277569 -0.237672
outer loop
vertex -0.014740 -0.013951 -0.015777
vertex -0.013497 -0.016592 -0.017563
vertex -0.014963 -0.018386 -0.009724
endloop
endfacet
facet normal -0.953945 -0.199406 -0.224110
outer loop
vertex -0.014963 -0.018386 -0.009724
vertex -0.013497 -0.016592 -0.017563
vertex -0.013682 -0.020781 -0.013049
endloop
endfacet
facet normal 0.387531 -0.920552 0.049021
outer loop
vertex 0.013703 -0.035625 0.013597
vertex 0.018090 -0.033821 0.012782
vertex 0.018843 -0.033285 0.016900
endloop
endfacet
facet normal 0.452163 -0.888862 -0.073983
outer loop
vertex 0.013703 -0.035625 0.013597
vertex 0.018843 -0.033285 0.016900
vertex 0.013308 -0.036156 0.017562
endloop
endfacet
facet normal 0.562277 -0.762484 0.320096
outer loop
vertex 0.014755 -0.037232 0.010514
vertex 0.020384 -0.032690 0.011448
vertex 0.018090 -0.033821 0.012782
endloop
endfacet
facet normal 0.404997 -0.746694 0.527660
outer loop
vertex 0.014755 -0.037232 0.010514
vertex 0.018090 -0.033821 0.012782
vertex 0.013703 -0.035625 0.013597
endloop
endfacet
facet normal -0.106181 -0.994219 -0.015950
outer loop
vertex 0.006728 -0.036902 0.015327
vertex 0.001884 -0.036352 0.013256
vertex 0.008717 -0.037064 0.012185
endloop
endfacet
facet normal -0.348828 -0.934648 0.068931
outer loop
vertex 0.001884 -0.036352 0.013256
vertex -0.001316 -0.035477 0.008924
vertex 0.005094 -0.037862 0.009018
endloop
endfacet
facet normal -0.306406 -0.803345 0.510639
outer loop
vertex 0.005094 -0.037862 0.009018
vertex -0.001316 -0.035477 0.008924
vertex 0.002111 -0.038088 0.006873
endloop
endfacet
facet normal -0.484723 -0.836633 0.255125
outer loop
vertex -0.001316 -0.035477 0.008924
vertex -0.002154 -0.036042 0.005479
vertex 0.002111 -0.038088 0.006873
endloop
endfacet
facet normal -0.373373 -0.871115 -0.318984
outer loop
vertex -0.009281 -0.030674 0.005130
vertex -0.001316 -0.035477 0.008924
vertex -0.005000 -0.034401 0.010297
endloop
endfacet
facet normal -0.600310 -0.799091 -0.032880
outer loop
vertex -0.009579 -0.030256 0.000410
vertex -0.002154 -0.036042 0.005479
vertex -0.009281 -0.030674 0.005130
endloop
endfacet
facet normal -0.768664 -0.572783 0.284737
outer loop
vertex -0.008955 -0.032218 -0.001854
vertex -0.004798 -0.036025 0.001712
vertex -0.009579 -0.030256 0.000410
endloop
endfacet
facet normal -0.949310 -0.191089 0.249593
outer loop
vertex -0.009579 -0.030256 0.000410
vertex -0.012726 -0.024896 -0.007457
vertex -0.011450 -0.029007 -0.005749
endloop
endfacet
facet normal 0.150906 -0.981665 -0.116453
outer loop
vertex 0.013308 -0.036156 0.017562
vertex 0.006728 -0.036902 0.015327
vertex 0.013703 -0.035625 0.013597
endloop
endfacet
facet normal 0.222266 -0.956284 0.190047
outer loop
vertex 0.013703 -0.035625 0.013597
vertex 0.006728 -0.036902 0.015327
vertex 0.008717 -0.037064 0.012185
endloop
endfacet
facet normal 0.111273 -0.865082 0.489134
outer loop
vertex 0.013703 -0.035625 0.013597
vertex 0.008717 -0.037064 0.012185
vertex 0.014755 -0.037232 0.010514
endloop
endfacet
facet normal 0.105203 -0.877221 0.468418
outer loop
vertex 0.008717 -0.037064 0.012185
vertex 0.009486 -0.038401 0.009509
vertex 0.014755 -0.037232 0.010514
endloop
endfacet
facet normal -0.276835 -0.960861 0.010456
outer loop
vertex -0.001316 -0.035477 0.008924
vertex 0.001884 -0.036352 0.013256
vertex -0.005000 -0.034401 0.010297
endloop
endfacet
facet normal -0.052365 -0.952543 0.299866
outer loop
vertex 0.005094 -0.037862 0.009018
vertex 0.008717 -0.037064 0.012185
vertex 0.001884 -0.036352 0.013256
endloop
endfacet
facet normal -0.155851 -0.900846 0.405200
outer loop
vertex 0.005094 -0.037862 0.009018
vertex 0.009486 -0.038401 0.009509
vertex 0.008717 -0.037064 0.012185
endloop
endfacet
facet normal -0.587950 -0.763152 0.268168
outer loop
vertex -0.001316 -0.035477 0.008924
vertex -0.009281 -0.030674 0.005130
vertex -0.002154 -0.036042 0.005479
endloop
endfacet
facet normal -0.825637 -0.564197 0.002143
outer loop
vertex -0.013571 -0.024423 -0.002270
vertex -0.009579 -0.030256 0.000410
vertex -0.009281 -0.030674 0.005130
endloop
endfacet
facet normal -0.718199 -0.481973 0.501889
outer loop
vertex -0.002154 -0.036042 0.005479
vertex -0.009579 -0.030256 0.000410
vertex -0.004798 -0.036025 0.001712
endloop
endfacet
facet normal -0.805669 -0.587241 -0.077748
outer loop
vertex -0.012726 -0.024896 -0.007457
vertex -0.009579 -0.030256 0.000410
vertex -0.013571 -0.024423 -0.002270
endloop
endfacet
facet normal -0.866811 -0.469439 0.168123
outer loop
vertex -0.011450 -0.029007 -0.005749
vertex -0.008955 -0.032218 -0.001854
vertex -0.009579 -0.030256 0.000410
endloop
endfacet
facet normal -0.925736 -0.359251 -0.118118
outer loop
vertex -0.013571 -0.024423 -0.002270
vertex -0.014963 -0.018386 -0.009724
vertex -0.012726 -0.024896 -0.007457
endloop
endfacet
facet normal -0.929227 -0.355010 -0.102492
outer loop
vertex -0.013682 -0.020781 -0.013049
vertex -0.012726 -0.024896 -0.007457
vertex -0.014963 -0.018386 -0.009724
endloop
endfacet
facet normal 0.866800 -0.307460 -0.392590
outer loop
vertex 0.021509 -0.028652 0.009686
vertex 0.023390 -0.027455 0.012902
vertex 0.021725 -0.030468 0.011587
endloop
endfacet
facet normal 0.993060 -0.004472 -0.117528
outer loop
vertex 0.021453 -0.030393 0.009280
vertex 0.021509 -0.028652 0.009686
vertex 0.021725 -0.030468 0.011587
endloop
endfacet
facet normal 0.680988 -0.731711 -0.029222
outer loop
vertex 0.018843 -0.033285 0.016900
vertex 0.018090 -0.033821 0.012782
vertex 0.022519 -0.029793 0.015124
endloop
endfacet
facet normal 0.554349 -0.779315 0.292173
outer loop
vertex 0.022519 -0.029793 0.015124
vertex 0.018090 -0.033821 0.012782
vertex 0.020384 -0.032690 0.011448
endloop
endfacet
facet normal 0.875838 -0.213115 -0.433002
outer loop
vertex 0.021509 -0.028652 0.009686
vertex 0.021491 -0.025537 0.008116
vertex 0.023390 -0.027455 0.012902
endloop
endfacet
facet normal 0.889955 -0.441189 -0.115470
outer loop
vertex 0.021725 -0.030468 0.011587
vertex 0.023390 -0.027455 0.012902
vertex 0.022519 -0.029793 0.015124
endloop
endfacet
facet normal 0.854796 -0.510310 -0.094383
outer loop
vertex 0.020384 -0.032690 0.011448
vertex 0.021725 -0.030468 0.011587
vertex 0.022519 -0.029793 0.015124
endloop
endfacet
facet normal -0.044619 -0.785726 -0.616963
outer loop
vertex -0.007851 -0.014877 -0.021959
vertex -0.002211 -0.020608 -0.015069
vertex -0.009322 -0.015951 -0.020486
endloop
endfacet
facet normal -0.061833 -0.795509 -0.602778
outer loop
vertex -0.001233 -0.023254 -0.011678
vertex -0.009322 -0.015951 -0.020486
vertex -0.002211 -0.020608 -0.015069
endloop
endfacet
facet normal 0.503526 -0.259746 -0.824010
outer loop
vertex -0.008411 -0.024192 -0.015768
vertex -0.011136 -0.017850 -0.019432
vertex -0.001233 -0.023254 -0.011678
endloop
endfacet
facet normal 0.530126 -0.455296 -0.715313
outer loop
vertex -0.001233 -0.023254 -0.011678
vertex 0.012940 -0.026491 0.000887
vertex 0.005956 -0.028184 -0.003212
endloop
endfacet
facet normal 0.726209 0.133900 -0.674308
outer loop
vertex 0.012940 -0.026491 0.000887
vertex 0.021509 -0.028652 0.009686
vertex 0.021453 -0.030393 0.009280
endloop
endfacet
facet normal 0.544642 0.367015 -0.754099
outer loop
vertex 0.006971 -0.031794 -0.001861
vertex 0.021453 -0.030393 0.009280
vertex 0.013752 -0.037671 0.000176
endloop
endfacet
facet normal 0.233226 -0.632514 -0.738602
outer loop
vertex -0.009322 -0.015951 -0.020486
vertex -0.001233 -0.023254 -0.011678
vertex -0.011136 -0.017850 -0.019432
endloop
endfacet
facet normal 0.415184 -0.314768 -0.853548
outer loop
vertex -0.008411 -0.024192 -0.015768
vertex -0.012718 -0.020108 -0.019369
vertex -0.011136 -0.017850 -0.019432
endloop
endfacet
facet normal 0.471844 -0.526452 -0.707256
outer loop
vertex -0.008411 -0.024192 -0.015768
vertex -0.001233 -0.023254 -0.011678
vertex 0.005956 -0.028184 -0.003212
endloop
endfacet
facet normal 0.637443 -0.106233 -0.763139
outer loop
vertex -0.008411 -0.024192 -0.015768
vertex 0.005956 -0.028184 -0.003212
vertex 0.006971 -0.031794 -0.001861
endloop
endfacet
facet normal 0.532968 -0.418769 -0.735240
outer loop
vertex 0.021453 -0.030393 0.009280
vertex 0.005956 -0.028184 -0.003212
vertex 0.012940 -0.026491 0.000887
endloop
endfacet
facet normal 0.627763 -0.347297 -0.696634
outer loop
vertex 0.021491 -0.025537 0.008116
vertex 0.021509 -0.028652 0.009686
vertex 0.012940 -0.026491 0.000887
endloop
endfacet
facet normal 0.612621 -0.119977 -0.781218
outer loop
vertex 0.005956 -0.028184 -0.003212
vertex 0.021453 -0.030393 0.009280
vertex 0.006971 -0.031794 -0.001861
endloop
endfacet
facet normal -0.782949 -0.586889 0.206280
outer loop
vertex -0.030987 -0.021230 0.015062
vertex -0.033420 -0.018046 0.014887
vertex -0.031909 -0.021565 0.010612
endloop
endfacet
facet normal -0.586254 -0.762647 -0.273268
outer loop
vertex -0.028916 -0.021148 0.009135
vertex -0.027689 -0.023781 0.013850
vertex -0.029082 -0.022447 0.013117
endloop
endfacet
facet normal -0.639333 -0.753145 -0.155003
outer loop
vertex -0.030987 -0.021230 0.015062
vertex -0.029082 -0.022447 0.013117
vertex -0.027689 -0.023781 0.013850
endloop
endfacet
facet normal -0.218921 -0.875054 -0.431687
outer loop
vertex -0.028916 -0.021148 0.009135
vertex -0.025537 -0.021491 0.008116
vertex -0.027689 -0.023781 0.013850
endloop
endfacet
facet normal 0.165521 -0.939558 -0.299721
outer loop
vertex -0.029082 -0.022447 0.013117
vertex -0.031269 -0.021432 0.008726
vertex -0.028916 -0.021148 0.009135
endloop
endfacet
facet normal -0.186718 -0.973489 -0.132118
outer loop
vertex -0.031269 -0.021432 0.008726
vertex -0.029082 -0.022447 0.013117
vertex -0.031909 -0.021565 0.010612
endloop
endfacet
facet normal -0.415824 -0.896385 0.153572
outer loop
vertex -0.029082 -0.022447 0.013117
vertex -0.030987 -0.021230 0.015062
vertex -0.031909 -0.021565 0.010612
endloop
endfacet
facet normal 0.783018 0.586650 0.206702
outer loop
vertex 0.030988 0.021230 0.015064
vertex 0.033420 0.018046 0.014887
vertex 0.031935 0.021555 0.010555
endloop
endfacet
facet normal 0.581962 0.762837 -0.281779
outer loop
vertex 0.028807 0.021184 0.009129
vertex 0.027689 0.023781 0.013850
vertex 0.029082 0.022447 0.013117
endloop
endfacet
facet normal 0.639338 0.753143 -0.154994
outer loop
vertex 0.030988 0.021230 0.015064
vertex 0.029082 0.022447 0.013117
vertex 0.027689 0.023781 0.013850
endloop
endfacet
facet normal 0.215605 0.876254 -0.430920
outer loop
vertex 0.028807 0.021184 0.009129
vertex 0.025537 0.021491 0.008117
vertex 0.027689 0.023781 0.013850
endloop
endfacet
facet normal -0.136832 0.947045 -0.290488
outer loop
vertex 0.029082 0.022447 0.013117
vertex 0.031417 0.021491 0.008898
vertex 0.028807 0.021184 0.009129
endloop
endfacet
facet normal 0.211037 0.971971 -0.103610
outer loop
vertex 0.031417 0.021491 0.008898
vertex 0.029082 0.022447 0.013117
vertex 0.031935 0.021555 0.010555
endloop
endfacet
facet normal 0.416965 0.896099 0.152140
outer loop
vertex 0.029082 0.022447 0.013117
vertex 0.030988 0.021230 0.015064
vertex 0.031935 0.021555 0.010555
endloop
endfacet
facet normal 0.785726 -0.044619 -0.616963
outer loop
vertex 0.014877 -0.007851 -0.021959
vertex 0.020608 -0.002211 -0.015069
vertex 0.015951 -0.009322 -0.020486
endloop
endfacet
facet normal 0.795504 -0.061825 -0.602786
outer loop
vertex 0.023253 -0.001233 -0.011678
vertex 0.015951 -0.009322 -0.020486
vertex 0.020608 -0.002211 -0.015069
endloop
endfacet
facet normal 0.264720 0.501115 -0.823898
outer loop
vertex 0.024228 -0.008242 -0.015628
vertex 0.017853 -0.011130 -0.019432
vertex 0.023253 -0.001233 -0.011678
endloop
endfacet
facet normal 0.455307 0.530125 -0.715307
outer loop
vertex 0.023253 -0.001233 -0.011678
vertex 0.026491 0.012940 0.000887
vertex 0.028184 0.005956 -0.003212
endloop
endfacet
facet normal -0.368407 0.548834 -0.750372
outer loop
vertex 0.031699 0.007054 -0.001799
vertex 0.031417 0.021491 0.008898
vertex 0.037718 0.013798 0.000178
endloop
endfacet
facet normal 0.631708 0.234317 -0.738946
outer loop
vertex 0.015951 -0.009322 -0.020486
vertex 0.023253 -0.001233 -0.011678
vertex 0.017853 -0.011130 -0.019432
endloop
endfacet
facet normal 0.315910 0.422117 -0.849716
outer loop
vertex 0.024228 -0.008242 -0.015628
vertex 0.020147 -0.012702 -0.019361
vertex 0.017853 -0.011130 -0.019432
endloop
endfacet
facet normal 0.526509 0.471800 -0.707243
outer loop
vertex 0.024228 -0.008242 -0.015628
vertex 0.023253 -0.001233 -0.011678
vertex 0.028184 0.005956 -0.003212
endloop
endfacet
facet normal 0.107487 0.637331 -0.763057
outer loop
vertex 0.024228 -0.008242 -0.015628
vertex 0.028184 0.005956 -0.003212
vertex 0.031699 0.007054 -0.001799
endloop
endfacet
facet normal 0.528673 0.521268 -0.669913
outer loop
vertex 0.028807 0.021184 0.009129
vertex 0.028184 0.005956 -0.003212
vertex 0.026491 0.012940 0.000887
endloop
endfacet
facet normal 0.281820 0.637628 -0.716943
outer loop
vertex 0.025537 0.021491 0.008117
vertex 0.028807 0.021184 0.009129
vertex 0.026491 0.012940 0.000887
endloop
endfacet
facet normal 0.116516 0.622439 -0.773947
outer loop
vertex 0.028184 0.005956 -0.003212
vertex 0.028807 0.021184 0.009129
vertex 0.031699 0.007054 -0.001799
endloop
endfacet
facet normal -0.139629 0.587763 -0.796893
outer loop
vertex 0.031417 0.021491 0.008898
vertex 0.031699 0.007054 -0.001799
vertex 0.028807 0.021184 0.009129
endloop
endfacet
facet normal 0.374668 -0.505389 -0.777307
outer loop
vertex 0.013614 -0.012034 -0.019849
vertex 0.014877 -0.007851 -0.021959
vertex 0.015951 -0.009322 -0.020486
endloop
endfacet
facet normal 0.166739 -0.359297 -0.918207
outer loop
vertex 0.013614 -0.012034 -0.019849
vertex 0.015951 -0.009322 -0.020486
vertex 0.017853 -0.011130 -0.019432
endloop
endfacet
facet normal -0.306210 -0.484200 -0.819625
outer loop
vertex 0.020147 -0.012702 -0.019361
vertex 0.016612 -0.013493 -0.017573
vertex 0.017853 -0.011130 -0.019432
endloop
endfacet
facet normal 0.015975 -0.832089 -0.554412
outer loop
vertex 0.016612 -0.013493 -0.017573
vertex 0.013951 -0.014740 -0.015777
vertex 0.013614 -0.012034 -0.019849
endloop
endfacet
facet normal 0.212796 -0.670891 -0.710368
outer loop
vertex 0.017853 -0.011130 -0.019432
vertex 0.016612 -0.013493 -0.017573
vertex 0.013614 -0.012034 -0.019849
endloop
endfacet
facet normal 0.199754 -0.953933 -0.223854
outer loop
vertex 0.020781 -0.013682 -0.013049
vertex 0.018386 -0.014963 -0.009724
vertex 0.016612 -0.013493 -0.017573
endloop
endfacet
facet normal 0.276610 -0.931302 -0.236987
outer loop
vertex 0.016612 -0.013493 -0.017573
vertex 0.018386 -0.014963 -0.009724
vertex 0.013951 -0.014740 -0.015777
endloop
endfacet
facet normal 0.707132 0.648179 0.282540
outer loop
vertex 0.031935 0.021555 0.010555
vertex 0.033420 0.018046 0.014887
vertex 0.034220 0.018746 0.011281
endloop
endfacet
facet normal 0.794221 0.602178 0.081214
outer loop
vertex 0.033420 0.018046 0.014887
vertex 0.030988 0.021230 0.015064
vertex 0.035852 0.014463 0.017673
endloop
endfacet
facet normal 0.872425 0.456612 -0.174300
outer loop
vertex 0.035640 0.013431 0.013907
vertex 0.033420 0.018046 0.014887
vertex 0.035852 0.014463 0.017673
endloop
endfacet
facet normal 0.889049 0.370437 0.269011
outer loop
vertex 0.035640 0.013431 0.013907
vertex 0.034220 0.018746 0.011281
vertex 0.033420 0.018046 0.014887
endloop
endfacet
facet normal 0.733468 0.448359 0.510880
outer loop
vertex 0.037256 0.014634 0.010531
vertex 0.034220 0.018746 0.011281
vertex 0.035640 0.013431 0.013907
endloop
endfacet
facet normal 0.994175 -0.107258 -0.010599
outer loop
vertex 0.036901 0.006774 0.015327
vertex 0.036352 0.001884 0.013256
vertex 0.037081 0.008752 0.012123
endloop
endfacet
facet normal 0.934648 -0.348828 0.068930
outer loop
vertex 0.036352 0.001884 0.013256
vertex 0.035477 -0.001316 0.008924
vertex 0.037862 0.005094 0.009018
endloop
endfacet
facet normal 0.803344 -0.306406 0.510640
outer loop
vertex 0.037862 0.005094 0.009018
vertex 0.035477 -0.001316 0.008924
vertex 0.038088 0.002111 0.006873
endloop
endfacet
facet normal 0.836633 -0.484723 0.255125
outer loop
vertex 0.035477 -0.001316 0.008924
vertex 0.036042 -0.002154 0.005479
vertex 0.038088 0.002111 0.006873
endloop
endfacet
facet normal 0.871115 -0.373373 -0.318985
outer loop
vertex 0.030674 -0.009281 0.005130
vertex 0.035477 -0.001316 0.008924
vertex 0.034401 -0.005000 0.010297
endloop
endfacet
facet normal 0.799091 -0.600310 -0.032879
outer loop
vertex 0.030256 -0.009579 0.000410
vertex 0.036042 -0.002154 0.005479
vertex 0.030674 -0.009281 0.005130
endloop
endfacet
facet normal 0.572783 -0.768664 0.284736
outer loop
vertex 0.032218 -0.008955 -0.001854
vertex 0.036025 -0.004798 0.001712
vertex 0.030256 -0.009579 0.000410
endloop
endfacet
facet normal 0.191603 -0.949299 0.249237
outer loop
vertex 0.030256 -0.009579 0.000410
vertex 0.024896 -0.012726 -0.007457
vertex 0.029096 -0.011457 -0.005852
endloop
endfacet
facet normal 0.981262 0.164511 -0.100304
outer loop
vertex 0.035852 0.014463 0.017673
vertex 0.036901 0.006774 0.015327
vertex 0.035640 0.013431 0.013907
endloop
endfacet
facet normal 0.956314 0.221806 0.190437
outer loop
vertex 0.035640 0.013431 0.013907
vertex 0.036901 0.006774 0.015327
vertex 0.037081 0.008752 0.012123
endloop
endfacet
facet normal 0.883720 0.097530 0.457740
outer loop
vertex 0.035640 0.013431 0.013907
vertex 0.037081 0.008752 0.012123
vertex 0.037256 0.014634 0.010531
endloop
endfacet
facet normal 0.876194 0.101389 0.471174
outer loop
vertex 0.037081 0.008752 0.012123
vertex 0.038401 0.009486 0.009509
vertex 0.037256 0.014634 0.010531
endloop
endfacet
facet normal 0.960861 -0.276835 0.010454
outer loop
vertex 0.035477 -0.001316 0.008924
vertex 0.036352 0.001884 0.013256
vertex 0.034401 -0.005000 0.010297
endloop
endfacet
facet normal 0.952401 -0.051509 0.300464
outer loop
vertex 0.037862 0.005094 0.009018
vertex 0.037081 0.008752 0.012123
vertex 0.036352 0.001884 0.013256
endloop
endfacet
facet normal 0.898555 -0.156125 0.410151
outer loop
vertex 0.037862 0.005094 0.009018
vertex 0.038401 0.009486 0.009509
vertex 0.037081 0.008752 0.012123
endloop
endfacet
facet normal 0.763152 -0.587949 0.268168
outer loop
vertex 0.035477 -0.001316 0.008924
vertex 0.030674 -0.009281 0.005130
vertex 0.036042 -0.002154 0.005479
endloop
endfacet
facet normal 0.564197 -0.825637 0.002143
outer loop
vertex 0.024423 -0.013571 -0.002270
vertex 0.030256 -0.009579 0.000410
vertex 0.030674 -0.009281 0.005130
endloop
endfacet
facet normal 0.481973 -0.718199 0.501888
outer loop
vertex 0.036042 -0.002154 0.005479
vertex 0.030256 -0.009579 0.000410
vertex 0.036025 -0.004798 0.001712
endloop
endfacet
facet normal 0.587241 -0.805670 -0.077748
outer loop
vertex 0.024896 -0.012726 -0.007457
vertex 0.030256 -0.009579 0.000410
vertex 0.024423 -0.013571 -0.002270
endloop
endfacet
facet normal 0.472736 -0.864321 0.171667
outer loop
vertex 0.029096 -0.011457 -0.005852
vertex 0.032218 -0.008955 -0.001854
vertex 0.030256 -0.009579 0.000410
endloop
endfacet
facet normal 0.359252 -0.925736 -0.118118
outer loop
vertex 0.024423 -0.013571 -0.002270
vertex 0.018386 -0.014963 -0.009724
vertex 0.024896 -0.012726 -0.007457
endloop
endfacet
facet normal 0.355009 -0.929227 -0.102492
outer loop
vertex 0.020781 -0.013682 -0.013049
vertex 0.024896 -0.012726 -0.007457
vertex 0.018386 -0.014963 -0.009724
endloop
endfacet
facet normal -0.785727 0.044618 -0.616963
outer loop
vertex -0.014877 0.007851 -0.021959
vertex -0.020608 0.002211 -0.015069
vertex -0.015951 0.009322 -0.020486
endloop
endfacet
facet normal -0.795503 0.061821 -0.602788
outer loop
vertex -0.023253 0.001233 -0.011678
vertex -0.015951 0.009322 -0.020486
vertex -0.020608 0.002211 -0.015069
endloop
endfacet
facet normal -0.264533 -0.501121 -0.823954
outer loop
vertex -0.024228 0.008242 -0.015628
vertex -0.017854 0.011133 -0.019433
vertex -0.023253 0.001233 -0.011678
endloop
endfacet
facet normal -0.454896 -0.530440 -0.715335
outer loop
vertex -0.023253 0.001233 -0.011678
vertex -0.026496 -0.012961 0.000909
vertex -0.028184 -0.005956 -0.003212
endloop
endfacet
facet normal -0.108902 -0.623781 -0.773975
outer loop
vertex -0.028184 -0.005956 -0.003212
vertex -0.028916 -0.021148 0.009135
vertex -0.031743 -0.007481 -0.001482
endloop
endfacet
facet normal -0.631803 -0.234187 -0.738906
outer loop
vertex -0.015951 0.009322 -0.020486
vertex -0.023253 0.001233 -0.011678
vertex -0.017854 0.011133 -0.019433
endloop
endfacet
facet normal -0.315807 -0.422054 -0.849786
outer loop
vertex -0.024228 0.008242 -0.015628
vertex -0.020143 0.012705 -0.019363
vertex -0.017854 0.011133 -0.019433
endloop
endfacet
facet normal -0.526509 -0.471800 -0.707244
outer loop
vertex -0.024228 0.008242 -0.015628
vertex -0.023253 0.001233 -0.011678
vertex -0.028184 -0.005956 -0.003212
endloop
endfacet
facet normal -0.096395 -0.639863 -0.762420
outer loop
vertex -0.024228 0.008242 -0.015628
vertex -0.028184 -0.005956 -0.003212
vertex -0.031743 -0.007481 -0.001482
endloop
endfacet
facet normal -0.522842 -0.522300 -0.673676
outer loop
vertex -0.028916 -0.021148 0.009135
vertex -0.028184 -0.005956 -0.003212
vertex -0.026496 -0.012961 0.000909
endloop
endfacet
facet normal -0.280907 -0.637642 -0.717289
outer loop
vertex -0.025537 -0.021491 0.008116
vertex -0.028916 -0.021148 0.009135
vertex -0.026496 -0.012961 0.000909
endloop
endfacet
facet normal 0.207071 -0.573122 -0.792876
outer loop
vertex -0.031269 -0.021432 0.008726
vertex -0.031743 -0.007481 -0.001482
vertex -0.028916 -0.021148 0.009135
endloop
endfacet
facet normal -0.374667 0.505388 -0.777308
outer loop
vertex -0.013614 0.012034 -0.019849
vertex -0.014877 0.007851 -0.021959
vertex -0.015951 0.009322 -0.020486
endloop
endfacet
facet normal -0.166345 0.359000 -0.918394
outer loop
vertex -0.013614 0.012034 -0.019849
vertex -0.015951 0.009322 -0.020486
vertex -0.017854 0.011133 -0.019433
endloop
endfacet
facet normal 0.307386 0.484098 -0.819246
outer loop
vertex -0.020143 0.012705 -0.019363
vertex -0.016624 0.013471 -0.017590
vertex -0.017854 0.011133 -0.019433
endloop
endfacet
facet normal -0.019064 0.831926 -0.554559
outer loop
vertex -0.016624 0.013471 -0.017590
vertex -0.013951 0.014740 -0.015777
vertex -0.013614 0.012034 -0.019849
endloop
endfacet
facet normal -0.212293 0.671442 -0.709998
outer loop
vertex -0.017854 0.011133 -0.019433
vertex -0.016624 0.013471 -0.017590
vertex -0.013614 0.012034 -0.019849
endloop
endfacet
facet normal -0.279192 0.929867 -0.239581
outer loop
vertex -0.013951 0.014740 -0.015777
vertex -0.016624 0.013471 -0.017590
vertex -0.018380 0.014972 -0.009716
endloop
endfacet
facet normal -0.190498 0.955624 -0.224707
outer loop
vertex -0.018380 0.014972 -0.009716
vertex -0.016624 0.013471 -0.017590
vertex -0.020432 0.013711 -0.013341
endloop
endfacet
facet normal -0.703043 -0.650649 0.287032
outer loop
vertex -0.031909 -0.021565 0.010612
vertex -0.033420 -0.018046 0.014887
vertex -0.034222 -0.018796 0.011223
endloop
endfacet
facet normal -0.794108 -0.602295 0.081441
outer loop
vertex -0.033420 -0.018046 0.014887
vertex -0.030987 -0.021230 0.015062
vertex -0.035852 -0.014463 0.017673
endloop
endfacet
facet normal -0.872866 -0.454662 -0.177167
outer loop
vertex -0.035627 -0.013443 0.013946
vertex -0.033420 -0.018046 0.014887
vertex -0.035852 -0.014463 0.017673
endloop
endfacet
facet normal -0.888511 -0.370739 0.270372
outer loop
vertex -0.035627 -0.013443 0.013946
vertex -0.034222 -0.018796 0.011223
vertex -0.033420 -0.018046 0.014887
endloop
endfacet
facet normal -0.731165 -0.451895 0.511067
outer loop
vertex -0.036737 -0.015220 0.010786
vertex -0.034222 -0.018796 0.011223
vertex -0.035627 -0.013443 0.013946
endloop
endfacet
facet normal -0.994554 0.100193 -0.028704
outer loop
vertex -0.036907 -0.006793 0.015355
vertex -0.036352 -0.001884 0.013256
vertex -0.037003 -0.008598 0.012397
endloop
endfacet
facet normal -0.938738 0.339192 0.060986
outer loop
vertex -0.036352 -0.001884 0.013256
vertex -0.035477 0.001316 0.008924
vertex -0.037709 -0.004917 0.009227
endloop
endfacet
facet normal -0.835616 0.320944 0.445804
outer loop
vertex -0.037709 -0.004917 0.009227
vertex -0.035477 0.001316 0.008924
vertex -0.037248 0.000168 0.006430
endloop
endfacet
facet normal -0.871186 0.373337 -0.318832
outer loop
vertex -0.030672 0.009269 0.005108
vertex -0.035477 0.001316 0.008924
vertex -0.034401 0.005000 0.010297
endloop
endfacet
facet normal -0.711234 0.696979 -0.091466
outer loop
vertex -0.032549 0.006989 0.002328
vertex -0.030672 0.009269 0.005108
vertex -0.027756 0.011154 -0.003201
endloop
endfacet
facet normal -0.804985 0.590322 0.059332
outer loop
vertex -0.032549 0.006989 0.002328
vertex -0.037248 0.000168 0.006430
vertex -0.030672 0.009269 0.005108
endloop
endfacet
facet normal -0.315404 0.868989 0.381284
outer loop
vertex -0.032549 0.006989 0.002328
vertex -0.027756 0.011154 -0.003201
vertex -0.032291 0.008779 -0.001539
endloop
endfacet
facet normal -0.980466 -0.166504 -0.104709
outer loop
vertex -0.035852 -0.014463 0.017673
vertex -0.036907 -0.006793 0.015355
vertex -0.035627 -0.013443 0.013946
endloop
endfacet
facet normal -0.961316 -0.220087 0.165628
outer loop
vertex -0.035627 -0.013443 0.013946
vertex -0.036907 -0.006793 0.015355
vertex -0.037003 -0.008598 0.012397
endloop
endfacet
facet normal -0.909543 -0.132386 0.393961
outer loop
vertex -0.035627 -0.013443 0.013946
vertex -0.037003 -0.008598 0.012397
vertex -0.036737 -0.015220 0.010786
endloop
endfacet
facet normal -0.788405 -0.175132 0.589700
outer loop
vertex -0.036737 -0.015220 0.010786
vertex -0.037003 -0.008598 0.012397
vertex -0.038229 -0.011293 0.009959
endloop
endfacet
facet normal -0.960861 0.276835 0.010456
outer loop
vertex -0.035477 0.001316 0.008924
vertex -0.036352 -0.001884 0.013256
vertex -0.034401 0.005000 0.010297
endloop
endfacet
facet normal -0.958331 0.057227 0.279869
outer loop
vertex -0.037709 -0.004917 0.009227
vertex -0.037003 -0.008598 0.012397
vertex -0.036352 -0.001884 0.013256
endloop
endfacet
facet normal -0.932824 0.115148 0.341438
outer loop
vertex -0.037709 -0.004917 0.009227
vertex -0.038229 -0.011293 0.009959
vertex -0.037003 -0.008598 0.012397
endloop
endfacet
facet normal -0.761483 0.589437 0.269645
outer loop
vertex -0.035477 0.001316 0.008924
vertex -0.030672 0.009269 0.005108
vertex -0.037248 0.000168 0.006430
endloop
endfacet
facet normal -0.583233 0.812047 -0.020443
outer loop
vertex -0.024423 0.013571 -0.002270
vertex -0.027756 0.011154 -0.003201
vertex -0.030672 0.009269 0.005108
endloop
endfacet
facet normal -0.570198 0.817482 -0.081228
outer loop
vertex -0.024896 0.012726 -0.007457
vertex -0.027756 0.011154 -0.003201
vertex -0.024423 0.013571 -0.002270
endloop
endfacet
facet normal -0.359904 0.925495 -0.118019
outer loop
vertex -0.024423 0.013571 -0.002270
vertex -0.018380 0.014972 -0.009716
vertex -0.024896 0.012726 -0.007457
endloop
endfacet
facet normal -0.359970 0.925438 -0.118265
outer loop
vertex -0.020432 0.013711 -0.013341
vertex -0.024896 0.012726 -0.007457
vertex -0.018380 0.014972 -0.009716
endloop
endfacet
facet normal -0.868996 0.301692 -0.392209
outer loop
vertex -0.021236 0.028897 0.009239
vertex -0.023390 0.027455 0.012902
vertex -0.021712 0.030491 0.011520
endloop
endfacet
facet normal -0.680988 0.731711 -0.029222
outer loop
vertex -0.018843 0.033285 0.016900
vertex -0.018090 0.033821 0.012782
vertex -0.022519 0.029793 0.015124
endloop
endfacet
facet normal -0.550417 0.779294 0.299570
outer loop
vertex -0.022519 0.029793 0.015124
vertex -0.018090 0.033821 0.012782
vertex -0.020371 0.032749 0.011380
endloop
endfacet
facet normal -0.876639 0.210936 -0.432447
outer loop
vertex -0.021236 0.028897 0.009239
vertex -0.021491 0.025537 0.008116
vertex -0.023390 0.027455 0.012902
endloop
endfacet
facet normal -0.890642 0.440154 -0.114112
outer loop
vertex -0.021712 0.030491 0.011520
vertex -0.023390 0.027455 0.012902
vertex -0.022519 0.029793 0.015124
endloop
endfacet
facet normal -0.984485 -0.136680 -0.110037
outer loop
vertex -0.021712 0.030491 0.011520
vertex -0.021512 0.031241 0.008799
vertex -0.021236 0.028897 0.009239
endloop
endfacet
facet normal -0.858492 0.504039 -0.094530
outer loop
vertex -0.020371 0.032749 0.011380
vertex -0.021712 0.030491 0.011520
vertex -0.022519 0.029793 0.015124
endloop
endfacet
facet normal 0.938782 0.260201 -0.225797
outer loop
vertex 0.014740 0.013951 -0.015777
vertex 0.013508 0.016879 -0.017527
vertex 0.014968 0.018372 -0.009734
endloop
endfacet
facet normal 0.948814 0.225587 -0.221049
outer loop
vertex 0.014968 0.018372 -0.009734
vertex 0.013508 0.016879 -0.017527
vertex 0.013616 0.021536 -0.012310
endloop
endfacet
facet normal -0.386180 0.921103 0.049344
outer loop
vertex -0.013702 0.035616 0.013625
vertex -0.018090 0.033821 0.012782
vertex -0.018843 0.033285 0.016900
endloop
endfacet
facet normal -0.451817 0.888811 -0.076661
outer loop
vertex -0.013702 0.035616 0.013625
vertex -0.018843 0.033285 0.016900
vertex -0.013308 0.036156 0.017562
endloop
endfacet
facet normal -0.557578 0.765100 0.322070
outer loop
vertex -0.015264 0.036721 0.010787
vertex -0.020371 0.032749 0.011380
vertex -0.018090 0.033821 0.012782
endloop
endfacet
facet normal -0.407221 0.752797 0.517173
outer loop
vertex -0.015264 0.036721 0.010787
vertex -0.018090 0.033821 0.012782
vertex -0.013702 0.035616 0.013625
endloop
endfacet
facet normal 0.099551 0.994493 -0.032774
outer loop
vertex -0.006749 0.036908 0.015356
vertex -0.001884 0.036352 0.013256
vertex -0.008595 0.036996 0.012428
endloop
endfacet
facet normal 0.339192 0.938738 0.060986
outer loop
vertex -0.001884 0.036352 0.013256
vertex 0.001316 0.035477 0.008924
vertex -0.004917 0.037709 0.009227
endloop
endfacet
facet normal 0.320944 0.835615 0.445805
outer loop
vertex -0.004917 0.037709 0.009227
vertex 0.001316 0.035477 0.008924
vertex 0.000168 0.037248 0.006430
endloop
endfacet
facet normal 0.373336 0.871186 -0.318833
outer loop
vertex 0.009269 0.030672 0.005108
vertex 0.001316 0.035477 0.008924
vertex 0.005000 0.034401 0.010297
endloop
endfacet
facet normal 0.696391 0.711932 -0.090513
outer loop
vertex 0.006989 0.032549 0.002328
vertex 0.009269 0.030672 0.005108
vertex 0.011109 0.027825 -0.003126
endloop
endfacet
facet normal 0.590321 0.804985 0.059331
outer loop
vertex 0.006989 0.032549 0.002328
vertex 0.000168 0.037248 0.006430
vertex 0.009269 0.030672 0.005108
endloop
endfacet
facet normal 0.868363 0.319735 0.379098
outer loop
vertex 0.006989 0.032549 0.002328
vertex 0.011109 0.027825 -0.003126
vertex 0.008691 0.032361 -0.001412
endloop
endfacet
facet normal -0.152591 0.981069 -0.119249
outer loop
vertex -0.013308 0.036156 0.017562
vertex -0.006749 0.036908 0.015356
vertex -0.013702 0.035616 0.013625
endloop
endfacet
facet normal -0.220328 0.960876 0.167849
outer loop
vertex -0.013702 0.035616 0.013625
vertex -0.006749 0.036908 0.015356
vertex -0.008595 0.036996 0.012428
endloop
endfacet
facet normal -0.141665 0.893638 0.425844
outer loop
vertex -0.013702 0.035616 0.013625
vertex -0.008595 0.036996 0.012428
vertex -0.015264 0.036721 0.010787
endloop
endfacet
facet normal -0.177196 0.789413 0.587731
outer loop
vertex -0.015264 0.036721 0.010787
vertex -0.008595 0.036996 0.012428
vertex -0.011293 0.038229 0.009959
endloop
endfacet
facet normal 0.276836 0.960860 0.010457
outer loop
vertex 0.001316 0.035477 0.008924
vertex -0.001884 0.036352 0.013256
vertex 0.005000 0.034401 0.010297
endloop
endfacet
facet normal 0.057524 0.958375 0.279657
outer loop
vertex -0.004917 0.037709 0.009227
vertex -0.008595 0.036996 0.012428
vertex -0.001884 0.036352 0.013256
endloop
endfacet
facet normal 0.115042 0.933300 0.340170
outer loop
vertex -0.004917 0.037709 0.009227
vertex -0.011293 0.038229 0.009959
vertex -0.008595 0.036996 0.012428
endloop
endfacet
facet normal 0.589437 0.761482 0.269647
outer loop
vertex 0.001316 0.035477 0.008924
vertex 0.009269 0.030672 0.005108
vertex 0.000168 0.037248 0.006430
endloop
endfacet
facet normal 0.812307 0.582887 -0.019999
outer loop
vertex 0.013571 0.024423 -0.002270
vertex 0.011109 0.027825 -0.003126
vertex 0.009269 0.030672 0.005108
endloop
endfacet
facet normal 0.816999 0.570910 -0.081085
outer loop
vertex 0.012726 0.024896 -0.007457
vertex 0.011109 0.027825 -0.003126
vertex 0.013571 0.024423 -0.002270
endloop
endfacet
facet normal 0.925694 0.359364 -0.118101
outer loop
vertex 0.013571 0.024423 -0.002270
vertex 0.014968 0.018372 -0.009734
vertex 0.012726 0.024896 -0.007457
endloop
endfacet
facet normal 0.936087 0.345248 -0.067419
outer loop
vertex 0.013616 0.021536 -0.012310
vertex 0.012726 0.024896 -0.007457
vertex 0.014968 0.018372 -0.009734
endloop
endfacet
facet normal 0.421205 -0.548420 -0.722372
outer loop
vertex 0.013508 0.016879 -0.017527
vertex 0.011224 0.017593 -0.019401
vertex 0.013118 0.018346 -0.018867
endloop
endfacet
facet normal 0.508922 0.369836 -0.777315
outer loop
vertex 0.012056 0.013653 -0.019789
vertex 0.007851 0.014877 -0.021959
vertex 0.009322 0.015951 -0.020486
endloop
endfacet
facet normal 0.374232 0.168802 -0.911842
outer loop
vertex 0.012056 0.013653 -0.019789
vertex 0.009322 0.015951 -0.020486
vertex 0.011224 0.017593 -0.019401
endloop
endfacet
facet normal 0.830382 0.016702 -0.556944
outer loop
vertex 0.013508 0.016879 -0.017527
vertex 0.014740 0.013951 -0.015777
vertex 0.012056 0.013653 -0.019789
endloop
endfacet
facet normal 0.658547 0.210149 -0.722602
outer loop
vertex 0.011224 0.017593 -0.019401
vertex 0.013508 0.016879 -0.017527
vertex 0.012056 0.013653 -0.019789
endloop
endfacet
facet normal 0.296886 -0.072625 -0.952147
outer loop
vertex 0.011224 0.017593 -0.019401
vertex 0.012425 0.020804 -0.019271
vertex 0.013118 0.018346 -0.018867
endloop
endfacet
facet normal 0.038259 0.789099 -0.613074
outer loop
vertex 0.007851 0.014877 -0.021959
vertex 0.002331 0.021785 -0.013413
vertex 0.009322 0.015951 -0.020486
endloop
endfacet
facet normal -0.522635 0.519402 -0.676073
outer loop
vertex -0.004551 0.024696 -0.006977
vertex -0.012940 0.026491 0.000887
vertex -0.005956 0.028184 -0.003212
endloop
endfacet
facet normal -0.085795 0.616465 -0.782694
outer loop
vertex 0.005633 0.023878 -0.013838
vertex 0.011224 0.017593 -0.019401
vertex 0.009322 0.015951 -0.020486
endloop
endfacet
facet normal -0.400328 0.472294 -0.785287
outer loop
vertex 0.009322 0.015951 -0.020486
vertex 0.002331 0.021785 -0.013413
vertex 0.005633 0.023878 -0.013838
endloop
endfacet
facet normal -0.402711 0.591749 -0.698324
outer loop
vertex -0.005956 0.028184 -0.003212
vertex 0.002331 0.021785 -0.013413
vertex -0.004551 0.024696 -0.006977
endloop
endfacet
facet normal -0.540219 0.234716 -0.808128
outer loop
vertex 0.012425 0.020804 -0.019271
vertex 0.011224 0.017593 -0.019401
vertex 0.005633 0.023878 -0.013838
endloop
endfacet
facet normal -0.441660 0.553591 -0.706026
outer loop
vertex 0.005633 0.023878 -0.013838
vertex 0.002331 0.021785 -0.013413
vertex -0.005956 0.028184 -0.003212
endloop
endfacet
facet normal -0.655599 0.086595 -0.750127
outer loop
vertex 0.005633 0.023878 -0.013838
vertex -0.005956 0.028184 -0.003212
vertex -0.007012 0.031961 -0.001853
endloop
endfacet
facet normal -0.326981 0.586804 -0.740772
outer loop
vertex 0.005633 0.023878 -0.013838
vertex -0.007012 0.031961 -0.001853
vertex 0.012425 0.020804 -0.019271
endloop
endfacet
facet normal -0.521299 0.528470 -0.670050
outer loop
vertex -0.021236 0.028897 0.009239
vertex -0.005956 0.028184 -0.003212
vertex -0.012940 0.026491 0.000887
endloop
endfacet
facet normal -0.636934 0.287239 -0.715408
outer loop
vertex -0.021491 0.025537 0.008116
vertex -0.021236 0.028897 0.009239
vertex -0.012940 0.026491 0.000887
endloop
endfacet
facet normal -0.625385 0.103423 -0.773432
outer loop
vertex -0.005956 0.028184 -0.003212
vertex -0.021236 0.028897 0.009239
vertex -0.007012 0.031961 -0.001853
endloop
endfacet
facet normal -0.571066 -0.215941 -0.791993
outer loop
vertex -0.021512 0.031241 0.008799
vertex -0.007012 0.031961 -0.001853
vertex -0.021236 0.028897 0.009239
endloop
endfacet
facet normal -0.039727 0.899892 -0.434299
outer loop
vertex 0.005819 0.042359 0.024999
vertex -0.001884 0.036352 0.013256
vertex -0.009260 0.041693 0.024999
endloop
endfacet
facet normal -0.835710 0.254926 -0.486417
outer loop
vertex -0.020608 0.002211 -0.015069
vertex -0.014877 0.007851 -0.021959
vertex -0.015015 0.001595 -0.025001
endloop
endfacet
facet normal -0.793098 0.280391 -0.540718
outer loop
vertex -0.015015 0.001595 -0.025001
vertex -0.014877 0.007851 -0.021959
vertex -0.012584 0.008473 -0.025000
endloop
endfacet
facet normal -0.099162 0.880818 -0.462955
outer loop
vertex -0.001884 0.036352 0.013256
vertex -0.006749 0.036908 0.015356
vertex -0.009260 0.041693 0.024999
endloop
endfacet
facet normal -0.258272 0.836899 -0.482593
outer loop
vertex -0.006749 0.036908 0.015356
vertex -0.013308 0.036156 0.017562
vertex -0.009260 0.041693 0.024999
endloop
endfacet
facet normal -0.347831 0.832745 -0.430753
outer loop
vertex -0.009260 0.041693 0.024999
vertex -0.013308 0.036156 0.017562
vertex -0.022933 0.035982 0.024999
endloop
endfacet
facet normal -0.366420 0.811437 -0.455309
outer loop
vertex -0.013308 0.036156 0.017562
vertex -0.018843 0.033285 0.016900
vertex -0.022933 0.035982 0.024999
endloop
endfacet
facet normal -0.750262 0.464172 -0.470798
outer loop
vertex -0.014877 0.007851 -0.021959
vertex -0.013614 0.012034 -0.019849
vertex -0.012584 0.008473 -0.025000
endloop
endfacet
facet normal -0.468947 0.739395 -0.483098
outer loop
vertex -0.018843 0.033285 0.016900
vertex -0.022519 0.029793 0.015124
vertex -0.022933 0.035982 0.024999
endloop
endfacet
facet normal -0.877564 0.043519 -0.477481
outer loop
vertex -0.036352 -0.001884 0.013256
vertex -0.042359 0.005819 0.024999
vertex -0.034401 0.005000 0.010297
endloop
endfacet
facet normal -0.632025 0.644429 -0.430414
outer loop
vertex -0.022519 0.029793 0.015124
vertex -0.023390 0.027455 0.012902
vertex -0.022933 0.035982 0.024999
endloop
endfacet
facet normal -0.839837 0.271994 -0.469781
outer loop
vertex -0.042359 0.005819 0.024999
vertex -0.037936 0.019477 0.025000
vertex -0.034401 0.005000 0.010297
endloop
endfacet
facet normal -0.870096 0.230146 -0.435851
outer loop
vertex -0.034401 0.005000 0.010297
vertex -0.037936 0.019477 0.025000
vertex -0.030672 0.009269 0.005108
endloop
endfacet
facet normal -0.805295 0.353874 -0.475682
outer loop
vertex -0.030672 0.009269 0.005108
vertex -0.037936 0.019477 0.025000
vertex -0.024423 0.013571 -0.002270
endloop
endfacet
facet normal -0.109879 0.861251 -0.496159
outer loop
vertex 0.001595 0.015015 -0.025000
vertex -0.006137 0.014023 -0.025010
vertex 0.002331 0.021785 -0.013413
endloop
endfacet
facet normal -0.103620 0.859904 -0.499828
outer loop
vertex 0.002331 0.021785 -0.013413
vertex -0.006137 0.014023 -0.025010
vertex -0.004551 0.024696 -0.006977
endloop
endfacet
facet normal -0.264509 0.839938 -0.473856
outer loop
vertex -0.004551 0.024696 -0.006977
vertex -0.006137 0.014023 -0.025010
vertex -0.012940 0.026491 0.000887
endloop
endfacet
facet normal -0.486830 0.730177 -0.479415
outer loop
vertex -0.012940 0.026491 0.000887
vertex -0.006137 0.014023 -0.025010
vertex -0.021491 0.025537 0.008116
endloop
endfacet
facet normal -0.725409 0.504141 -0.468641
outer loop
vertex -0.037936 0.019477 0.025000
vertex -0.031766 0.028356 0.025000
vertex -0.024423 0.013571 -0.002270
endloop
endfacet
facet normal -0.706571 0.524759 -0.474747
outer loop
vertex -0.024423 0.013571 -0.002270
vertex -0.031766 0.028356 0.025000
vertex -0.018380 0.014972 -0.009716
endloop
endfacet
facet normal -0.582488 0.674556 -0.453521
outer loop
vertex -0.022933 0.035982 0.024999
vertex -0.023390 0.027455 0.012902
vertex -0.031766 0.028356 0.025000
endloop
endfacet
facet normal -0.546534 0.633814 -0.547340
outer loop
vertex -0.012584 0.008473 -0.025000
vertex -0.013614 0.012034 -0.019849
vertex -0.006137 0.014023 -0.025010
endloop
endfacet
facet normal -0.645881 0.584832 -0.490723
outer loop
vertex -0.023390 0.027455 0.012902
vertex -0.021491 0.025537 0.008116
vertex -0.031766 0.028356 0.025000
endloop
endfacet
facet normal -0.527898 0.686493 -0.500052
outer loop
vertex -0.013614 0.012034 -0.019849
vertex -0.013951 0.014740 -0.015777
vertex -0.006137 0.014023 -0.025010
endloop
endfacet
facet normal -0.504685 0.715761 -0.482679
outer loop
vertex -0.006137 0.014023 -0.025010
vertex -0.013951 0.014740 -0.015777
vertex -0.021491 0.025537 0.008116
endloop
endfacet
facet normal -0.620279 0.622620 -0.477072
outer loop
vertex -0.013951 0.014740 -0.015777
vertex -0.018380 0.014972 -0.009716
vertex -0.021491 0.025537 0.008116
endloop
endfacet
facet normal -0.614533 0.627056 -0.478697
outer loop
vertex -0.018380 0.014972 -0.009716
vertex -0.031766 0.028356 0.025000
vertex -0.021491 0.025537 0.008116
endloop
endfacet
facet normal 0.039733 -0.899892 -0.434299
outer loop
vertex -0.005819 -0.042360 0.025000
vertex 0.001884 -0.036352 0.013256
vertex 0.009260 -0.041693 0.024998
endloop
endfacet
facet normal 0.835709 -0.254926 -0.486418
outer loop
vertex 0.020608 -0.002211 -0.015069
vertex 0.014877 -0.007851 -0.021959
vertex 0.015015 -0.001595 -0.025001
endloop
endfacet
facet normal 0.793103 -0.280384 -0.540715
outer loop
vertex 0.015015 -0.001595 -0.025001
vertex 0.014877 -0.007851 -0.021959
vertex 0.012584 -0.008473 -0.025001
endloop
endfacet
facet normal 0.097393 -0.881449 -0.462129
outer loop
vertex 0.001884 -0.036352 0.013256
vertex 0.006728 -0.036902 0.015327
vertex 0.009260 -0.041693 0.024998
endloop
endfacet
facet normal 0.258783 -0.836900 -0.482316
outer loop
vertex 0.006728 -0.036902 0.015327
vertex 0.013308 -0.036156 0.017562
vertex 0.009260 -0.041693 0.024998
endloop
endfacet
facet normal 0.347834 -0.832747 -0.430749
outer loop
vertex 0.009260 -0.041693 0.024998
vertex 0.013308 -0.036156 0.017562
vertex 0.022933 -0.035982 0.024999
endloop
endfacet
facet normal 0.366421 -0.811438 -0.455306
outer loop
vertex 0.013308 -0.036156 0.017562
vertex 0.018843 -0.033285 0.016900
vertex 0.022933 -0.035982 0.024999
endloop
endfacet
facet normal 0.750261 -0.464173 -0.470799
outer loop
vertex 0.014877 -0.007851 -0.021959
vertex 0.013614 -0.012034 -0.019849
vertex 0.012584 -0.008473 -0.025001
endloop
endfacet
facet normal 0.468947 -0.739396 -0.483098
outer loop
vertex 0.018843 -0.033285 0.016900
vertex 0.022519 -0.029793 0.015124
vertex 0.022933 -0.035982 0.024999
endloop
endfacet
facet normal 0.877564 -0.043521 -0.477480
outer loop
vertex 0.036352 0.001884 0.013256
vertex 0.042359 -0.005819 0.024999
vertex 0.034401 -0.005000 0.010297
endloop
endfacet
facet normal 0.632024 -0.644430 -0.430412
outer loop
vertex 0.022519 -0.029793 0.015124
vertex 0.023390 -0.027455 0.012902
vertex 0.022933 -0.035982 0.024999
endloop
endfacet
facet normal 0.839838 -0.271990 -0.469780
outer loop
vertex 0.042359 -0.005819 0.024999
vertex 0.037936 -0.019477 0.025000
vertex 0.034401 -0.005000 0.010297
endloop
endfacet
facet normal 0.869758 -0.230644 -0.436262
outer loop
vertex 0.034401 -0.005000 0.010297
vertex 0.037936 -0.019477 0.025000
vertex 0.030674 -0.009281 0.005130
endloop
endfacet
facet normal 0.805610 -0.353155 -0.475683
outer loop
vertex 0.030674 -0.009281 0.005130
vertex 0.037936 -0.019477 0.025000
vertex 0.024423 -0.013571 -0.002270
endloop
endfacet
facet normal 0.110875 -0.868901 -0.482408
outer loop
vertex -0.001595 -0.015015 -0.025001
vertex 0.006137 -0.014022 -0.025013
vertex -0.002211 -0.020608 -0.015069
endloop
endfacet
facet normal -0.083279 -0.797217 -0.597921
outer loop
vertex -0.002211 -0.020608 -0.015069
vertex 0.006137 -0.014022 -0.025013
vertex -0.001233 -0.023254 -0.011678
endloop
endfacet
facet normal 0.221051 -0.854769 -0.469582
outer loop
vertex -0.001233 -0.023254 -0.011678
vertex 0.006137 -0.014022 -0.025013
vertex 0.012940 -0.026491 0.000887
endloop
endfacet
facet normal 0.486831 -0.730175 -0.479417
outer loop
vertex 0.012940 -0.026491 0.000887
vertex 0.006137 -0.014022 -0.025013
vertex 0.021491 -0.025537 0.008116
endloop
endfacet
facet normal 0.725410 -0.504139 -0.468640
outer loop
vertex 0.037936 -0.019477 0.025000
vertex 0.031766 -0.028356 0.025000
vertex 0.024423 -0.013571 -0.002270
endloop
endfacet
facet normal 0.706905 -0.524403 -0.474644
outer loop
vertex 0.024423 -0.013571 -0.002270
vertex 0.031766 -0.028356 0.025000
vertex 0.018386 -0.014963 -0.009724
endloop
endfacet
facet normal 0.582489 -0.674556 -0.453521
outer loop
vertex 0.022933 -0.035982 0.024999
vertex 0.023390 -0.027455 0.012902
vertex 0.031766 -0.028356 0.025000
endloop
endfacet
facet normal 0.546551 -0.633805 -0.547333
outer loop
vertex 0.012584 -0.008473 -0.025001
vertex 0.013614 -0.012034 -0.019849
vertex 0.006137 -0.014022 -0.025013
endloop
endfacet
facet normal 0.645879 -0.584833 -0.490724
outer loop
vertex 0.023390 -0.027455 0.012902
vertex 0.021491 -0.025537 0.008116
vertex 0.031766 -0.028356 0.025000
endloop
endfacet
facet normal 0.527900 -0.686492 -0.500051
outer loop
vertex 0.013614 -0.012034 -0.019849
vertex 0.013951 -0.014740 -0.015777
vertex 0.006137 -0.014022 -0.025013
endloop
endfacet
facet normal 0.504678 -0.715766 -0.482680
outer loop
vertex 0.006137 -0.014022 -0.025013
vertex 0.013951 -0.014740 -0.015777
vertex 0.021491 -0.025537 0.008116
endloop
endfacet
facet normal 0.619877 -0.622991 -0.477112
outer loop
vertex 0.013951 -0.014740 -0.015777
vertex 0.018386 -0.014963 -0.009724
vertex 0.021491 -0.025537 0.008116
endloop
endfacet
facet normal 0.614425 -0.627193 -0.478654
outer loop
vertex 0.018386 -0.014963 -0.009724
vertex 0.031766 -0.028356 0.025000
vertex 0.021491 -0.025537 0.008116
endloop
endfacet
facet normal -0.899893 -0.039732 -0.434297
outer loop
vertex -0.042359 0.005819 0.024999
vertex -0.036352 -0.001884 0.013256
vertex -0.041693 -0.009260 0.024998
endloop
endfacet
facet normal -0.254926 -0.835710 -0.486417
outer loop
vertex -0.002211 -0.020608 -0.015069
vertex -0.007851 -0.014877 -0.021959
vertex -0.001595 -0.015015 -0.025001
endloop
endfacet
facet normal -0.280389 -0.793103 -0.540713
outer loop
vertex -0.001595 -0.015015 -0.025001
vertex -0.007851 -0.014877 -0.021959
vertex -0.008473 -0.012584 -0.025001
endloop
endfacet
facet normal -0.881215 -0.098051 -0.462434
outer loop
vertex -0.036352 -0.001884 0.013256
vertex -0.036907 -0.006793 0.015355
vertex -0.041693 -0.009260 0.024998
endloop
endfacet
facet normal -0.836562 -0.260694 -0.481875
outer loop
vertex -0.036907 -0.006793 0.015355
vertex -0.035852 -0.014463 0.017673
vertex -0.041693 -0.009260 0.024998
endloop
endfacet
facet normal -0.837663 -0.349892 -0.419400
outer loop
vertex -0.041693 -0.009260 0.024998
vertex -0.035852 -0.014463 0.017673
vertex -0.035982 -0.022933 0.024999
endloop
endfacet
facet normal -0.464173 -0.750260 -0.470801
outer loop
vertex -0.007851 -0.014877 -0.021959
vertex -0.012034 -0.013614 -0.019849
vertex -0.008473 -0.012584 -0.025001
endloop
endfacet
facet normal -0.793773 -0.390867 -0.465992
outer loop
vertex -0.035852 -0.014463 0.017673
vertex -0.030987 -0.021230 0.015062
vertex -0.035982 -0.022933 0.024999
endloop
endfacet
facet normal -0.043520 -0.877564 -0.477480
outer loop
vertex 0.001884 -0.036352 0.013256
vertex -0.005819 -0.042360 0.025000
vertex -0.005000 -0.034401 0.010297
endloop
endfacet
facet normal -0.645644 -0.629412 -0.432418
outer loop
vertex -0.030987 -0.021230 0.015062
vertex -0.027689 -0.023781 0.013850
vertex -0.035982 -0.022933 0.024999
endloop
endfacet
facet normal -0.271990 -0.839838 -0.469780
outer loop
vertex -0.005819 -0.042360 0.025000
vertex -0.019477 -0.037936 0.025000
vertex -0.005000 -0.034401 0.010297
endloop
endfacet
facet normal -0.230643 -0.869758 -0.436263
outer loop
vertex -0.005000 -0.034401 0.010297
vertex -0.019477 -0.037936 0.025000
vertex -0.009281 -0.030674 0.005130
endloop
endfacet
facet normal -0.353155 -0.805610 -0.475683
outer loop
vertex -0.009281 -0.030674 0.005130
vertex -0.019477 -0.037936 0.025000
vertex -0.013571 -0.024423 -0.002270
endloop
endfacet
facet normal -0.868901 -0.110878 -0.482407
outer loop
vertex -0.015015 0.001595 -0.025001
vertex -0.014022 -0.006137 -0.025013
vertex -0.020608 0.002211 -0.015069
endloop
endfacet
facet normal -0.797211 0.083287 -0.597928
outer loop
vertex -0.020608 0.002211 -0.015069
vertex -0.014022 -0.006137 -0.025013
vertex -0.023253 0.001233 -0.011678
endloop
endfacet
facet normal -0.854775 -0.221115 -0.469540
outer loop
vertex -0.023253 0.001233 -0.011678
vertex -0.014022 -0.006137 -0.025013
vertex -0.026496 -0.012961 0.000909
endloop
endfacet
facet normal -0.729870 -0.487216 -0.479489
outer loop
vertex -0.026496 -0.012961 0.000909
vertex -0.014022 -0.006137 -0.025013
vertex -0.025537 -0.021491 0.008116
endloop
endfacet
facet normal -0.504136 -0.725412 -0.468640
outer loop
vertex -0.019477 -0.037936 0.025000
vertex -0.028356 -0.031766 0.025000
vertex -0.013571 -0.024423 -0.002270
endloop
endfacet
facet normal -0.524402 -0.706905 -0.474644
outer loop
vertex -0.013571 -0.024423 -0.002270
vertex -0.028356 -0.031766 0.025000
vertex -0.014963 -0.018386 -0.009724
endloop
endfacet
facet normal -0.673339 -0.581440 -0.456664
outer loop
vertex -0.035982 -0.022933 0.024999
vertex -0.027689 -0.023781 0.013850
vertex -0.028356 -0.031766 0.025000
endloop
endfacet
facet normal -0.633808 -0.546549 -0.547331
outer loop
vertex -0.008473 -0.012584 -0.025001
vertex -0.012034 -0.013614 -0.019849
vertex -0.014022 -0.006137 -0.025013
endloop
endfacet
facet normal -0.621266 -0.619021 -0.480460
outer loop
vertex -0.027689 -0.023781 0.013850
vertex -0.025537 -0.021491 0.008116
vertex -0.028356 -0.031766 0.025000
endloop
endfacet
facet normal -0.686492 -0.527900 -0.500051
outer loop
vertex -0.012034 -0.013614 -0.019849
vertex -0.014740 -0.013951 -0.015777
vertex -0.014022 -0.006137 -0.025013
endloop
endfacet
facet normal -0.715766 -0.504677 -0.482680
outer loop
vertex -0.014022 -0.006137 -0.025013
vertex -0.014740 -0.013951 -0.015777
vertex -0.025537 -0.021491 0.008116
endloop
endfacet
facet normal -0.622990 -0.619877 -0.477112
outer loop
vertex -0.014740 -0.013951 -0.015777
vertex -0.014963 -0.018386 -0.009724
vertex -0.025537 -0.021491 0.008116
endloop
endfacet
facet normal -0.627194 -0.614425 -0.478654
outer loop
vertex -0.014963 -0.018386 -0.009724
vertex -0.028356 -0.031766 0.025000
vertex -0.025537 -0.021491 0.008116
endloop
endfacet
facet normal 0.899892 0.039727 -0.434299
outer loop
vertex 0.042359 -0.005819 0.024999
vertex 0.036352 0.001884 0.013256
vertex 0.041694 0.009260 0.024999
endloop
endfacet
facet normal 0.260952 0.826229 -0.499249
outer loop
vertex 0.002331 0.021785 -0.013413
vertex 0.007851 0.014877 -0.021959
vertex 0.001595 0.015015 -0.025000
endloop
endfacet
facet normal 0.280377 0.793106 -0.540713
outer loop
vertex 0.001595 0.015015 -0.025000
vertex 0.007851 0.014877 -0.021959
vertex 0.008473 0.012584 -0.025001
endloop
endfacet
facet normal 0.881786 0.096441 -0.461685
outer loop
vertex 0.036352 0.001884 0.013256
vertex 0.036901 0.006774 0.015327
vertex 0.041694 0.009260 0.024999
endloop
endfacet
facet normal 0.836588 0.261083 -0.481617
outer loop
vertex 0.036901 0.006774 0.015327
vertex 0.035852 0.014463 0.017673
vertex 0.041694 0.009260 0.024999
endloop
endfacet
facet normal 0.837663 0.349888 -0.419403
outer loop
vertex 0.041694 0.009260 0.024999
vertex 0.035852 0.014463 0.017673
vertex 0.035982 0.022933 0.024999
endloop
endfacet
facet normal 0.462128 0.750938 -0.471731
outer loop
vertex 0.007851 0.014877 -0.021959
vertex 0.012056 0.013653 -0.019789
vertex 0.008473 0.012584 -0.025001
endloop
endfacet
facet normal 0.793752 0.390882 -0.466014
outer loop
vertex 0.035852 0.014463 0.017673
vertex 0.030988 0.021230 0.015064
vertex 0.035982 0.022933 0.024999
endloop
endfacet
facet normal 0.043520 0.877564 -0.477480
outer loop
vertex -0.001884 0.036352 0.013256
vertex 0.005819 0.042359 0.024999
vertex 0.005000 0.034401 0.010297
endloop
endfacet
facet normal 0.645726 0.629278 -0.432489
outer loop
vertex 0.030988 0.021230 0.015064
vertex 0.027689 0.023781 0.013850
vertex 0.035982 0.022933 0.024999
endloop
endfacet
facet normal 0.271991 0.839838 -0.469780
outer loop
vertex 0.005819 0.042359 0.024999
vertex 0.019477 0.037936 0.025000
vertex 0.005000 0.034401 0.010297
endloop
endfacet
facet normal 0.230144 0.870096 -0.435852
outer loop
vertex 0.005000 0.034401 0.010297
vertex 0.019477 0.037936 0.025000
vertex 0.009269 0.030672 0.005108
endloop
endfacet
facet normal 0.353873 0.805295 -0.475683
outer loop
vertex 0.009269 0.030672 0.005108
vertex 0.019477 0.037936 0.025000
vertex 0.013571 0.024423 -0.002270
endloop
endfacet
facet normal 0.868901 0.110875 -0.482408
outer loop
vertex 0.015015 -0.001595 -0.025001
vertex 0.014022 0.006137 -0.025013
vertex 0.020608 -0.002211 -0.015069
endloop
endfacet
facet normal 0.797213 -0.083287 -0.597925
outer loop
vertex 0.020608 -0.002211 -0.015069
vertex 0.014022 0.006137 -0.025013
vertex 0.023253 -0.001233 -0.011678
endloop
endfacet
facet normal 0.854772 0.221039 -0.469581
outer loop
vertex 0.023253 -0.001233 -0.011678
vertex 0.014022 0.006137 -0.025013
vertex 0.026491 0.012940 0.000887
endloop
endfacet
facet normal 0.730175 0.486831 -0.479417
outer loop
vertex 0.026491 0.012940 0.000887
vertex 0.014022 0.006137 -0.025013
vertex 0.025537 0.021491 0.008117
endloop
endfacet
facet normal 0.504138 0.725410 -0.468640
outer loop
vertex 0.019477 0.037936 0.025000
vertex 0.028356 0.031766 0.025000
vertex 0.013571 0.024423 -0.002270
endloop
endfacet
facet normal 0.524694 0.706632 -0.474729
outer loop
vertex 0.013571 0.024423 -0.002270
vertex 0.028356 0.031766 0.025000
vertex 0.014968 0.018372 -0.009734
endloop
endfacet
facet normal 0.673339 0.581439 -0.456665
outer loop
vertex 0.035982 0.022933 0.024999
vertex 0.027689 0.023781 0.013850
vertex 0.028356 0.031766 0.025000
endloop
endfacet
facet normal 0.633640 0.546406 -0.547668
outer loop
vertex 0.008473 0.012584 -0.025001
vertex 0.012056 0.013653 -0.019789
vertex 0.014022 0.006137 -0.025013
endloop
endfacet
facet normal 0.621266 0.619020 -0.480461
outer loop
vertex 0.027689 0.023781 0.013850
vertex 0.025537 0.021491 0.008117
vertex 0.028356 0.031766 0.025000
endloop
endfacet
facet normal 0.687704 0.526973 -0.499362
outer loop
vertex 0.012056 0.013653 -0.019789
vertex 0.014740 0.013951 -0.015777
vertex 0.014022 0.006137 -0.025013
endloop
endfacet
facet normal 0.715766 0.504677 -0.482680
outer loop
vertex 0.014022 0.006137 -0.025013
vertex 0.014740 0.013951 -0.015777
vertex 0.025537 0.021491 0.008117
endloop
endfacet
facet normal 0.622814 0.620069 -0.477093
outer loop
vertex 0.014740 0.013951 -0.015777
vertex 0.014968 0.018372 -0.009734
vertex 0.025537 0.021491 0.008117
endloop
endfacet
facet normal 0.627134 0.614472 -0.478673
outer loop
vertex 0.014968 0.018372 -0.009734
vertex 0.028356 0.031766 0.025000
vertex 0.025537 0.021491 0.008117
endloop
endfacet
facet normal -0.000014 0.000140 1.000000
outer loop
vertex 0.005819 0.042359 0.024999
vertex -0.009260 0.041693 0.024999
vertex 0.019477 0.037936 0.025000
endloop
endfacet
facet normal -0.000019 0.000100 1.000000
outer loop
vertex -0.009260 0.041693 0.024999
vertex -0.022933 0.035982 0.024999
vertex 0.019477 0.037936 0.025000
endloop
endfacet
facet normal -0.000015 0.000012 1.000000
outer loop
vertex 0.019477 0.037936 0.025000
vertex -0.022933 0.035982 0.024999
vertex 0.028356 0.031766 0.025000
endloop
endfacet
facet normal -0.000007 0.000102 1.000000
outer loop
vertex -0.022933 0.035982 0.024999
vertex -0.031766 0.028356 0.025000
vertex 0.028356 0.031766 0.025000
endloop
endfacet
facet normal -0.000000 -0.000025 1.000000
outer loop
vertex -0.031766 0.028356 0.025000
vertex -0.037936 0.019477 0.025000
vertex 0.028356 0.031766 0.025000
endloop
endfacet
facet normal 0.000007 -0.000066 1.000000
outer loop
vertex -0.037936 0.019477 0.025000
vertex -0.042359 0.005819 0.024999
vertex 0.028356 0.031766 0.025000
endloop
endfacet
facet normal -0.000009 -0.000022 1.000000
outer loop
vertex -0.042359 0.005819 0.024999
vertex -0.041693 -0.009260 0.024998
vertex 0.028356 0.031766 0.025000
endloop
endfacet
facet normal -0.000027 0.000009 1.000000
outer loop
vertex -0.041693 -0.009260 0.024998
vertex -0.035982 -0.022933 0.024999
vertex 0.028356 0.031766 0.025000
endloop
endfacet
facet normal -0.000075 0.000066 1.000000
outer loop
vertex -0.035982 -0.022933 0.024999
vertex -0.028356 -0.031766 0.025000
vertex 0.028356 0.031766 0.025000
endloop
endfacet
facet normal 0.000046 -0.000043 1.000000
outer loop
vertex 0.028356 0.031766 0.025000
vertex -0.028356 -0.031766 0.025000
vertex 0.035982 0.022933 0.024999
endloop
endfacet
facet normal 0.000015 -0.000005 1.000000
outer loop
vertex -0.028356 -0.031766 0.025000
vertex -0.019477 -0.037936 0.025000
vertex 0.035982 0.022933 0.024999
endloop
endfacet
facet normal 0.000021 -0.000011 1.000000
outer loop
vertex 0.035982 0.022933 0.024999
vertex -0.019477 -0.037936 0.025000
vertex 0.041694 0.009260 0.024999
endloop
endfacet
facet normal 0.000008 0.000006 1.000000
outer loop
vertex -0.019477 -0.037936 0.025000
vertex -0.005819 -0.042360 0.025000
vertex 0.041694 0.009260 0.024999
endloop
endfacet
facet normal 0.000027 -0.000011 1.000000
outer loop
vertex 0.041694 0.009260 0.024999
vertex -0.005819 -0.042360 0.025000
vertex 0.042359 -0.005819 0.024999
endloop
endfacet
facet normal -0.000040 0.000076 1.000000
outer loop
vertex 0.042359 -0.005819 0.024999
vertex -0.005819 -0.042360 0.025000
vertex 0.037936 -0.019477 0.025000
endloop
endfacet
facet normal -0.000018 0.000034 1.000000
outer loop
vertex 0.037936 -0.019477 0.025000
vertex -0.005819 -0.042360 0.025000
vertex 0.031766 -0.028356 0.025000
endloop
endfacet
facet normal 0.000086 -0.000244 1.000000
outer loop
vertex 0.031766 -0.028356 0.025000
vertex -0.005819 -0.042360 0.025000
vertex 0.022933 -0.035982 0.024999
endloop
endfacet
facet normal 0.000117 -0.000385 1.000000
outer loop
vertex 0.022933 -0.035982 0.024999
vertex -0.005819 -0.042360 0.025000
vertex 0.009260 -0.041693 0.024998
endloop
endfacet
facet normal -0.002787 0.001136 -0.999995
outer loop
vertex -0.015015 0.001595 -0.025001
vertex -0.012584 0.008473 -0.025000
vertex -0.014022 -0.006137 -0.025013
endloop
endfacet
facet normal 0.002865 0.000580 -0.999996
outer loop
vertex -0.014022 -0.006137 -0.025013
vertex -0.012584 0.008473 -0.025000
vertex -0.008473 -0.012584 -0.025001
endloop
endfacet
facet normal -0.000088 0.000003 -1.000000
outer loop
vertex -0.008473 -0.012584 -0.025001
vertex -0.012584 0.008473 -0.025000
vertex -0.001595 -0.015015 -0.025001
endloop
endfacet
facet normal -0.001434 -0.000626 -0.999999
outer loop
vertex -0.001595 -0.015015 -0.025001
vertex -0.012584 0.008473 -0.025000
vertex 0.006137 -0.014022 -0.025013
endloop
endfacet
facet normal 0.000843 0.001268 -0.999999
outer loop
vertex 0.006137 -0.014022 -0.025013
vertex -0.012584 0.008473 -0.025000
vertex 0.012584 -0.008473 -0.025001
endloop
endfacet
facet normal -0.000702 -0.001024 -0.999999
outer loop
vertex -0.012584 0.008473 -0.025000
vertex -0.006137 0.014023 -0.025010
vertex 0.012584 -0.008473 -0.025001
endloop
endfacet
facet normal 0.000331 -0.000166 -1.000000
outer loop
vertex 0.012584 -0.008473 -0.025001
vertex -0.006137 0.014023 -0.025010
vertex 0.015015 -0.001595 -0.025001
endloop
endfacet
facet normal 0.001167 0.000966 -0.999999
outer loop
vertex -0.006137 0.014023 -0.025010
vertex 0.001595 0.015015 -0.025000
vertex 0.015015 -0.001595 -0.025001
endloop
endfacet
facet normal -0.002348 -0.001873 -0.999995
outer loop
vertex 0.015015 -0.001595 -0.025001
vertex 0.001595 0.015015 -0.025000
vertex 0.014022 0.006137 -0.025013
endloop
endfacet
facet normal 0.000892 0.002664 -0.999996
outer loop
vertex 0.014022 0.006137 -0.025013
vertex 0.001595 0.015015 -0.025000
vertex 0.008473 0.012584 -0.025001
endloop
endfacet
endsolid B4-70-14_14
